0x0001	 [X]
0x0003	broke!
0x0004	is gone.
0x0005	Got 
0x0006	gold.[X]
0x0007	gold was stolen.
0x0008	Got 
0x0009	was pilfered.[X]
0x000A	Stole 
0x000B	was stolen.[X]
0x000C	Support Lv. increased.
0x000D	You can now use 
0x000E	You can now use 
0x000F	Dropped 
0x0010	Sent [X]
0x0011	.[X]
0x0012	The village was destroyed.
0x0013	Strength increased.[X]
0x0014	Magic increased.
0x0015	Skill increased.
0x0016	Speed increased.
0x0017	Luck increased.[X]
0x0018	Defense increased.
0x0019	Resistance increased.[X]
0x001A	Movement increased.[X]
0x001B	Constitution increased.[X]
0x001C	Max HP increased.[X]
0x001D	Maturity increased.[X]
0x001E	Level lost.[X]
0x001F	Level lost.[X]
0x0020	Disabled trap.
0x0021	Recovered mine.[X]
0x0022	.[X]
0x0023	Change
0x0024	Cancel
0x0025	Dummy[X]
0x0026	 Release Entry
0x0027	 Continue Chp.
0x0028	 Manual Cont.[X]
0x0029	 Initialize File
0x002A	 World Map
0x002B	Viwer Map[X]
0x002C	Viewr Face
0x002D	Viewr BG
0x002E	  MODE  Tutorial
0x002F	  MODE  Normal
0x0030	  MODE  Hard
0x0031	  BASE  Capture[X]
0x0032	  BASE  Devil A[X]
0x0033	  BASE  Devil B[X]
0x0034	  BASE  Devil C[X]
0x0035	N/A[X]
0x0036	At
0x0037	Mov[X]
0x0038	Cure
0x0039	Status
0x003A	blanket100
0x003B	blanket80[X]
0x003C	blanket50[X]
0x003D	move off100[X]
0x003E	move off80
0x003F	move off50
0x0040	none
0x0041	Natasha off[X]
0x0042	Lead
0x0043	11b citizen off[X]
0x0044	Lyn[X]
0x0045	Roy[X]
0x0046	gate keeper[X]
0x0047	leader
0x0048	cure
0x0049	cure move off[X]
0x004A	steal[X]
0x004B	door Open[X]
0x004C	Ruthea off
0x004D	Leyvan off
0x004E	Demon King
0x004F	near
0x0050	near Clarine
0x0051	Douglas[X]
0x0052	none
0x0053	loot
0x0054	loot abscise
0x0055	2[X]
0x0056	2 Clarine[X]
0x0057	circuit[X]
0x0058	random
0x0059	to Eirika[X]
0x005A	to Ephraim
0x005B	abscise[X]
0x005C	to bases
0x005D	break wall
0x005E	ignore near[X]
0x005F	area
0x0060	1T loot wait
0x0061	1T near wait
0x0062	bear
0x0063	normal
0x0064	strong
0x0065	very bear[X]
0x0066	vert strong[X]
0x0067	fine
0x0068	poison
0x0069	sleep[X]
0x006A	close[X]
0x006B	angry[X]
0x006C	Dance Attack
0x006D	Dance Defence[X]
0x006E	Dance Skill[X]
0x006F	Dance Avoid[X]
0x0070	sick
0x0071	recover[X]
0x0072	stone[X]
0x0073	shield
0x0074	stone counterattack[X]
0x0075	1/4[X]
0x0076	2/4[X]
0x0077	3/4[X]
0x0078	4/4[X]
0x0079	Pos[X]
0x007A	Total S[X]
0x007B	Total P[X]
0x007C	CP Attack[X]
0x007D	CP Move[X]
0x007E	Counter[X]
0x007F	Trust Level[X]
0x0080	Support[X]
0x0081	CritAvo[X]
0x0082	SRAM info[X]
0x0083	Vct[X]
0x0084	Dft[X]
0x0085	Adv[X]
0x0086	E.D.
0x0087	Pick
0x0088	x[X]
0x0089	Exp[X]
0x008A	Favorite
0x008B	This unit has no SRAM information[X]
0x008C	mastery levels
0x008D	TURN
0x008E	2-CP
0x008F	3-CP
0x0090	Animation[X]
0x0091	Terrain[X]
0x0092	Unit
0x0093	Combat
0x0094	Subtitle Help[X]
0x0095	Autocursor
0x0096	Text Speed
0x0097	Game Speed
0x0098	Music[X]
0x0099	Sound Effects[X]
0x009A	Window Color
0x009B	CPU Level[X]
0x009C	Autoend Turns[X]
0x009D	Unit Color
0x009E	Show Objective
0x009F	Controller
0x00A0	Rank Display
0x00A1	Show animation without backgrounds
0x00A2	Show animation with backgrounds[X]
0x00A3	Turn combat animation off[X]
0x00A4	Set animation for each unit manually
0x00A5	Set unit movement speed[X]
0x00A6	Set unit movement speed (fast)
0x00A7	Set message speed (slow)
0x00A8	Set message speed[X]
0x00A9	Set message speed (fast)
0x00AA	Set message speed (autoscroll)
0x00AB	Turn Terrain window on or off[X]
0x00AC	Show normal unit window[X]
0x00AD	Show unit window with tail
0x00AE	Turn unit window off
0x00AF	Show basic Combat Info window[X]
0x00B0	Show detailed Combat Info window
0x00B1	Turn Combat Info window off[X]
0x00B2	Set Easy/Help Scroll display
0x00B3	Set cursor to start on main hero
0x00B4	Set turn to end automatically[X]
0x00B5	Turn music on or off
0x00B6	Turn sound effects on or off
0x00B7	Change window color[X]
0x00B8	Set enemy AI
0x00B9	Set colors for individual units[X]
0x00BA	Turn Chapter Goal display on or off[X]
0x00BB	Set Control Window display
0x00BC	Rank Display
0x00BD	ON
0x00BE	OFF[X]
0x00BF	1[X]
0x00C0	2[X]
0x00C1	3[X]
0x00C2	4[X]
0x00C3	Slow
0x00C4	Norm
0x00C5	Fast
0x00C6	Max[X]
0x00C7	Solo
0x00C8	Strat[X]
0x00C9	Detail
0x00CA	Panel[X]
0x00CB	Burst[X]
0x00CC	NO DATA[X]
0x0140	Erase[X]
0x0141	Back
0x0142	Cancel
0x0143	Start[X]
0x0144	Copy
0x0145	Save
0x0146	Entry[X]
0x0147	Base
0x0148	LV
0x014C	0[X]
0x014D	1[X]
0x014E	2[X]
0x014F	3[X]
0x0150	4[X]
0x0151	5[X]
0x0152	6[X]
0x0153	7[X]
0x0154	8[X]
0x0155	9[X]
0x0156	N/A[X]
0x0157	Ch.[X]
0x0158	x[X]
0x0159	Final[X]
0x015A	Prologue
0x015B	Side
0x015C	Alter[X]
0x015D	Turns[X]
0x015E	 [X]
0x015F	Total Turns[X]
0x017C	Scorched Sand[X]
0x017E	River of Regrets
0x017F	Two Faces of Evil[X]
0x0180	Last Hope[X]
0x0181	Darkling Woods
0x0182	Sacred Stone
0x0183	Sacred Stone
0x0185	Tower of Valni 2
0x018C	Tower of Valni 9
0x018D	Tower of Valni 10[X]
0x0191	Lagdou Ruins 4
0x0192	Lagdou Ruins 5
0x0193	Lagdou Ruins 6
0x0194	Lagdou Ruins 7
0x0195	Lagdou Ruins 8
0x0196	Lagdou Ruins 9
0x0197	Lagdou Ruins 10[X]
0x0198	Castle Frelia[X]
0x0199	Melkaen Coast[X]
0x019A	Creeping Darkness[X]
0x019B	Phantom Ship
0x019C	Survive[X]
0x019D	Defeat boss[X]
0x019E	Defeat Ghirken
0x01A0	Seize gate
0x01A1	Seize throne
0x01B3	Defeat Borst
0x01B5	Escort
0x01B6	Rout
0x01BA	Defeat Cruller
0x01BC	Save Villagers[X]
0x01C1	Left
0x01C2	Turn
0x01C3	Last Turn[X]
0x01C4	[7F][7F]
0x01C5	Plain[X]
0x01C6	Road
0x01C7	Village[X]
0x01C8	Village[X]
0x01C9	House[X]
0x01CA	Armory
0x01CB	Vendor
0x01CC	Arena[X]
0x01CD	C.Room
0x01CE	Fort
0x01CF	Gate
0x01D0	Forest
0x01D1	Thicket[X]
0x01D2	Sand
0x01D3	Desert
0x01D4	River[X]
0x01D5	Mntn
0x01D6	Peak
0x01D7	Bridge
0x01D8	Bridge
0x01D9	Sea[X]
0x01DA	Lake
0x01DB	Floor[X]
0x01DC	Floor[X]
0x01DD	Fence[X]
0x01DE	Wall
0x01DF	Wall
0x01E0	Rubble
0x01E1	Pillar
0x01E2	Door
0x01E3	Throne
0x01E4	Chest[X]
0x01E5	Chest[X]
0x01E6	Roof
0x01E7	Gate
0x01E8	Church
0x01E9	Ruins[X]
0x01EA	Cliff[X]
0x01EB	Ballista
0x01EC	Long B
0x01ED	Killer B
0x01EE	Flat
0x01EF	Wreck[X]
0x01F0	[7F][7F]
0x01F1	Stairs
0x01F2	[7F][7F]
0x01F3	Glacier[X]
0x01F4	Arena[X]
0x01F5	Valley
0x01F6	Fence[X]
0x01F7	Snag
0x01F8	Bridge
0x01F9	Sky[X]
0x01FA	Deeps[X]
0x01FB	Ruins[X]
0x01FC	Inn[X]
0x01FD	Barrel
0x01FE	Bone
0x01FF	Dark
0x0200	Water[X]
0x0201	Gunnels[X]
0x0202	Deck
0x0203	Brace[X]
0x0204	Mast
0x0205	Current[X]
0x0206	Record
0x0207	# Cleared
0x0208	Monsters
0x0209	Exp[X]
0x020A	Units Used
0x020B	Turns[X]
0x020C	Time
0x020D	:[X]
0x020E	1 year ago
0x020F	1 1/2 years ago[X]
0x0210	2 years ago[X]
0x0211	3 years ago[X]
0x0212	Storch
0x0216	Lera
0x0218	Marlen
0x0219	Larisa
0x021B	Onisim
0x021C	Dewi
0x0220	Waluyo
0x0221	Ruslan
0x0222	Zoya
0x0225	Tien
0x0227	Naia
0x0228	Vernon
0x022A	Freyja
0x022C	Nate
0x022E	Kusuma[X]
0x0235	Morva[X]
0x0236	Zard
0x0239	Cutter
0x023C	Stoise
0x023E	Garrison
0x023F	Gelt
0x0240	Gradin
0x0241	Orland
0x0245	Deni
0x0246	Stroganoff
0x0247	Reisma
0x0248	Wellington[X]
0x0249	Turken
0x024C	Festan[X]
0x024D	Supply
0x024F	Lesley
0x0250	Hunter
0x0251	Pirate
0x0253	Mercenary[X]
0x0254	Bandit
0x0255	Bergen
0x0256	Monster[X]
0x0257	Entombed
0x0258	Maelduin
0x0259	Cyclops[X]
0x025A	Fomortiis[X]
0x025C	Gunnar
0x025E	Mansel
0x025F	Dara
0x0262	Frelian[X]
0x0263	Ofenloch
0x0264	Citizen[X]
0x0265	Prisoner
0x0267	Kitozawa's[X]
0x0268	Wall
0x0269	Snag
0x026A	Mark
0x026B	Evil
0x026C	Summonern[X]
0x026D	Summon
0x0274	Storch's little brother.[NL]Innocent and kind-hearted.
0x027B	Titus' bodyguard. [NL]Quick to anger, but loyal.
0x028A	Kuchingi cleric with a kind heart.[NL]Waluyo's bethrothed.
0x028C	A Kuchingi brawler[NL]with a hearty laugh.
0x0290	Leader of the Manakete tribe. He was[NL]turned into a draco zombie by Lyon.[X]
0x0293	Dark mage of Orebro.[NL]Wise, yet playful.[NL]
0x0298	A mercenary serving Lord Gradin.[NL]Notorious for taking dirty jobs.
0x029C	An opportunistic brigand[NL]with a lust for victory.
0x029E	Former Colonel in Mahala's army.[NL]Exiled for his crimes and extremist views.
0x02A1	Knight captain from Nevan.[NL]Loathes Kuching.
0x02A5	Commander of a cavalry[NL]unit in Belaro's army.
0x02A7	The crown prince of Grado. He's fallen[NL]under the control of the Demon King.
0x02AB	A mercenary fighting as part of[X][NL]Binks's force.
0x02AC	One of the treasure hunters who[X][NL]have laid claim to this region.[X]
0x02B0	Members of a cult,[NL]sworn on a forbidden oath.
0x02B2	The Demon King, lord of darkness. His[X][NL]sole desire is to remake the world.[X]
0x02B5	The pontifex of Rausten. He is a[NL]compassionate and pious ruler.
0x02B7	An old woman of Caer Pelyn. Over 100[NL]years in age, she is a font of wisdom.
0x02BA	A knight of Frelia, sworn in service[NL]of Hayden, the Sage King.[X]
0x02BE	Temp.: Enemy Boss[X]
0x02C2	Paladin[X]
0x02C4	General[X]
0x02C5	Thief[X]
0x02C7	Hero
0x02C8	Myrmidon
0x02C9	Swordmaster[X]
0x02CA	Assassin
0x02CB	Archer
0x02CC	Sniper
0x02CF	Wyvern Lord[X]
0x02D1	Mage
0x02D2	Sage
0x02D3	Mage Knight[X]
0x02D4	Bishop
0x02D5	Nomad[X]
0x02D6	Nmd Trooper[X]
0x02D7	Manakete
0x02D9	Pupil[X]
0x02DB	Rogue[X]
0x02DC	Axe Fighter[X]
0x02DD	Warrior[X]
0x02DE	Brigand[X]
0x02DF	Berserker[X]
0x02E0	Great Knight
0x02E1	Shaman
0x02E2	Druid[X]
0x02E3	Summoner
0x02E4	Monk
0x02E5	Bard
0x02E6	Priest
0x02E8	Falcoknight[X]
0x02E9	Cleric
0x02EA	Troubadour
0x02EB	Valkyrie
0x02EC	Dancer
0x02ED	Soldier[X]
0x02EE	Pirate
0x02EF	Necromancer[X]
0x02F0	Fleet[X]
0x02F1	Phantom[X]
0x02F3	Entombed
0x02F4	Bonewalker
0x02F5	Halberdier
0x02F8	Cyclops[X]
0x02F9	Mauthe Doog[X]
0x02FA	Gwyllgi[X]
0x02FC	Maelduin
0x02FD	Mogall
0x02FE	Arch Mogall[X]
0x02FF	Gorgon
0x0300	Gorgon Egg
0x0301	Mage Armor
0x0303	Draco Zombie
0x0304	Demon King
0x0305	Civilian
0x0306	Pontifex
0x0307	Queen[X]
0x0308	Supply
0x0309	Noble heirs to a ruling house.[NL]They possess great potential.[X]
0x030D	Mounted knights with swift movement.[NL]Equip: Lances.
0x030E	Mounted knights with superior[X][NL]abilities. Equip: Swords, lances.[X]
0x0311	Multitalented knaves with an eye for[NL]riches. Equip: Swords.
0x0312	Well-balanced professional soldiers-[NL]for-hire. Equip: Swords.
0x0313	Seasoned veterans with remarkable[X][NL]skill. Equip: Swords, axes.[X]
0x0316	Masters of the killing arts.[NL]Equip: Swords. Skill: Silencer.[X]
0x0317	Warriors who use bows to attack from[NL]afar. Equip: Bows.
0x0318	Archers of unparalleled accuracy.[X][NL]Equip: Bows.
0x031A	High-flying knights vulnerable only to[NL]bows and magic. Equip: Lances.
0x031C	Mounted knights with swift movement.[NL]Equip: Swords.
0x031D	Magic wielders with solid skills but low[NL]physical strength. Equip: Anima.
0x031F	Knights trained in both anima and[X][NL]staves. Equip: Anima, staves.[X]
0x0321	Mounted plainsmen with good[X][NL]movement. Armed with bows.
0x0322	An honorific given to nomads of[X][NL]great skill. Equip: Bows, swords.[X]
0x0323	Mysterious tribesmen who can turn[X][NL]into dragons. Equip: Dragonstone.[X]
0x0325	Mages in training with lofty[NL]aspirations. Equip: Anima.
0x0326	Knaves who need no tools or keys to[X][NL]open locks. Equip: Swords. Skill: Pick.[X]
0x0327	Ruffians with great strength but[NL]poor defense. Equip: Axes.
0x0328	Stalwart warriors whose power is[NL]their pride. Equip: Axes, bows.[X]
0x0329	Mighty mercenaries who thrive[X][NL]in mountains. Equip: Axes.
0x032A	Fighters at home both in mountains[NL]and at sea. Equip: Axes.
0x032C	Wielders of magic who are stronger,[X][NL]but slower, than mages. Equip: Dark.
0x032D	Wielders of deep and ancient magic.[X][NL]Equip: Dark, staves.[X]
0x032F	Users of light magic with high[NL]resistance. Equip: Light.[X]
0x0330	Spiritual guides who use sacred[X][NL]staves to heal allies. Equip: Staves.[X]
0x0331	Musicians whose melodies aid[NL]allies. Unable to attack.[X]
0x0332	Airborne knights who resist magic but[X][NL]are weak against bows. Equip: Swords.[X]
0x0333	Airborne knights who resist magic but[X][NL]are weak against bows. Equip: Lances.[X]
0x0334	Swift sky warriors who shrug off[NL]magic attacks. Equip: Swords, lances.[X]
0x0335	Holy women who use sacred staves to[X][NL]heal their allies. Equip: Staves.[X]
0x0336	Maidens who wield staves from[X][NL]horseback. Equip: Staves.[X]
0x0337	Battle maidens who wield both staves[NL]and light magic. Equip: Light, staves.
0x0338	Dancers whose dances revitalize[X][NL]their allies. They cannot attack.[X]
0x033A	Tough brawlers who call the[X][NL]sea their home. Equip: Axes.
0x033B	Master of the Dark Stone who uses[X][NL]dark magic to command corpses.
0x033C	Warships that patrol the open seas.[X][NL]They carry powerful ballistae.
0x033D	Phantom warriors who possess great[NL]strength but vanish when attacked.
0x033F	Reanimated corpses. They're not fast,[X][NL]but their talons rend flesh with ease.
0x0340	Dead warriors given will by dark magic.[X][NL]They wield a variety of weapons.
0x0342	Ruffians with great strength but[NL]poor defense. Equip: Bows.
0x0344	One-eyed giants who use their[X][NL]strength to wield huge axes.
0x0345	Blood-hungry demon dogs that attack[X][NL]with keen-edged fangs.
0x0346	Savage, three-headed hellhounds.[NL]Their fangs are cruel death dealers.
0x0347	A horse. Easily spooked.
0x0348	Immensely fast and strong creatures[X][NL]who hunt with axes and bows.
0x0349	Perilous floating orbs filled with[NL]blighting dark magic.[X]
0x034A	Mogall whose dread power exceeds[NL]that of their lesser cousins.[X]
0x034B	Comely and cursed, these creatures[NL]turn all who behold them into stone.
0x034C	Eggs of lovely and deadly gorgons.
0x034F	The revived corpse of a dragon. Its[X][NL]putrid breath decays all it touches.
0x0350	This foul being is the master of the[NL]dark. Its power exceeds mortal ken.[X]
0x0351	An innocent peasant lacking any[X][NL]combat skills at all.[X]
0x0352	Spiritual leader of Rausten. He claims[NL]ancestry with the saintly Latona.[X]
0x0353	The kingdom's highest authority. She[NL]is a popular ruler of great virtue.[X]
0x0354	Iron Sword
0x0355	Slim Sword
0x0356	Steel Sword[X]
0x0357	Silver Sword
0x0358	Iron Blade
0x0359	Steel Blade[X]
0x035A	Silver Blade
0x035C	Rapier
0x035D	Brave Sword[X]
0x035E	Shamshir
0x035F	Killing Edge
0x0360	Armorslayer[X]
0x0361	Wyrmslayer
0x0362	Light Brand[X]
0x0363	Runesword[X]
0x0364	Lancereaver[X]
0x0365	Zanbato[X]
0x0366	Sieglinde[X]
0x0368	Wind Sword
0x0369	Iron Lance
0x036A	Slim Lance
0x036B	Steel Lance[X]
0x036C	Silver Lance
0x036E	Brave Lance[X]
0x036F	Killer Lance
0x0370	Horseslayer[X]
0x0371	Javelin[X]
0x0372	Spear[X]
0x0373	Axereaver[X]
0x0374	King Sword
0x0375	Siegmund
0x0377	Dragonspear[X]
0x0378	Heavy Spear[X]
0x0379	Short Spear[X]
0x037A	Iron Axe
0x037B	Steel Axe[X]
0x037C	Silver Axe
0x037E	Brave Axe[X]
0x037F	Killer Axe
0x0380	Halberd[X]
0x0381	Hammer
0x0382	Devil Axe[X]
0x0383	Hand Axe
0x0384	Tomahawk
0x0385	Swordreaver[X]
0x0386	Swordslayer[X]
0x0387	Dragon Axe
0x0388	Battle Axe
0x038A	Hatchet[X]
0x038B	Iron Bow
0x038C	Steel Bow[X]
0x038D	Silver Bow
0x038E	Wizard Bow
0x038F	Killer Bow
0x0390	Brave Bow[X]
0x0392	Longbow[X]
0x0393	Ballista
0x0394	Iron Ballista[X]
0x0395	Killer Ballista[X]
0x0398	Dragonstone[X]
0x0399	Stone Shard[X]
0x039A	Demon Light[X]
0x039B	Ravager[X]
0x039C	Nightmare[X]
0x03A1	Soma Thera
0x03A2	Hand Bow
0x03A3	Cleave Bow
0x03A4	Wind Spear
0x03A7	Yabusame
0x03A8	Emblem Seal[X]
0x03A9	Fire
0x03AA	Thunder[X]
0x03AB	Elfire
0x03AC	Alacalibur
0x03AD	Bolting[X]
0x03AE	Fimbulvetr
0x03AF	Orkaan[X]
0x03B0	Lightning[X]
0x03B1	Shine[X]
0x03B2	Divine
0x03B3	Purge[X]
0x03B4	Aura
0x03B6	Flux
0x03B7	Luna
0x03B8	Nosferatu[X]
0x03B9	Fenrir[X]
0x03BD	Stone[X]
0x03BE	Evil Eye
0x03BF	Long Dao
0x03C1	Shadowshot
0x03C2	Heal
0x03C3	Mend
0x03C4	Recover[X]
0x03C5	Physic
0x03C6	Fortify[X]
0x03C7	Restore[X]
0x03C8	Silence[X]
0x03C9	Sleep[X]
0x03CA	Berserk[X]
0x03CB	Warp
0x03CC	Rescue
0x03CD	Torch[X]
0x03CE	Hammerne
0x03CF	Unlock
0x03D0	Barrier[X]
0x03D1	Gezond
0x03D2	Dance[X]
0x03D3	Play
0x03D4	Angelic Robe
0x03D5	Energy Ring[X]
0x03D6	Secret Book[X]
0x03D7	Speedwing[X]
0x03D8	Goddess Icon
0x03D9	Dragonshield
0x03DA	Talisman
0x03DC	Body Ring[X]
0x03DD	Hero Crest
0x03DE	Knight Crest
0x03DF	Orion's Bolt
0x03E0	Elysian Whip
0x03E1	Lover's Ring
0x03E2	Chest Key[X]
0x03E3	Door Key
0x03E4	Lockpick
0x03E5	Vulnerary[X]
0x03E6	Elixir
0x03E7	Pure Water
0x03E8	Antitoxin[X]
0x03E9	Torch[X]
0x03EA	Fili Shield[X]
0x03EB	Member Card[X]
0x03EC	Silver Card[X]
0x03ED	Gold Gem
0x03EE	Black Gem[X]
0x03EF	White Gem[X]
0x03F0	Blue Gem
0x03F1	Red Gem[X]
0x03F2	Gold
0x03F4	Earth Seal
0x03F6	Ocean Seal
0x03F7	Harvest Ring
0x03F8	Royal Band
0x03F9	1 Gold
0x03FA	5 Gold
0x03FB	10 Gold[X]
0x03FC	50 Gold[X]
0x03FD	100 Gold
0x03FE	150 Gold
0x03FF	500 Gold
0x0400	3,000 Gold
0x0401	5,000 Gold
0x0402	Juna Fruit
0x0404	 [X]
0x0405	 [X]
0x0406	 [X]
0x0407	 [X]
0x0408	 [X]
0x0409	 [X]
0x040A	 [X]
0x040C	Effective against cavalry and armor.
0x040D	Can strike consecutively.[X]
0x040E	Improves critical hit rate.[X]
0x040F	Improves critical hit rate.[X]
0x0412	Imbued with light magic.
0x0413	Imbued with dark magic.[X]
0x0416	The Sacred Twin storm blade. Str +5.
0x0419	 [X]
0x041A	 [X]
0x041B	 [X]
0x041C	 [X]
0x041E	Can strike consecutively.[X]
0x041F	Improves critical hit rate.[X]
0x0420	Effective against cavalry.
0x0421	Doubles as ranged attack.[X]
0x0422	Doubles as ranged attack.[X]
0x0424	Strong against cavalry, knights.
0x0425	The Sacred Twin fire lance. Str +5.[X]
0x0429	Doubles as ranged attack.[X]
0x042A	 [X]
0x042B	 [X]
0x042C	 [X]
0x042E	Can strike consecutively.[X]
0x042F	Improves critical hit rate.[X]
0x0432	Might injure its wielder.[X]
0x0433	Doubles as ranged attack.[X]
0x0434	Doubles as ranged attack.[X]
0x0439	Strong, but difficult to wield.[X]
0x043B	 [X]
0x043C	 [X]
0x043D	 [X]
0x043F	Improves critical hit rate.[X]
0x0442	Extended attack range.
0x0443	Long-range weapon.
0x0444	Super long-range weapon.
0x0445	Improves critical hit rate.[X]
0x0448	A stone imbued with mysterious might.[X][NL]Myrrh draws strength from it.[X]
0x0449	DUMMY[X]
0x044A	A malefic flash that destroys[X][NL]everything it touches.
0x044B	A horrific blow that invites[NL]the destruction of all.[X]
0x044C	Lulls all enemies within range[NL]into a deep slumber.
0x044F	A foul talon meant to rend flesh.[X]
0x0452	A sharp, piercing fang.[X]
0x0453	A long, daggerlike fang.
0x0454	Effective against monsters.[X]
0x0455	Effective against monsters.[X]
0x0457	Effective against monsters.[X]
0x0458	 [X]
0x0459	 [X]
0x045A	 [X]
0x045B	Extended attack range.
0x045D	 [X]
0x045F	 [X]
0x0460	 [X]
0x0461	 [X]
0x0463	 [X]
0x0465	 [X]
0x0466	Negates enemy resistance.[X]
0x0467	Drains enemy HP into caster.
0x0468	Long-range dark magic.
0x0469	 [X]
0x046A	A Sacred Twin tome. Skill +5.[X]
0x046C	Turns targets to stone for a while.[X]
0x046D	 [X]
0x046F	 [X]
0x0470	Long-range dark magic bolt.[X]
0x0471	Restores HP to allies in[NL]adjacent spaces.
0x0472	Restores many HP to allies[NL]in adjacent spaces.[X]
0x0473	Restores all HP to allies[X][NL]in adjacent spaces.[X]
0x0474	Restores HP to allies[X][NL]at a distance.
0x0475	Restores all HP to allies[X][NL]nearby.[X]
0x0476	Returns allies to normal[NL]condition. (Cures sleep, etc.)
0x0477	Halts all enemy magic[X][NL]for several turns.
0x0478	Puts enemies to sleep for[X][NL]several turns.
0x0479	Sends enemies into a[NL]berserker rage.[X]
0x047B	Moves allies from distant[X][NL]spaces to adjacent ones.
0x047C	Lights an area. The light[X][NL]grows weaker each turn.[X]
0x047D	Restores an adjacent ally's[X][NL]weapons to new condition.[X]
0x047E	Unlocks doors, even from[NL]a distance.[X]
0x047F	Increases magic resistance[NL]of adjacent allies briefly.[X]
0x0481	A dance that allows[X][NL]allies to move again.[X]
0x0482	A song that allows[NL]allies to move again.[X]
0x0484	Increases Mag or Str by[X][NL]2 points. Vanishes after use.[X]
0x0485	Increases Skill by 2 points.[NL]Vanishes after use.[X]
0x0486	Increases speed by[NL]2 points. Vanishes after use.[X]
0x0487	Increases luck by[X][NL]2 points. Vanishes after use.[X]
0x0488	Increases defense by[NL]2 points. Vanishes after use.[X]
0x0489	Increases resistance by[X][NL]2 points. Vanishes after use.[X]
0x048A	Increases movement by[X][NL]2 points. Vanishes after use.[X]
0x048B	Increases constitution by[X][NL]2 points. Vanishes after use.[X]
0x048C	For mercenaries, myrmidons,[X][NL]and fighters Lv. 10 and up.[X]
0x048D	For knights and cavaliers[X][NL]Lv. 10 and up.
0x048E	For archers[X][NL]Lv. 10 and up.
0x048F	For pegasus knights and[X][NL]wyvern riders Lv. 10 and up.
0x0491	Opens chests.[X]
0x0492	Opens doors in[NL]adjacent spaces.
0x0493	Opens doors and chests.[X][NL]Usable only by thieves.[X]
0x0495	A powerful solution that[NL]restores all HP.
0x0496	A draught that boosts Res.[NL]Grows weaker each turn.[X]
0x0497	A medicinal solution that[X][NL]cures poison.[X]
0x0498	A staff with burning pitch.[X][NL]Grows dimmer each turn.[X]
0x0499	An amulet that protects fliers[NL]from arrows.
0x049A	If someone with this card[X][NL]stops in a suspicious space...
0x049B	A special card that reduces[X][NL]the cost of all items by half.
0x049C	A valuable gemstone worth[X][NL]20,000 gold.
0x049D	A valuable gemstone worth[X][NL]15,000 gold.
0x049E	A valuable gemstone worth[X][NL]10,000 gold.
0x04A0	An uncommon gemstone[NL]worth 2,500 gold.[X]
0x04A1	Arckady's prf hatchet. Reaver.
0x04A2	A trap that damages units[X][NL]that step on it.
0x04A3	A device that blocks units[NL]from entering spaces.[X]
0x04A4	A device that negates[X][NL]enemy critical attacks.[X]
0x04A7	For use by thieves and[NL]pirates Lv. 10 and up.
0x04AA	Give this to a worthy unit[NL]and see what happens.[X]
0x04AC	Draco Zombie only.
0x04AD	Manakete only.
0x04AE	Creatures only.[X]
0x04AF	Restores some HP.[X]
0x04B0	Restores more HP.[X]
0x04B1	Restores all HP.
0x04B2	Restores HP to[NL]distant allies.[X]
0x04B3	Restores HP to all[NL]allies in one area.[X]
0x04B4	Restores allies to[NL]normal status.
0x04B5	Blocks enemy magic.[X]
0x04B6	Puts enemies to sleep.
0x04B7	Drives enemies to[X][NL]attack wildly in a[NL]frenzy of rage.[X]
0x04B8	Warps allies to[X][NL]other spaces.[X]
0x04B9	Warps allies to a[X][NL]space adjacent to[X][NL]the staff wielder.
0x04BA	Lights up an area.
0x04BB	Restores items to[X][NL]new condition.
0x04BC	Opens doors.
0x04BD	Raises resistance.
0x04BE	Restores all HP as[NL]well as allies' status.[X]
0x04BF	Allows allies[X][NL]to move again.
0x04C0	Allows allies[X][NL]to move again.
0x04C1	Raises Max HP.
0x04C2	Raises either[X][NL]strength or magic.
0x04C3	Raises skill.[X]
0x04C4	Raises speed.[X]
0x04C5	Raises luck.
0x04C6	Raises defense.[X]
0x04C7	Raises resistance.
0x04C8	Raises movement.
0x04C9	Raises constitution.
0x04CA	Use this on a worthy[NL]mercenary, fighter,[X][NL]or myrmidon.
0x04CB	Use this on a worthy[NL]cavalier or knight.[X]
0x04CC	Use this on a worthy[NL]archer.[X]
0x04CD	Use this on a worthy[NL]master of a winged[NL]mount.
0x04CE	Use this on a worthy[NL]wielder of magic[NL]power and staves.[X]
0x04CF	Opens chests.[X]
0x04D0	Opens doors.
0x04D1	Universal lockpicks[X][NL]designed for thieves.[X]
0x04D3	Restores all HP.
0x04D4	Reduces damage[NL]from magic attacks.[X]
0x04D5	Cures poison.[X]
0x04D6	Lights an area.[X]
0x04D7	Protects airborne[X][NL]units from bows.
0x04D8	Grants access to[NL]secret shops.[X]
0x04D9	Reduces the cost[NL]of items.[X]
0x04DA	 [X]
0x04DB	Units that enter[NL]spaces where these[NL]are take damage.
0x04DC	Units cannot enter[NL]spaces where these[NL]have been placed.[X]
0x04DD	Negates enemies'[NL]critical attacks.[X]
0x04DE	Use this on a unit Lv.[NL]10 and up who has[X][NL]yet to change class.
0x04E0	Use this on a worthy[NL]thief or pirate.
0x04E1	Have Storch use this[NL]when he's ready.[X]
0x04E2	Have Storch use this[X][NL]when he's ready.
0x04E3	Use this, and...
0x04E4	Dummy[X]
0x04E5	Name
0x04E6	Class[X]
0x04E7	Lv
0x04E8	Exp[X]
0x04E9	HP
0x04EA	Max[X]
0x04EB	S/M[X]
0x04EC	Skill[X]
0x04ED	Spd[X]
0x04EE	Luck
0x04EF	Def[X]
0x04F0	Res[X]
0x04F1	Affin[X]
0x04F2	Equip[X]
0x04F3	Atk[X]
0x04F4	Hit[X]
0x04F5	Avoid[X]
0x04F6	Move
0x04F7	Con[X]
0x04F8	Aid[X]
0x04F9	Trv[X]
0x04FA	Cond
0x04FB	Ally
0x04FC	Anim
0x04FD	Sort:[X]
0x04FE	Str[X]
0x04FF	Mag[X]
0x0500	Rng[X]
0x0501	Crit
0x0502	Wt
0x0503	Mt
0x0504	AS
0x0505	Sword[X]
0x0506	Lance[X]
0x0507	Axe[X]
0x0508	Bow[X]
0x0509	Staff[X]
0x050A	Anima[X]
0x050B	Light[X]
0x050C	Dark
0x050D	Item
0x050E	Bllsta
0x050F	Dragon
0x0510	Fire
0x0511	Thunder[X]
0x0512	Wind
0x0513	Ice[X]
0x0514	Poison
0x0515	Sleep[X]
0x0516	Silence[X]
0x0517	Berserk[X]
0x0518	Sick
0x0519	Recovr
0x051A	Petrify[X]
0x051B	Attack
0x051C	Defend
0x051D	Critical
0x051E	Dodge[X]
0x051F	B[X]
0x0520	W[X]
0x0521	L[X]
0x0523	    1[X]
0x0524	 1[7F]2[X]
0x0525	 1[7F]3[X]
0x0526	    2[X]
0x0527	 2[7F]3[X]
0x0528	3[X][7F]10
0x0529	3[X][7F]15
0x052A	Total[X]
0x052B	   [X][7F][7F]
0x052C	[7F]
0x052D	E[X]
0x052E	D[X]
0x052F	C[X]
0x0530	B[X]
0x0531	A[X]
0x0532	S[X]
0x0533	Prf[X]
0x0534	[7F]
0x0535	[7F][7F]
0x0536	[7F][7F][7F]
0x0537	[7F][7F][7F][7F]
0x0538	[7F][7F][7F][7F][7F]
0x0539	/[X]
0x053A	-[X]
0x053B	Assets
0x053C	Time
0x053D	Total[X]
0x053E	Normal
0x0540	Complete
0x0541	Total[X]
0x0542	Unit level. The unit becomes[NL]stronger as it gains levels.
0x0543	Experience points gained. Gain[NL]100 points to earn a new level.[X]
0x0544	Unit hit points. The unit loses[X][NL]consciousness if this reaches 0.
0x0545	Weapon name and type.[X]
0x0546	Strength. The higher the number,[NL]the more damage you inflict.
0x0547	Magical power. Magical[NL]power is akin to strength.
0x0548	Fighting skill. A higher[NL]number improves the unit's hit %.[X]
0x0549	Speed. This affects both[NL]evasion and attacks.
0x054A	Luck. This affects many[X][NL]different things.[X]
0x054B	Defensive skill. Reduces[NL]damage from weapons.
0x054C	Magical resistance. Reduces[X][NL]damage from magic attacks.
0x054D	Movement. The normal distance[X][NL]you can cross in 1 turn.
0x054E	Constitution, or physical size.[X][NL]Affects rescues.
0x054F	Max rescuing constitution. Units[NL]with lower Cons can be rescued.[X]
0x0550	Traveler. The name of the unit[NL]with whom this unit is traveling.[X]
0x0551	Elemental affinity. Determines[NL]compatibility with other units.[X]
0x0552	Normal.[X][NL]Feeling healthy.
0x0553	Ooooog...[X][NL]Poison slowly steals HP.
0x0554	Zzzz... Zzzzz...[NL]Sleeping now... Can't move...[X]
0x0555	Rarrrrr! Attack the nearest[X][NL]unit, be it friend or foe!
0x0556	......[NL]Magic and staves are unusable.
0x0557	Craaack! Turned...to...[X][NL]stone. Can't...move!
0x0559	Defense & resistance[NL]increased by 10.
0x055A	Critical hit increased[NL]by 10.
0x055C	Amount of damage this weapon[NL]causes. Affected by defenses.[X]
0x055D	Chance that the attack will hit.[NL]Affected by terrain and enemies.
0x055E	Weapon Range. A range of 1[NL]can only hit adjacent spaces.[X]
0x055F	Chance the weapon will strike a[X][NL]critical blow, doing triple damage.[X]
0x0560	Ability to dodge enemy attacks.[X][NL]Affects enemy's hit %.
0x0561	Sword mastery level.
0x0562	Lance mastery level.
0x0563	Axe mastery level.
0x0564	Bow mastery level.
0x0565	Anima magic mastery level.
0x0566	Light magic mastery level.
0x0567	Dark magic mastery level.[X]
0x0568	Staff mastery level.
0x0569	Strengthen the bond[X][NL]between units by talking.[X]
0x056A	The name of the unit[NL]to whom you can talk.[X]
0x056B	Weapon or magic in use.[X]
0x056C	Weapon or magic in use.[X][NL]Does more damage than normal.[X]
0x056D	Wielder and weapon are well[X][NL]suited. Hit % and power increase.[X]
0x056E	Wielder and weapon are well[X][NL]suited. Hit % and dmg increase.[X]
0x056F	Wielder and weapon are ill[NL]suited. Hit % and power decrease.[X]
0x0570	Wielder and weapon are ill[NL]suited. Hit % and power decrease.[X]
0x0571	Damage this weapon will do.[X][NL]x2 = two attacks, x4 = four.
0x0572	Attack Speed.[X][NL]Determines number of attacks.[X]
0x0573	Defense.[NL]Decreases damage from attacks.
0x0574	Pick Units
0x0575	Fortune[X]
0x0576	Items[X]
0x0577	Support[X]
0x0578	Check Map[X]
0x0579	Save
0x057A	Select which units to[X][NL]field this battle. The[NL]number is restricted.[X]
0x057B	Manage your units'[NL]items. Item names[X][NL]that appear in gray[X][NL]cannot be used by[X][NL]that unit.
0x057C	Manage your units' items.[X]
0x057D	This command cannot be[NL]used at this time.
0x057E	Valuable battle[X][NL]information can be[NL]viewed here, as well[NL]as tactician data.
0x057F	Check the compatibility[X][NL]of your units.
0x0580	View the map. Check[X][NL]the number and type of[NL]enemies. Also, check for[NL]shops and change your[X][NL]allies' starting positions.[X]
0x0582	The battle will begin.[NL]You can also press[NL]START to begin.[X]
0x0583	Choose unit[X]
0x0584	 [X]
0x0585	Are you sure?[X]
0x0586	Rank
0x0587	Tactician[X]
0x0588	Augury
0x0589	Augury Menu[X]
0x058A	Tactics[X]
0x058B	Survival
0x058C	Funds[X]
0x058D	Exp[X]
0x058E	Combat
0x058F	Objective[X]
0x0590	View Map
0x0591	Formation[X]
0x0592	Options[X]
0x0593	Debug[X]
0x0594	Trade[X]
0x0595	List
0x0596	Use[X]
0x0597	Sell
0x0598	Supply
0x0599	Armory
0x059A	Give all
0x059B	Sell?[X]
0x059C	Sell     Quit[X]
0x059D	Value[X]
0x059E	Give
0x059F	Take
0x05A0	Stock[X]
0x05A1	Pick
0x05A2	Units Left
0x05A3	Sell unwanted items.
0x05A4	Are you sure?[X]
0x05A5	What'll you do?[X]
0x05A6	I'll take it.[X]
0x05A7	Here you go!
0x05A8	Nothing[X]
0x05A9	Owner:
0x05AA	Success[X]
0x05AB	Remaining[X]
0x05AC	x[X]
0x05AD	Select Character
0x05AE	%[X]
0x05AF	Exchange items[NL]between units.
0x05B0	Use items.
0x05B1	Transfer items to and[X][NL]from storage.[X]
0x05B2	Buy and sell items.[X]
0x05B3	Display all units' items.[X]
0x05B4	Sell your unneeded items.[X][NL]Important items cannot be sold.[X]
0x05B5	Place all items in storage.[X]
0x05B6	Put items in storage. Storch[X][NL]can access convoy mid-map.
0x05B7	Receive item.[X][NL]A unit can carry up to 5 items.[X]
0x05B8	Check your rankings for[X][NL]the battles so far.[X]
0x05B9	Check your tactician rating[X][NL]and character data.[X]
0x05BA	Predict elements of the[X][NL]coming battle.
0x05BB	View maps to battle on or[X][NL]items to sell in stores.
0x05BC	Rearrange the starting[NL]formation of your units.
0x05BD	Set game speed and[NL]window options.[X]
0x05BE	Save the current campaign.
0x05BF	Begin combat.[X]
0x05C3	Chapter 3[X]
0x05C5	Chapter 5[X]
0x05C6	Chapter 6[X]
0x05C7	Chapter 7[X]
0x05C8	Chapter 8[X]
0x05CD	Items[X]
0x05CE	Terrain[X]
0x05CF	Allies
0x05D0	Victory[X]
0x05D1	Save
0x05D2	World Map[X]
0x05D3	Other[X]
0x05D4	About: [X]
0x05D8	Skills
0x05DF	Banana Bread
0x05E1	Japanese Curry
0x05E2	Normal Status[X]
0x05E3	Free Actions
0x05E5	Rescue
0x05E6	Drop
0x05E7	Acquiring Items[X]
0x05E8	Mahala
0x05E9	Orebro
0x05EA	Weapon Ranks
0x05EB	Supply Convoy[X]
0x05EC	Armory
0x05ED	Shop
0x05EE	Forests & Mountains[X]
0x05EF	Mostyn
0x05F1	Villages
0x05F2	Chests
0x05F3	Snags[X]
0x05F4	Damaged Walls[X]
0x05F5	Fog & Night Conditions
0x05F6	Ballistae[X]
0x05F7	Acquiring Items[X]
0x05F8	Retreating from the Front Lines[X]
0x05F9	Support Conversations[X]
0x05FA	Support Effects[X]
0x05FB	Recruiting Green Units
0x05FC	Recruiting Red Units
0x05FE	Seize a Location
0x05FF	Defeat All
0x0600	Defense[X]
0x0601	Suspend[X]
0x0602	Save
0x0603	How to Move[X]
0x0604	Armory & Shop[X]
0x0605	Item Management[X]
0x0606	Monsters
0x0607	Preparation Screen
0x0608	Leveling Up[X]
0x0609	Changing Classes
0x060A	R Button Info[X]
0x060B	Arena[X]
0x060C	Retreat[X]
0x061A	There are five abnormal states[NL]a unit can enter:[X][NL]1. Sleep[NL](Asleep and unable to move)[X][NL]2. Silence[NL](Unable to use magic or staves)[X][NL]3. Poison[X][NL](Take continual damage)[X][NL]4. Berserk[NL](Attack enemies and allies alike)[X][NL]5. Petrify[NL](Turned to stone, cannot move)[NL]These conditions will continue for[NL]several turns. They can be[NL]reversed with a Restore staff.
0x061D	Any unit can rescue a blue or[X][NL]green unit in an adjacent tile.[X][NL]However, your constitution must[X][NL]be higher than that of the unit[X][NL]you're trying to rescue.[NL]The rescuing unit suffers a[X][NL]penalty in speed and skill,[X][NL]but the rescued unit is[X][NL]protected from attacks.[X][NL]If a unit is about to lose all[NL]of its HP, use the rescue[X][NL]command to whisk it to safety.
0x061E	You can drop a rescued unit into[NL]any adjacent tile. The dropped[NL]unit will not be able to move[X][NL]until the next turn.
0x061F	You can purchase items at[X][NL]shops. You can also pick them[X][NL]up by visiting villagers and[NL]opening chests. Enemies[X][NL]sometimes drop items when[X][NL]they are defeated.
0x0623	A supply convoy travels with[NL]your main character. If you[X][NL]move to a space adjacent your[X][NL]supply convoy, you can trade[NL]items with it. On the battle[NL]preparation screen, you can[X][NL]also buy and sell items at the[NL]supply convoy. The convoy can[X][NL]store up to 100 items for you.
0x0624	Move a unit onto an armory and[NL]then choose Armory to buy[X][NL]weapons. You can also sell[NL]items you've collected here.
0x0625	Move a unit onto a shop and[X][NL]then choose Shop to buy and[X][NL]sell items, magic tomes, and[NL]staves.[X]
0x0626	Forests and mountains give[NL]units additional cover. When[NL]your units are in these tiles,[NL]enemy hit percentages will be[X][NL]reduced. When entering attack[X][NL]range, try to stop in one of[NL]these spaces.[X]
0x0629	Move a unit to a village to[X][NL]speak with its villagers.[X][NL]You can gain information,[X][NL]items, and even money from[NL]villages, so visit them if[NL]you have the opportunity.[X]
0x062A	Move units onto spaces with[X][NL]chests to open them. Chests[X][NL]are filled with all sorts of[NL]useful items. However, you'll[X][NL]need a chest key or lockpicks[X][NL]to open the chest.
0x062B	If you see an old snag near[X][NL]a river, knock it over to[X][NL]form an impromptu bridge.[X]
0x062C	Attack cracked walls to[X][NL]destroy them and create[X][NL]new paths.
0x062D	Darkness and fog limit your[X][NL]field of vision, preventing[X][NL]you from seeing distant enemies.[NL]Use thieves, torches, and[X][NL]Torch staves to increase your[X][NL]field of vision.
0x062E	These siege weapons[X][NL]fire missiles from long[X][NL]distances. Place an archer or[X][NL]sniper on them to use them.[X]
0x062F	On your quest, you will run[X][NL]across many characters who[NL]might join your cause. Watch[NL]story hints carefully to find[X][NL]who should talk to these[NL]characters and convince them[NL]to join you.
0x0630	Except in rare cases, if one of[X][NL]your units loses all of its HP,[X][NL]it will retreat from battle and be[NL]unable to fight again. Be careful!
0x0631	Some units have special bonds[X][NL]between them. The longer they[X][NL]spend in adjoining spaces, the[NL]stronger that bond will grow.[X][NL]Once this bond is strong enough,[NL]the Support command will appear[X][NL]on the command menu.[NL]Select it to make the characters[NL]share a support conversation.[X]
0x0632	If supportive units are within[NL]three spaces of each other they[X][NL]both gain special combat[NL]bonuses. There are three levels[X][NL]of support. The higher the level,[X][NL]the better the bonuses received.[NL]Support levels increase each[NL]time units share a conversation.
0x0633	Green units are neutral. They[X][NL]may become allies if you speak[NL]to them. If you move to a space[X][NL]adjacent to a green unit, the[X][NL]Talk command may appear.[NL]Choose [93]Talk[94] to convince the[X][NL]unit to join you.[X]
0x0634	Some enemy units will join you[NL]if you talk to them. Move a[X][NL]character you think might know[NL]that enemy unit into a space[NL]adjacent to it to see if they[X][NL]can talk.[X][NL]Be careful! Enemy units will[NL]continue to attack until you[NL]talk to them! Try not to take[X][NL]them out or be taken out before[X][NL]you have a chance to chat.
0x0636	Move the main character onto a[NL]throne, castle gate, gate, or[X][NL]other such location and choose[NL]Seize from the command menu[X][NL]to clear the map.[X]
0x0637	Clear the map by wiping out[X][NL]all enemy units.
0x0638	Hold out against the enemy for[NL]a set number of turns to clear[NL]the map.
0x0639	Choose Suspend on the command[X][NL]menu to save your game during[X][NL]a battle. The next time you[X][NL]play, choose Resume to continue[X][NL]playing where you left off.[X]
0x063A	Choose Save from the world map[NL]to save your game data between[NL]chapters.[X]
0x063B	Place the cursor on a space[X][NL]and press the A Button to[X][NL]move to that location.
0x063C	Some areas on the world map[X][NL]contain stores. You can see[X][NL]where stores are located by[X][NL]placing the cursor on a location[NL]and viewing the shop icons that[X][NL]appear next to the place name.[NL]You can enter any of these[NL]stores if the main character[NL]is at that location.
0x063D	Manage your units' items by[X][NL]placing the cursor on the[X][NL]main character and pressing[X][NL]the A Button.[X]
0x063E	Sometimes, creatures will appear[NL]on an area you've already[X][NL]cleared. To drive off the[X][NL]monsters, move to that area[X][NL]and battle the fiends.
0x063F	Ready your units for battle[X][NL]before entering the battlefield.[NL]Choose which units will fight,[NL]and manage the weapons and[NL]items they will use in the battle.[NL]Press START to begin combat.
0x0640	Units gain EXP (experience[NL]points) by fighting and by using[NL]staves. They go up a level when[X][NL]they earn 100 EXP. As they go[X][NL]up in level, characters become[NL]stronger, more skilled, etc.[NL]The highest level is level 20.
0x0641	Most units can change classes[X][NL]once they reach level 10.[X][NL]Changing classes dramatically[X][NL]improves a unit's abilities.[NL]If you're in a tough battle, be[X][NL]sure to change classes. When[NL]changing classes, you will be able[NL]to choose between 2 classes.[NL]Look at the overall party[X][NL]makeup before deciding![X]
0x0642	If there's a command you're[X][NL]unfamiliar with, place the cursor[X][NL]over it and press the R Button.[X][NL]This will bring up a simple[X][NL]explanation of the command.[X]
0x0643	Visit an arena, and bet your[NL]money and your life on single[X][NL]combat. Move a unit onto an[X][NL]arena and choose Arena from[X][NL]the command menu to enter.[NL]If you win a battle, you'll[X][NL]win twice what you wagered.[X][NL]If you lose, that unit will[X][NL]be gone for good.[X]
0x0644	You can escape from battles[X][NL]in towers, in ruins, or with[NL]monsters. On the command menu,[NL]select Retreat to withdraw[NL]from combat in any of these[X][NL]locations.
0x0645	 Unit[X]
0x0646	 Status[X]
0x0647	 Guide
0x0648	 Options
0x0649	 Save[X]
0x064A	Route +[X]
0x064B	Route -[X]
0x064C	E09[X]
0x064D	I09[X]
0x064E	E14[X]
0x064F	I14[X]
0x0650	Border Mulan
0x0651	Castle Frelia[X]
0x0652	Ide[X]
0x0653	Borgo Ridge[X]
0x0654	Za'ha Woods[X]
0x0655	Serafew[X]
0x0656	Adlas Plains
0x0657	Renvall[X]
0x0658	Renvall[X]
0x0659	Port Kiris
0x065A	Teraz Plateau[X]
0x065B	Caer Pelyn
0x065C	Hamill Canyon[X]
0x065D	Jehanna Hall
0x065E	Fort Rigwald
0x065F	Bethroen
0x0660	Taizel
0x0661	Za'albul Marsh
0x0662	Grado Keep
0x0663	Jehanna Hall
0x0664	Renais Castle[X]
0x0665	Narube River
0x0666	Neleras Peak
0x0667	Rausten Court[X]
0x0668	Darkling Woods
0x0669	Black Temple
0x066A	Tower of Valni
0x066B	Lagdou Ruins
0x066C	Melkaen Coast[X]
0x066D	[7F][7F][7F][7F][7F]
0x066E	 Enter Armory[X]
0x066F	 Enter Shop[X]
0x0670	 Enter ? Shop[X]
0x0671	 Manage Items[X]
0x0672	Enter Armory
0x0673	Enter Shop
0x0674	Enter ? Shop
0x0675	Manage Items
0x0676	The party's next destination.[X]
0x0677	The current number of units.
0x0678	Manage your party's items.
0x0679	Saving. To resume game, choose[NL]"Restart Chapter."
0x067A	 Seize
0x067B	 Attack[X]
0x067C	 Staff
0x067D	 Play[X]
0x067E	 Dance
0x067F	 Steal
0x0680	 Talk[X]
0x0681	 Support
0x0682	 Visit
0x0683	 Chest
0x0684	 Door[X]
0x0685	 Armory[X]
0x0686	 Vendor[X]
0x0687	 Secret[X]
0x0688	 Arena
0x0689	 Rescue[X]
0x068A	 Drop[X]
0x068B	 Take[X]
0x068C	 Give[X]
0x068D	 Item[X]
0x068E	 Trade
0x068F	 Supply[X]
0x0690	 Status[X]
0x0691	 Ride[X]
0x0692	 Exit[X]
0x0693	 Summon[X]
0x0694	 Pick[X]
0x0695	 Wait[X]
0x0696	Use[X]
0x0697	Equip[X]
0x0698	Trade[X]
0x0699	Discard[X]
0x069A	 Unit[X]
0x069B	 Options
0x069C	 Guide
0x069D	 Retreat
0x069E	 Records
0x069F	 Suspend
0x06A0	 End
0x06A1	 Lead[X]
0x06A2	 Debug
0x06A3	 M.Save[X]
0x06A4	 Manual Save
0x06A5	2nd[X]
0x06A6	3rd[X]
0x06A7	CPU[X]
0x06A8	Human[X]
0x06A9	Blocked[X]
0x06AA	 Map
0x06AB	 D.Info[X]
0x06AC	 Weather
0x06AD	 Fog
0x06AE	 Clears[X]
0x06AF	 Erased[X]
0x06B0	 G'Night![X]
0x06B1	Clear[X]
0x06B2	Sand
0x06B3	Snow
0x06B4	Flurry
0x06B5	Rain
0x06B6	Night[X]
0x06B7	Lave
0x06B8	Clears
0x06B9	 Erase
0x06BA	 File?
0x06BB	 Erased files are[X]
0x06BC	 gone forever!
0x06BD	     OK[X]
0x06BE	There are no messages for[X][NL]this menu item.[X]
0x06BF	End the turn. Be sure you're[NL]done before you select this.
0x06C0	Attack an enemy unit.[X]
0x06C1	Use the magic stored[NL]within a staff.[X]
0x06C2	Perform a dance that allows[X][NL]your allies to move again.
0x06C3	Use a ring that allows your[X][NL]allies to move again.[X]
0x06C4	Shhh...[X][NL](Steal enemy items!)
0x06C5	Rescue an ally from[X][NL]an adjacent space.
0x06C6	Place a rescued ally in[X][NL]an adjacent space.
0x06C7	Pass a rescued ally to[NL]another ally next to you.[X]
0x06C8	Receive a rescued ally from[X][NL]another ally next to you.[X]
0x06C9	Talk to an ally or enemy[NL]in an adjacent space.[X]
0x06CA	Speak to an allied unit and[X][NL]strengthen the bond you share.
0x06CB	Visit a village or a home.
0x06CC	Seize a designated point[NL]to complete the chapter.
0x06CD	A door.[X][NL]Use a key to open it.[X]
0x06CE	A chest.[NL]Use a key to open it.[X]
0x06CF	An armory.[NL]Enter to buy weapons.[X]
0x06D0	A shop.[X][NL]Enter to buy items.[X]
0x06D1	Congratulations! Only for[X][NL]one as lucky as you...
0x06D2	An arena. Wager your life[X][NL]in battle for gold.[X]
0x06D3	Use and equip items.
0x06D4	Trade items with allies[X][NL]in adjacent spaces.[X]
0x06D5	Adjacent units can exchange[X][NL]items with your supply convoy.
0x06D6	Get on ballista and[X][NL]use it to attack.[X]
0x06D7	Get off of ballista.
0x06D8	Normal attack with a bow[NL]occurs.[X]
0x06D9	Use the ballista to target[NL]distant enemies.
0x06DA	Ready weapons or magic.[X][NL]Use them to counterattack.
0x06DB	Use items.
0x06DC	Discard items. Important[NL]items cannot be discarded.
0x06DD	Summon a phantasm.
0x06DE	Open doors and chests without[X][NL]using keys.[X]
0x06DF	Display a chart of all[NL]units on the field.[X]
0x06E0	Display current battle[NL]progress.[X]
0x06E1	Set game speed and windows.[X]
0x06E2	Retreat from the current battle.
0x06E3	View tower and ruins battle records.
0x06E4	Stop a battle in progress.[NL]Battle can be continued later.
0x06E5	View game-play and terminology[NL]explanations.[X]
0x06E6	End player's phase.[X]
0x06E7	Name of the unit.[X]
0x06E8	The unit's class. Each class[NL]possesses unique traits.
0x06E9	Current Max HP.[X]
0x06EA	Strength or magic power.[NL]This affects attack ability.
0x06EB	Weapon or magical tome[NL]being used.[X]
0x06EC	Physical condition.[X][NL]Default is normal.
0x06ED	Number of allied units.[X]
0x06EE	Number of enemy units.
0x06EF	Name of the army commander.[X]
0x06F0	Total time played.
0x06F1	The goal of this chapter.[X]
0x06F2	Number of turns played at this[NL]point in the current chapter.[X]
0x06F3	Money on hand.
0x06F4	Only units with animation turned[NL]on can perform combat animation.
0x06F5	The prince of Renais. A spear fighter[X][NL]on an important mission.
0x06F6	The princess of Renais. A sword fighter[X][NL]on an important mission.
0x06F7	The prince of Renais. A spear fighter[X][NL]on an important mission.
0x06F8	The princess of Renais. A sword fighter[X][NL]on an important mission.
0x06F9	Mounted knights with superior movement.[X][NL]Well balanced for speed, defense, & attack.[X]
0x06FA	A title earned only by those cavaliers whose[NL]lives have been dedicated to justice.[X]
0x06FB	Heavily armored knights. Superior defense[X][NL]outweighs their poor movement and speed.
0x06FC	Lordly knights in heavy armor. They possess[X][NL]excellent defensive and offensive skills.[X]
0x06FD	Rogues and fortune hunters. They possess[NL]weak attacks but many other skills.[X]
0x06FE	Professional soldiers-for-hire. They are well[X][NL]balanced, with superior abilities all around.[X]
0x06FF	The finest of all mercenary warriors.[X][NL]Expert in all fields of combat.[X]
0x0700	Swordsmen who possess superior speed and[NL]technique. They specialize in killing strokes.
0x0701	A title given to those dedicated to the[X][NL]sword. Incredible speed and killing strokes.
0x0702	Masters of the killing arts. They have the[NL]ability to kill a foe with a single stroke.[X]
0x0703	Lightly protected warriors armed with bows.[X][NL]They can attack from a distance.
0x0704	Archers dedicated to mastering their art.[X][NL]None can match their skill with the bow.
0x0705	Mounted knights who charge into battle with[X][NL]sword and bow. They possess great mobility.[X]
0x0706	Knights who rule the skies from wyvern-back.[NL]They are vulnerable to only bows and magic.[X]
0x0707	Knights united with their wyvern mounts.[NL]They have better movement and combat skill.[X]
0x0708	High-flying, lance-wielding knights. They can[X][NL]penetrate enemy defenses with ease.[X]
0x0709	Mages schooled in anima magic. They bypass[NL]defenses but are weak against weapons.
0x070A	A title given to advanced mages. They wield[X][NL]magic and can carry staves.[X]
0x070B	Mounted mage-knights who wield anima[NL]magic. Can also use sacred staves.
0x070C	A title given to monks who have attained[NL]enlightenment. Wields magic for offense.
0x070D	Dragonkin who live in Darkling Woods.[X][NL]Dragonstones can transform them.
0x070E	A green fighter who wishes to emulate[X][NL]his father. He's young but courageous.
0x070F	A hardworking apprentice studying magic[X][NL]under the master Saleh.[X]
0x0710	Adventurer-thieves with skills so great they[NL]can open chests and doors without tools.
0x0711	Axe-wielding powerhouses whose wild fighting[NL]style leaves them with poor defenses.[X]
0x0712	A title awarded to battle-tested warriors.[NL]The strongest of all fighters.
0x0713	Mighty axe fighters especially skilled[NL]in mountain combat.[X]
0x0714	A title for those who live to fight. Strong in[NL]mountains or at sea. Skilled in killing blows.
0x0715	Knights with high defense and mobility. They[NL]use swords, axes, and lances equally well.
0x0716	Masters of elder black magic. They are very[X][NL]powerful, but very slow as well.
0x0717	A title granted to powerful shamans. Those[NL]who battle them cower in fear of their might.[X]
0x0718	A title granted to shamans who have used[NL]forbidden magic to learn the summoning arts.
0x0719	Ascetic wielders of sacred light magic.[X][NL]Superior ability to hit but low attack power.[X]
0x071A	Members of the clergy who wield sacred[NL]staves to aid allies. They wield no weapons.
0x071B	Fresh recruits who dream of becoming[NL]knights. They're inexperienced but eager.[X]
0x071C	Knights who soar through the skies. They[NL]resist magic but are weak against bows.[X]
0x071D	Knights united with their pegasus mounts.[X][NL]They have superior skill and resistance.
0x071E	Wielders of sacred staves who aid allies in[X][NL]battle. They refuse to take arms in combat.[X]
0x071F	Mounted maidens whose sacred staves aid[X][NL]allies. They are swift but will not fight.
0x0720	Battle maidens who ride into combat wielding[NL]light magic and sacred staves.
0x0721	Dancers whose grace soothes allies.[X][NL]They do not fight in combat.
0x0722	Average foot soldiers possessing no unique[NL]abilities. They bear spears in combat.
0x0723	Axe-wielding privateers trained to[NL]fight on the high seas.[X]
0x0724	The crown prince of Grado's empire. The[X][NL]Dark Stone gives him strange powers.
0x0725	Reanimated cadavers of the recently dead.[X][NL]They are slow, but their claws are cruel.[X]
0x0726	Corpses animated by evil power. They are[NL]slow moving, but their talons are deadly.[X]
0x0727	Dead warriors given will by dark magic.[X][NL]They wield a variety of weapons.
0x0728	Skeletons infused with tremendous magical[X][NL]strength. They can wield many weapons.
0x0729	Giant poison spiders. They roam the[X][NL]mountains, attacking with deadly venom.[X]
0x072A	Giant spiders infused with tremendous[X][NL]magical strength. Their venom is lethal.
0x072B	One-eyed giants. With inhuman strength, they[NL]wield axes far larger than men can carry.[X]
0x072C	Savage demon hounds that thirst for blood.[NL]These agile beasts have razor-sharp fangs.
0x072D	Ferocious, three-headed hellhounds. Their[X][NL]triple-fanged bites are difficult to dodge.[X]
0x072E	Belligerent man-beasts. Like hurricanes they[NL]roam, wreaking havoc with their giant axes.[X]
0x072F	Creatures of great strength and speed.[NL]They pursue their prey with axes and bows.
0x0730	Floating eyes filled with dark power.[X][NL]Simply seeing one is considered an ill omen.
0x0731	Mogall of great power. Their dark might[X][NL]far exceeds that of their lesser cousins.[X]
0x0732	Beautiful and cursed creatures, whose gaze[NL]turns all who behold it into stone.[X]
0x0733	Malignant fiends who hunt with lances. They[X][NL]swoop in swiftly on their fell wings.[X]
0x0734	Gargoyles enhanced by magic. They surpass[X][NL]their lesser brethren in speed and brutality.[X]
0x0735	Select Edit Teams to build a team.
0x0736	Build or edit a multiplayer team.[X]
0x0737	Battle the computer.
0x0738	Set team [X]# with + Control Pad.
0x0739	Battle against a linked player.[X]
0x073A	Confirm battle records to date.[X]
0x073B	Set combat rules.[X]
0x073C	Build a new team.[X]
0x073D	View all units on team.[X]
0x073E	Switch teams.[X]
0x073F	Disband team.[X]
0x0740	Return to link menu.
0x0741	Select team for battle.[X]
0x0742	Select your own team.[X]
0x0743	Select team to battle.
0x0744	+Control Pad: move/B Button: back.
0x0745	Set whether to hide enemy units.
0x0746	Set victory conditions.[X]
0x0747	Set units to equip automatically.[X]
0x0748	Setting up. Please wait...
0x0749	Please wait...
0x074A	Press START to begin.[X]
0x074B	The rules for this battle.
0x074C	Select data to build a team with.[X]
0x074D	Saved data will not be changed.[X]
0x074E	Select player to move first.
0x074F	You move first.[X]
0x0750	P1 moves first.[X]
0x0751	P2 moves first.[X]
0x0752	P3 moves first.[X]
0x0753	P4 moves first.[X]
0x0754	It is all right to delete?
0x0755	Cancel and lose team contents?
0x0756	Each unit receives 30 extra pts.
0x0757	The team surrendered.[X]
0x0758	No one can do damage this turn.[X]
0x0759	Set unit speed to normal.[X]
0x075A	Set unit speed to high.[X]
0x075B	Enemy commander[X]
0x075C	Cancel
0x075D	Select up to 5 units[NL]to fight in the Link[NL]Arena. You cannot[X][NL]select units that[X][NL]cannot fight.[X]
0x075E	Swap units' items.
0x075F	Cancel link formation[X][NL]and return to the[X][NL]previous screen.
0x0760	Select two units and trade items.[X]
0x0761	Select unit to trade with.
0x0762	Discard unwanted item.
0x0763	Can trade for Merlinus's items.[X]
0x0764	Can view all units' items.
0x0765	Armories can buy and sell items.
0x0766	Build Team
0x0767	Unit List[X]
0x0768	Swap
0x0769	Disband[X]
0x076A	Link Menu[X]
0x076B	Empty[X]
0x076C	Team
0x076D	Not Linked
0x076E	Connecting
0x076F	Link Error
0x0770	Done
0x0771	Points
0x0772	Name
0x0773	Points
0x0774	Rank
0x0775	Players[X]
0x0776	Hide Units
0x0777	Victory Cond
0x0778	AutoWeapon
0x0779	Points
0x077A	Survival
0x077B	ON
0x077C	OFF[X]
0x077D	Now Loading[X]
0x077E	Connecting
0x077F	Pts.
0x0780	Rank
0x0781	P[X]
0x0782	1st[X]
0x0783	2nd[X]
0x0784	3rd[X]
0x0785	4th[X]
0x0786	P1
0x0787	P2
0x0788	P3
0x0789	P4
0x078A	P5
0x078B	The Valiant[X]
0x078D	Prologue
0x078F	Treasured Memories
0x0790	Grim Journey
0x0795	Follow Me!
0x0796	Determination[X]
0x0797	Truth, Despair, and Hope
0x0798	Land of Promise[X]
0x0799	Binding Vow[X]
0x079E	Assault[X]
0x07A2	Envoy from the Dark[X]
0x07A6	Powerful Foe
0x07A9	Sacred Strength[X]
0x07AE	Advance[X]
0x07AF	Tension[X]
0x07B3	Sorrow
0x07B4	Pokemon Pinball Blue
0x07B9	The Final Battle
0x07BA	Solve the Riddle
0x07BE	Into the Shadow of Victory
0x07C4	Colosseum Entrance
0x07C5	In the Colosseum
0x07C6	Colosseum Victory[X]
0x07C7	Colosseum Defeat
0x07C8	Victory Song A
0x07C9	Victory Song B
0x07CB	In Sorrow's Shroud
0x07CC	Records[X]
0x07CD	Victory and the Future
0x07D0	?????[X]
0x07D1	Died at[X]
0x07D2	Wounded at[NL]and parted ways with the company.[X]
0x07D3	Wounded at
0x07D4	,[X][NL]but remained until the end.[X]
0x07D7	Esfir, Keeper of Secrets[X]
0x07D9	Vagelis, The Stoic[X]
0x07DD	Lera, Young Sage[X]
0x07E1	Marlen, Helpful Horseman[X]
0x07E5	Nazar, Jovial Seafarer[X]
0x07E7	Onisim, The Atoned[X]
0x07E9	Dewi, The Forgiven[X]
0x07F7	Hollace, Purple Bear
0x07F9	Erasmus, Loyal Traitor[X]
0x07FB	Tien, Wandering Monk[X]
0x0801	Vernon, The Wise
0x0811	Surya, Jolly Berserker[X]
0x0815	Stina, The Dutiful[X]
0x082A	Cormag returned to Grado to assist in the[X][NL]reconstruction of his country. Shortly[NL]after, he left to wander on his own. Tana[X][NL]spent years looking for him. In time, she[X][NL]found him and knighted him in Frelia's service.[X]
0x0839	Dummy[X][A]
0x083A	Dummy[X][A]
0x083B	Dummy[X][A]
0x083C	Dummy[X][A]
0x083D	Dummy[X][A]
0x083E	Dummy[X][A]
0x083F	Dummy[X][A]
0x0840	[0A][10]d[NL][0A]All your saved data will be erased.[X][NL]Shall I continue?[X][19]
0x0841	[0A]Once your data is erased, it cannot[X][NL]be restored.[A][NL]Shall I continue?[X][19]
0x0842	[0A]The data has been erased.[X][A]
0x0843	Yes[X]
0x0844	No
0x0845	Buy[X]
0x0846	Sell
0x0847	Ask[X]
0x0848	Exit
0x0849	ON
0x084A	OFF[X]
0x084B	Throw away [X][8022]?[X][NL][19]
0x084C	You can't visit villages or[X][NL]houses while Silenced.
0x084D	You can't equip[X][NL]this weapon.
0x084E	Your weapon level[X][NL]is too low.[X]
0x084F	Treasure can't be dropped.
0x0850	Treasure can't be sold.[X]
0x0851	You can't use a staff[X][NL]while Silenced.[X]
0x0852	You can't speak[X][NL]while Silenced.[X]
0x0853	You can't enter the[X][NL]arena while Silenced.[X]
0x0854	You can't fight, so you[X][NL]can't enter the arena.
0x0855	Weapons, magic, and[X][NL]staves can't be stolen.[X]
0x0856	There's nothing to repair.
0x0857	Only weapons, tomes, and[NL]staves can be repaired.[X]
0x0858	There's no more ammo for[NL]the ballista.[X]
0x0859	There's no need for that.[X]
0x085A	This can't be used.[X]
0x085B	Must be above level 10.[X]
0x085C	Must be above level 10.[X]
0x085D	There's no door.
0x085E	There's no chest.[X]
0x085F	For thieves only.[X]
0x0860	Specialized weapon.[X]
0x0861	No doors or chests.[X]
0x0862	Your inventory is full.[X]
0x0863	Item cannot be repaired.
0x0864	You cannot stop in the[NL]middle of the tutorial.[X]
0x0865	Your supply convoy is full.[X][NL]Select an item to discard.[A]
0x0866	Your inventory is full. Select an item to discard.
0x0867	Your inventory is full. Send an item to Supply.[X]
0x0868	Select a unit to rescue.
0x0869	Select which space to drop the unit into.[X]
0x086A	Select a unit to receive the traveler.
0x086B	Select a unit to give the traveler to.
0x086C	Select which unit to trade with.
0x086D	Select which unit to steal from.
0x086E	Select which unit to use the staff on.
0x086F	Select which unit to speak to.
0x0870	Select unit to refresh.[X]
0x0871	Select warp point.
0x0872	Reorder your units.[X]
0x0873	Select a weapon to attack with.[X]
0x0874	Select a character to restore HP to.
0x0875	Select character to warp.[X]
0x0876	Select which character to bring next to you.
0x0877	Select a character to restore to normal.
0x0878	Select the character whose weapon needs repair.[X]
0x0879	Select which character's resistance to bolster.[X]
0x087A	Select a door to open.
0x087B	Select a unit to use the staff on.
0x087C	Select an area to light up.[X]
0x087D	Select an area to trap.[X]
0x087E	Select an area to trap.[X]
0x087F	Select a character to bless.
0x0880	Select which space to summon into.
0x0881	Select which space to use picks on.[X]
0x0882	Suspended data will be lost.[NL]Is that all right?
0x0883	 Sent[X]
0x0884	[0A][10]d[NL]
0x0885	[0A]An error has occurred.
0x0886	[0A]Sending map now.[NL]Please wait a moment.[X]
0x0887	[0A]Map send complete.
0x0888	[0A]There is no backup trial map.[X][NL]Ending map send and returning to menu.
0x0889	This unit has no usable[X][NL]weapons, so it cannot join.[X]
0x088A	This unit cannot be deployed.[X]
0x088B	If you have no usable[X][NL]weapons, you cannot attack.[X]
0x088C	[0A][10]d[NL][0A]Do you surrender?[X][NL][18]
0x088D	[0A][10]d[NL][0A]You can do no damage.[X][A][02][NL]Would you like to quit?[X][NL][18]
0x088E	Linking error.[NL]Turn the power off, check[X][NL]the connections, and retry.[X]
0x088F	Already used
0x0890	Inventory full
0x0891	Send data from[NL]Chapter 2+
0x0892	This data[X][NL]can't be used[X][NL]on a trial map.[X]
0x0893	Sacred Dragon[X][NL]added to[NL]Sound Room
0x0894	Palace Silezia[NL]added to[NL]Sound Room
0x0895	Select cleared save data.[X]
0x0896	Welcome to the armory![A][02][NL]These are the weapons[X][NL]we have for sale.[X][A]
0x0897	Welcome to the[NL]general store![A][02][NL]Here are all the items[NL]we have for sale.[X][A]
0x0898	Come back again.[A]
0x0899	Hope to see you again![A]
0x089A	Welcome to the armory.[A][02][NL]I deal in all sorts of goods.[X][NL][1A]
0x089B	Welcome to the general store.[X][A][02][NL]How can I help you?[X][NL][1A]
0x089C	Shhh... Hee hee...[A][02][NL]This is a secret shop![NL][1A]
0x089D	Do you need anything else?[NL][1A]
0x089E	Anything else for you?[NL][1A]
0x089F	Well? Anything else for you?[NL][1A]
0x08A0	Do you need anything else?[NL][1B]
0x08A1	Can I do anything else for you?[X][NL][1B]
0x08A2	Is there anything else you need?[NL][1B]
0x08A3	What would you like?
0x08A4	What can I get for you?[X]
0x08A5	What do you need?[X]
0x08A6	Anything else?
0x08A7	Anything else?
0x08A8	Any other requests?[X]
0x08A9	What do you want to sell?[X]
0x08AA	What are you selling?[X]
0x08AB	What would you sell?
0x08AC	You've got nothing to sell![X][A]
0x08AD	You have nothing to sell.[X][A]
0x08AE	You've got nothing to sell![X][A]
0x08AF	Selling anything else?
0x08B0	Anything else to sell?
0x08B1	What else are you selling?
0x08B2	You don't have the money![X][A]
0x08B3	You're short of funds.[A]
0x08B4	Heh! Not enough money![A]
0x08B5	How does [X][8005] gold[X][NL]sound to you?[X][18]
0x08B6	That's worth [X][8005] gold.[NL]Is that all right?[18]
0x08B7	That is worth [8005] gold.[NL]Is that acceptable?[X][18]
0x08B8	Come back again.[A]
0x08B9	Drop in again.[A]
0x08BA	Hee hee... Buh-bye![X][A]
0x08BB	I can't buy that.[X][A]
0x08BC	I can't buy that.[X][A]
0x08BD	Hee hee... Wait a minute.[X][NL]I can't buy that![X][A]
0x08BE	Looks like you're full.[X][A][02][NL]Send it to storage?[X][NL][18]
0x08BF	Your hands are full.[A][02][NL]Send it to storage?[X][NL][18]
0x08C0	Your hands are full.[A][02][NL]Send it to storage?[X][NL][18]
0x08C1	Looks like you're full.[X][A]
0x08C2	Your hands are full.[A]
0x08C3	Your hands are full.[A]
0x08C4	Right. I'll send it now.[A]
0x08C5	Right. I'll have it sent.[X][A]
0x08C6	Heh heh... I'll send it then.[X][A]
0x08C7	No? Too bad. You could[NL]take it if you made room.[X][A]
0x08C8	That's a shame. You could[X][NL]carry it if you made room.[A]
0x08C9	Ah, well... You could take[NL]it if you made room.[A]
0x08CA	Too bad you don't have a[NL]supply convoy to send it to.[A]
0x08CB	If you had some storage,[NL]I could send it there...[A]
0x08CC	If you had some storage,[NL]I could send it to you.[X][A]
0x08CD	Your storage is full, too![NL]Rearrange your things![A]
0x08CE	Your storage is full,[X][NL]too. Try again later.[X][A]
0x08CF	Heh... Your storage is full,[NL]too. Rearrange things...[A]
0x08D0	Welcome to the arena![X][A]
0x08D1	Welcome to the arena.[X][A][NL]Oh! It's you again.[X][A][02][NL]I've lost a lot of gold[X][NL]thanks to you...[A][02][NL]If you want to continue,[A][NL]we're going to have to[NL]do things differently.[A][02][NL]I'm going to prepare some[X][NL]more challenging foes.[A]
0x08D2	Would you like to wager[X][NL][8005] gold?[18]
0x08D3	Good luck. Don't get[NL]yourself killed.[A]
0x08D4	What's that? Bah![X][NL]Get outta here![X][A]
0x08D5	Fight 'til you drop, or press[X][NL]the B Button to yield.[A]
0x08D6	So you won, eh? Here's[NL]your prize. [8005] gold.[A]
0x08D7	Ahh, you lost? I'd hoped[NL]for better from you.[A]
0x08D8	What? You yield? Well,[NL]your gold is mine, then![A]
0x08D9	Looks like no one wins.[X][NL]Here's your money back.[X][A]
0x08DA	You don't have the money![X][NL]Try again later.[A]
0x08DC	Eirika and her companions have liberated [X][NL]the border castle.[A][NL][8004]Alongside Princess Tana of Frelia, they ride [X][NL]to the Frelian capital.[X][A][NL][8004]
0x08DD	The world map shows the continent in [X][NL]its entirety.[X][A][02][NL]Castles, towns, and other map points[NL]are added to the map as you play.[X][A][02][NL]Press the A Button when not on a map [X][NL]point to open the [8021]map menu[8021].[X][A][NL]This is where you can [8021]save[8021].[X][NL]When you want to stop playing, use this [NL]option to save your progress.[X][A][02][NL]Now then, move on to your next[NL]destination.[A][NL]The marker with the [8021]red flag[8021] in the center[NL]of the map is your destination.[X][A][NL]Move the triangle cursor onto the red flag [X][NL]and press the A Button.[X][A]
0x08DE	King Hayden apologizes for being unable to [X][NL]spare soldiers.[X][A][NL][8004]However, he does provide Eirika with a small [X][NL]but trusted party of vassals.[X][A][02][NL][8004]Eirika is grateful for the king's aid.[A][NL][8004]Chasing rumors of her brother, she sets out [NL]for Grado.[A][02][NL][8004]The group's first stop is the remote village [X][NL]of Ide, which was, until very recently, [A][NL]a part of Renais.[X][A][NL][8004]Here, Eirika sees the devastation of Renais [NL]with her own eyes.[A][NL][8004]
0x08DF	Once cleared, battle sites become [8021]bases[X][8021]. [NL]You can [8021]manage items[8021] on any base.[X][A][02][NL]To manage items, place the cursor on your [NL]character icon.[X][A][NL]Then, press the A Button to bring up the[NL][8021]Manage Items[8021] command.[X][A][NL]Choose Manage Items to trade possessions[NL]with your supply convoy or with other units.[A][02][NL]Some map areas have [8021]shops[X][8021][NL]and [8021]armories[8021].[X][A][NL]To see if a base has a shop or an[X][NL]armory, move the cursor to that base.[X][A][NL]For example, in Ide, where Eirika is[NL]now, there is an [X][8021]armory[8021].[X][A][NL]Check the corner of the screen for the[NL][8021]base name[X][8021] and any [X][8021]shop icons[8021].[X][A]
0x08E0	Eirika and company pursue the thief who [NL]stole her bracelet.[X][A][NL][8004]Their chase leads them into the mountains,[NL]where Bazba's Bandits pillage at will.[A][NL][8004]Eirika cannot ignore her countrymen's pleas [NL]for help.[X][A][NL]She leads her group in search of the [X][NL]bandits' stronghold.[A][NL][8004]
0x08E1	With her bracelet recovered, Eirika sets[NL]out with renewed determination.[X][A][NL][8004]Passing through the ancient forest Za'ha [X][NL]brings them close to Grado's border.[A][NL]As they near the town of Serafew, Eirika's[NL]fears are assuaged by the lack of troops.[X][A][NL][8004]But never-before-seen terrors crawl in the [X][NL]shadows of the trees.[X][A][NL][8004]
0x08E2	An ominous wave of dark creatures washes [X][NL]over the continent...[X][A][NL][8004]Eirika's journey to find her brother, Ephraim, [X][NL]grows ever more perilous.[X][A][NL]Still, she presses on despite the danger. [NL]Her will is strong.[X][A][02][NL][8004]The town of Serafew, located on the border [X][NL]of Renais and Grado.[A][NL][8004]The people of both countries have long used [NL]the town as a meeting place.[A][NL]It stands as testimony to the friendship the [X][NL]two nations have shared these many years.[X][A][NL]Now, however, Serafew is teeming with [NL]Grado troops.[X][A][NL][8004]
0x08E3	Eirika suppresses her feelings of unease [X][NL]and continues to search for her brother.[A][NL][8004]Passing through Serafew, the group crosses [X][NL]into the Grado Empire.[A][02][NL]From here forward, there is no doubt that[X][NL]they are walking through hostile territory.[X][A][NL][8004]In hopes of avoiding unnecessary trouble,[X][A][NL]Eirika and company head for a sparsely[NL]populated region of Grado.[A][NL][8004]However, it is too late. Their movements are [X][NL]already being tracked.[A][NL][8004]
0x08E4	Rumors say that Ephraim has been defeated [NL]and taken prisoner.[X][A][NL]Now Eirika must find a way to rescue her [X][NL]brother from beneath enemy eyes.[A][NL][8004]Eirika's company rushes toward Castle [NL]Renvall, where Ephraim is being held.[X][A][NL][8004]Surrounded by lakes, Renvall is a natural[X][NL]fortress, all but unassailable.[X][A][NL][NL]A lone bridge, held by the enemy, is its[NL]only entrance.[A][02][NL]Eirika has only one choice.[X][A][NL][8004]Eirika decides to confront Grado's soldiers [NL]head on...[A][NL][8004]
0x08E5	The [8021]Tower of Valni[8021] has appeared to the[NL]east of Castle Frelia on the world map.[X][A][NL]Once held by Grado's troops, it has become[NL]home to a host of [8021]dark creatures[8021].[X][A][NL]Battling these monstrosities is a good [X][NL]way for units to gain strength.[X][A][NL]Try using the tower as a training area [X][NL]to gain extra experience.[X][A][02][NL]Be aware: you cannot save your battle [NL]preparations for tower skirmishes.[A][NL]Once you clear a tower map, you'll have [NL]access to the next floor.[X][A][NL]Each floor is more difficult than the last, [NL]so come prepared![X][A][02][NL]Dark creatures also may appear on other [NL]bases on the world map.[X][A][NL]To engage these demons in combat,[X][A][NL]simply place the cursor on their location [NL]and press the A Button.[X][A][02][NL]If the battle goes poorly and you're in [NL]danger of losing units,[X][A][NL]use the [8021]retreat[X][8021] command on the map [NL]menu to withdraw your troops.[X][A]
0x08E6	Eirika chooses to travel by sea to the [X][NL]theocracy of Rausten.[X][A][NL][8004]Her search for a ship leads her to Port Kiris [NL]in Carcino.[X][A][NL][8004]Carcino is a young nation ruled by a council[NL]of merchants, and it is an ally of Frelia.[A][NL][8004]Carcino council leader Klimt, a staunch [NL]opponent of Grado's imperialistic actions,[A][NL][8004]has pledged Carcino's support to Frelia in [X][NL]this conflict.[A][NL][8004]Prince Innes also intends to pass through [NL]Carcino on his way to Jehanna.[A][NL][NL]Eirika believes there is nothing to fear [X][NL]in Carcino, but she is wrong.[X][A][NL][8004]
0x08E7	Carcino has betrayed Frelia and joined forces [NL]with Grado.[X][A][NL][8004]Carcino's troops stop Prince Innes, blocking[NL]his way to Jehanna.[X][A][NL][8004]With soldiers occupying the road forward and [X][NL]back, he is trapped in a hopeless situation.[A][NL][8004]Eirika rushes to the prince's aid.[A][NL][8004]
0x08E8	The Caer Pelyn Range...[X][A][NL][NL]According to Ewan, a little-known passage [NL]to Jehanna lies there,[A][NL][NL]hidden within its cracked red bedrock and [NL]knife-edged peaks.[A][NL][8004]To avoid Carcino and combat, Eirika's[X][NL]troops take the mountain path.[A][NL][8004]They begin climbing higher and higher toward [X][NL]Caer Pelyn.[X][A][NL][8004]Unbeknownst to the group, hordes of dark [X][NL]creatures now roam the peaks.[X][A][NL][8004]
0x08E9	Jehanna, home of dancing white sands.[X][A][NL]This largely barren desert nation is infamous [NL]for its mercenary forces.[X][A][NL][8004]In accordance with her husband's dying wish, [X][NL]the beautiful Ismaire rules Jehanna.[A][NL][NL]The Queen of the White Dunes governs [X][NL]Jehanna with grace and honor.[X][A][NL][NL]When he was young, her son left Jehanna.[NL]His whereabouts remain unknown.[X][A][NL][8004]After passing through Caer Pelyn, Eirika [X][NL]arrives in Jehanna.[X][A][NL][NL]There, she finds the nation embroiled in [X][NL]combat with Grado's forces.[X][A][NL][8004]
0x08EA	Thanks to the arrival of reinforcements[X][NL]from Princess L'Arachel of Rausten,[X][A][NL][8004]Eirika and her allies successfully repel the [X][NL]Grado invaders.[X][A][NL][8004]Still, Jehanna Hall remains under siege, on [NL]the edge of ruin.[X][A][NL][8004]En route, Eirika learns that the hall has [NL]indeed been captured by Grado.[A][NL][8004]To rescue Queen Ismaire and recover [NL]Jehanna's Sacred Stone,[X][A][NL][NL]Eirika leads an assault on the royal hall.[A][NL][8004]
0x08EB	Jehanna Hall has capitulated to Grado's [NL]forces and the Knights of Rausten,[A][NL][NL]who rode to Jehanna's aid, have been routed [NL]by General Valter.[A][NL][8004]On their own again, Eirika and company flee [NL]into the desert.[A][NL][8004]Without mercy, Generals Valter and Caellach [NL]come hunting.[X][A][NL][8004]Eirika is soon brought to ground.[X][NL]Enemy forces close in on all sides.[X][A][NL][8004]
0x08EC	The capital of Renais.[A][NL][NL]After the twins' absence, seeing their home[X][NL]ruined by war brings them terrible grief.[X][A][NL][8004]Orson, a former Knight of Renais, had been [X][NL]assigned to guard Castle Renais.[A][NL]However, he switched allegiances, betraying [NL]his oaths of loyalty to his homeland.[X][A][NL][8004]Eirika marks her homecoming by vowing to see [X][NL]Renais healed.[A][NL][8004]
0x08ED	The Sacred Stones that defeated the Demon[X][NL]King radiate a constant and dazzling light.[X][A][NL][8004]The Sacred Stones are the only power against[NL]the dark, the last hope of humanity. [X][A][NL][8004]It is only natural that evil would seek[X][NL]to destroy the Sacred Stones...[X][A][NL][NL]There can be no other force behind this[X][NL]attempt to gain the stones.[X][A][NL][8004]A childhood friend appears before Eirika.[X][A][NL][8004]
0x08EE	The group sets off in search of Grado's [NL]elusive Imperial Prince Lyon.[X][A][NL][NL]Innes has ordered Frelian troops to aid in [X][NL]the hunt.[X][A][NL]The troops return with news that Lyon has [NL]moved north.[A][NL][8004]The group's search for Lyon leads them to [NL]Mt. Neleras, in the heart of Darkling Woods.[A][NL][NL]The scorching heat and sulphur stench render [X][NL]the area unfit for human habitation...[A][NL][8004]Endless numbers of gorgon eggs stud the [NL]forbidding landscape. [A][NL][8004]
0x08EF	The Sacred Stone of Renais has been [NL]broken.[X][A][NL]Constant strife with dark creatures has[X][NL]made the group's progress near impossible.[A][NL][8004]Princess L'Arachel of Rausten suggests they[X][NL]pay a visit to Rausten Court.[X][A][NL][NL]It is here that the final Sacred Stone[NL]is sealed away.[X][A][NL][8004]L'Arachel rides cheerfully toward her homeland [X][NL]with the company in tow.[A][NL][8004]
0x08F0	According to legend, the Sacred Stones [X][NL]have sealed evil away from the world.[X][A][NL]Four of the five stones have been destroyed,[NL]leaving only the last stone intact.[X][A][NL][NL]The last stone must be protected to stave[X][NL]off the Demon King's restoration.[X][A][NL][8004]Eirika and company challenge the demons of [X][NL]Darkling Woods.[X][A][NL][8004]According to legend,[A][NL][NL]the original possessors of the Sacred Stones[NL]defeated the Demon King in Darkling Woods.[A][NL][NL]His foul blood seeped into the land,[NL]corrupting every seed and every root.[X][A][NL][NL]The once-pristine forest was transformed by[X][NL]the flood of disease and venom.[X][A][NL][NL]Legend says the Demon King's corpse lies [X][NL]there still, not dead but dreaming.[X][A][NL][NL]Dreaming of when the last stone is crushed,[X][A][NL]and he will rise from his bed of rocks and [X][NL]worms and return to the surface.[A][NL][8004]Within Darkling Woods, hideous fiends roam[NL]in increasing numbers, as if responding[X][A][NL]to some unheard call...[X][A][NL][8004]
0x08F1	Ephraim begins his march south toward[X][NL]Grado from Castle Frelia.[X][A][NL][8004]Upon conquering Renais, the Grado Empire[NL]has set its sights on Frelia.[X][A][NL][8004]However, Innes and his troop meet the [NL]invaders at the waters' edge.[X][A][NL][8004]Against all odds, Innes halts the invasion, [NL]keeping Frelia's border intact.[X][A][NL][8004]Ephraim coordinates Frelia's troops in an[X][NL]effort to advance the front lines.[A][NL][8004]Unbeknownst to Ephraim, Grado forces are [X][NL]waiting for them at Fort Rigwald.[X][A][NL][NL]They've fortified their positions and plan[NL]to wait out Frelia's siege.[X][A][NL][8004]Undaunted, Ephraim remains determined [NL]to root out Grado.[A][NL][8004]
0x08F2	A former lance instructor to Ephraim,[X][A][NL]Grado's General Duessel often came to Renais [X][NL]as an emissary of his empire.[X][A][NL][8004]Despite their stations, the two men share [NL]similar dispositions and a warm relationship.[X][A][NL][8004]Why has Grado started this war?[X][A][NL]What is the miasma of evil emanating [X][NL]from the country?[X][A][NL][NL]Ephraim believes that Duessel can answer[NL]these questions.[A][NL][8004]It is this belief that propels Ephraim[NL]forward into Grado territory.[X][A][NL][8004]
0x08F3	General Duessel tells them of the enigmatic [NL]Dark Stone.[X][A][NL][NL]The product of Grado's research into [X][NL]the dark arts, [X][A][NL][NL]the Dark Stone possesses power far beyond [NL]that of the Sacred Stones.[A][NL][8004]According to the rumors swirling about, [A][NL][NL]Vigarde's descent into madness coincides [X][NL]with the creation of the Dark Stone.[A][NL][8004]Ephraim must confirm the existence of[X][NL]the Dark Stone. [A][NL]He decides to travel to Grado by sea.[X][A][NL][8004]Midway through their passage, however,[NL]an eerie fog begins to form...[A][NL][8004]
0x08F4	Ephraim leads the group to Za'albul Marsh in [X][NL]search of the missing Myrrh.[A][NL][NL]They learn from soldiers and villagers that [NL]Myrrh had been captured by General Selena, [X][A][NL][NL]one of Grado's commanders.[NL]She was last seen heading east.[X][A][NL][NL]To regain their companion, the group will [NL]now be forced to fight.[X][A][NL][8004]Ephraim steels his heart to the reality[X][NL]that he must face Selena.[X][A][NL][8004]
0x08F5	Myrrh returns safely to Ephraim's side.[X][A][NL][8004]A noble warrior to the end, Selena fought[X][NL]with great honor, [A][NL][NL]never once using Myrrh as a hostage.[A][NL][8004]Ephraim renews his vow to pierce the veil [NL]of mystery surrounding the Grado Empire.[A][NL][8004]Selena is added to the list of innocents who [X][NL]Grado must account for.[X][A][NL][8004]The center of the Grado Empire. Emperor[X][NL]Vigarde should have been here, but...[X][A][NL][8004]
0x08F6	Ephraim's sister is in danger.[A][NL][8004]Grado's General Caellach has attacked [NL]Jehanna Hall, forcing its surrender.[A][NL][8004]Though Eirika and her troop have left the [NL]Hall, Grado's forces pursue them relentlessly.[A][NL][NL]Trapped in the burning desert, enemy forces[X][NL]close in on them from all sides. [X][A][NL][8004]With no time to wait for Frelia's troops, [NL]Ephraim leaves for Jehanna immediately.[X][A][NL][8004]He must go to his sister's aid.[X][A][NL][8004]
0x08F7	The capital of Renais.[A][NL][NL]After the twins' absence, seeing their home[X][NL]ruined by war brings them terrible grief.[X][A][NL][8004]Orson, a former Knight of Renais, had been [X][NL]assigned to guard Castle Renais.[A][NL]However, he switched allegiances, betraying [NL]his oaths of loyalty to his homeland.[X][A][NL][8004]Ephraim marks his homecoming by vowing to [NL]see Renais healed.[A][NL][8004]
0x08F8	The Sacred Stones that defeated the Demon[X][NL]King radiate a constant and dazzling light.[X][A][NL][8004]The Sacred Stones are the only power against[NL]the dark, the last hope of humanity. [X][A][NL][8004]It is only natural that evil would seek[X][NL]to destroy the Sacred Stones...[X][A][NL][NL]There can be no other force behind this[X][NL]attempt to gain the stones.[X][A][NL][8004]A childhood friend appears before Ephraim.[A][NL][8004]
0x08F9	The group sets off in search of Grado's [NL]elusive Imperial Prince Lyon.[X][A][NL][NL]Innes has ordered Frelian troops to aid in [X][NL]the hunt.[X][A][NL]The troops return with news that Lyon has [NL]moved north.[A][NL][8004]The group's search for Lyon leads them to[X][NL]Mt. Neleras, deep within Darkling Woods.[A][NL][NL]The scorching heat and sulphur stench render [X][NL]the area unfit for human habitation...[A][NL][8004]Endless numbers of gorgon eggs stud the [NL]forbidding landscape. [A][NL][8004]
0x08FA	The Sacred Stone of Renais has been [NL]broken.[X][A][NL]Constant strife with dark creatures has[X][NL]made the group's progress near impossible.[A][NL][8004]Princess L'Arachel of Rausten suggests they[X][NL]pay a visit to Rausten Court.[X][A][NL][NL]It is here that the final Sacred Stone[NL]is sealed away.[X][A][NL][8004]L'Arachel rides cheerfully toward her homeland [X][NL]with the company in tow.[A][NL][8004]
0x08FB	According to legend, the Sacred Stones [X][NL]have sealed evil away from the world.[X][A][NL]Four of the five stones have been destroyed,[NL]leaving only the last stone intact.[X][A][NL][NL]The last stone must be protected to stave[X][NL]off the Demon King's restoration.[X][A][NL][8004]Ephraim and company challenge the demons of [NL]Darkling Woods.[X][A][NL][8004]According to legend,[A][NL][NL]the original possessors of the Sacred Stones[NL]defeated the Demon King in Darkling Woods.[A][NL][NL]His foul blood seeped into the land,[NL]corrupting every seed and every root.[X][A][NL][NL]The once-pristine forest was transformed by[X][NL]the flood of disease and venom.[X][A][NL][NL]Legend says the Demon King's corpse lies [X][NL]there still, not dead but dreaming.[X][A][NL][NL]Dreaming of when the last stone is crushed,[X][A][NL]and he will rise from his bed of rocks and [X][NL]worms and return to the surface.[A][NL][8004]Deep within Darkling Woods, misshapen beasts[NL]roam in ever-growing numbers...[X][A][NL]as if answering some unheard call.[A][NL][8004]
0x08FC	Retreat?        [NL][19]
0x08FD	Proceed to next floor?[NL][18]
0x08FE	[0A][10]d[NL][0A]Do you want to quit?[NL][18]
0x08FF	[0A]Next time, choose Resume[NL]Chapter to finish this battle.[A]
0x0900	[0D][10][08][NL][0D]Here I come, Tana![A][NL]Triangle attack![A]
0x0901	[0D][10]D[NL][0D]Coming here was [NL]a grave mistake![A][NL]Ha ha ha![A]
0x0902	[0D][10]+[NL][0D]Behold, the secret strike of[NL]Frelia's pegasus knights![X][A][NL]Triangle attack![A]
0x0904	[09][10]Q[NL][0C][10][02][NL][0C][800D][0B]Father[16]...[X][16][A][09]Eirika.[X][A][NL]Are you wearing the[X][NL]bracelet I gave you?[A][0B]Yes, I have it right here.[A][09]Good.[X][A][15][09]Seth.[X][A][0D][10][04][NL][0D]Yes, Your Majesty?[A][09]Take Eirika and head for Frelia.[A][NL]King Hayden is an honorable man.[NL]I trust he will keep you safe.[A][0D]Understood.[X][A][NL]And what of Your Majesty?[X][A][09]Me? I shall remain here.[A][NL]We have long held Grado among our[X][NL]dearest allies, yet now, they attack?[X][A][NL]I must know why.[A][15][09]Am I somehow responsible for this?[NL]Have I erred in my leadership?[A][NL]Renais is mine to guide[X][16]... [16]How[X][NL]could I have failed her so?[X][A][1C][0B][800D][0B]Father, you can't stay! You mustn't![A][NL]If you remain behind, then so shall I![A][09]Go now, Seth! Ride![X][NL]Take her to safety![X][A]
0x0905	[0B][10][02][NL][0D][10][04][NL][0B]Father![X][A][1C][0D]Forgive me,[X][NL]Your Highness.[A]
0x0906	[09][10]Q[NL][09]Ephraim, Eirika[X][16]...[X][16][NL]You must survive.[X][A]
0x0907	[0C][10][04][NL][09][10][06][NL][09]General Seth![X][A][0C]Franz, ride ahead and bring word of our[X][NL]coming to Frelia.[X][A][NL]A single rider has better odds of passing[X][NL]unseen by Grado's men.[A][NL]Convey to the throne all that has happened[NL]here and petition for reinforcements.[X][A][09]U-understood![X][A]
0x0908	[09][10][04][NL][0C][10][02][NL][09]Princess Eirika, we must[16]--[16][A][NL]Quickly! Behind me![X][A]
0x0909	[08][10][02][NL][0A][10][04][NL][0C][10]B[NL][0C]You there, with the girl. Tell me, would[NL]that be the wayward princess of Renais?[X][A][NL]Well, this must be my lucky day.[A][NL]You're a dead man. The wench goes[X][NL]with me.[A][0A]Never![A]
0x090B	[09][10][04][NL][09]Ahhh[16]...[X][16][A][02][NL]No![X][A]
0x090C	[0C][10]B[NL][0C]Such terrible wounds, and still[X][NL]he holds to his duty?[X][A][NL]How entertaining.[X][A][NL]Fly away, little man. Fly away.[X][NL]Try to outrun death.[A][NL]More time to savor the hunt[X][16]...[X][16][NL]and the kill.[X][A]
0x090D	[0C][10][02][NL][09][10][04][NL][09]Princess Eirika! This way! I can [X][NL]see no more of Grado's men.[X][A][NL]If we've made it this far, we've[NL]surely earned a moment's rest.[A][NL]Please forgive my grabbing you[NL]so[16]...[X][16]brusquely earlier.[A][0C]Don't be foolish, Seth.[X][A][NL]If it weren't for you, I would never[NL]have made it out of the castle.[X][A][NL]You are the reason I'm still alive.[X][NL]You have my gratitude.[A][0C][800D][0B]And whoever that man was, he was[NL]clearly after me[16]...[X][16][A][NL]It's my fault that you received[X][NL]such a grave wound.[X][A][NL]Allow me to treat it, I[X][16]--[16][A][09]Your Highness, I can't allow an injury[NL]like this to be an obstacle.[A][NL]We have more important matters to[X][NL]attend to. We must press on to Frelia.[A][NL]We must fulfill His Majesty's wishes.[X][A][0B][16]...[X][16][A][NL]I wonder how my father fares alone in[X][NL]the castle. Do you think he's safe?[X][A][NL]And what of my brother on the Grado front?[NL]We've heard nothing from him for days.[A][09]King Fado and Prince Ephraim are[NL]both valiant and brave men.[X][A][NL]I doubt even the might of the Grado[X][NL]Empire can hold them in check.[A][NL]More important to me, Your Highness, [X][NL]is that you look to your own safety.[A][NL]How sad the two of them would be if[X][NL]something were to happen to you.[A][NL]We must reach Frelia to ensure the[NL]day of your happy reunion.[A][0B]Yes, of course. You're right.[X][A][NL]Until I'm reunited with my father[X][NL]and brother, I must not despair.[A][NL]Come, Seth. Let us go.[A]
0x090E	[09][10][04][NL][09]Once we cross that bridge, we will[NL]be in Frelia, near Border Mulan.[A][NL]Let us proceed, Princess Eirika.[A]
0x090F	[09][10][02][NL][0C][10][04][NL][0C]Your Highness, I won't lie to you.[NL]This will not be an easy ride.[A][NL]Please, take this rapier.[X][NL]If something should happen to me,[X][A][NL]you must continue to Frelia,[NL]alone if need be.[X][A]
0x0910	[0C][10]0[NL][0C]You there! Renais dogs! Where[X][NL]do you think you're going?[A][0C][11][0A][10][02][NL][08][10][04][NL][08]Grado's men[X][16]...[X][16][A][NL]Stand back, Princess Eirika.[A][0A]It's all right, Seth.[X][A][NL]My brother has taught me[NL]something of swordplay.[X][A][NL]I will stand with you.[A]
0x0911	[0C][10][02][NL][09][10][04][NL][09]Princess Eirika![A][0C]I'm fine. His axe was[X][NL]slow, and I was quick.[A][NL]Now it's my turn![X][A]
0x0912	[0C][10][02][NL][09][10][04][NL][09]I'll hold the rest of them here.[NL]Please, Princess[16]--[16]to Frelia![A]
0x0913	[09][10][04][NL][09]All that's left is their leader[X][16]...[X][16][A]
0x0914	[0C][10]0[NL][0C]What was that? Do you think you can[X][NL]take me, wretched lordling?[X][A][NL]Come! It's time you high-and-mighty[X][NL]knights learned to respect a true warrior![A]
0x0915	[0C][10][04][NL][0C]Urgh[16]...[X][16][A][0C][11][09][10][02][NL][09]Seth![X][A][NL]His wounds must be worse[NL]than he let on[16]...[X][16][A][09][11][0C][10]0[NL][0C]Time to die![A][0C][11][09][10][02][NL][09]Stop! Face me, if[X][NL]you have the steel![X][A]
0x0918	[09][10][04][NL][0C][10][02][NL][09]Princess, are you injured?[A][0C]What?[X][A][NL]Oh, no[16]...[X][16][05][NL]I'm fine, Seth.[X][A][09]But you look so pale[16]...[X][16][A][0C]I'm fine[16]... [16]Fine.[X][A][NL][16]...[X][16]This is war, isn't it?[A][NL]It's not at all like the games I used[X][NL]to play with my brother or Lyon.[A][NL]I never thought[X][16]-- [X][16]I didn't[NL]know it would be this[X][16]...[X][16]savage.[X][A][NL]Are words useless? Is strength[NL]all that matters? It's so sad[X][16]...[X][16][A][NL]Why would the Grado Empire do this?[X][NL]To what end would they start a war?[X][A][09]Princess[16]...[X][16][A][0C][16]...[X][16]Don't worry, Seth. I won't[NL]give in to sorrow.[A][NL]Let's get moving.[X][A][NL]I'm not broken, and I won't stop[NL]until I see Renais restored.[A][NL]I won't stop until I'm reunited[X][NL]with my father and brother.[X][A]
0x0919	Your training begins with [8021]movement[8021].[X][A][NL]Place the [8021]square cursor[X][8021] on[X][NL]Eirika and press the [X][8021]A Button[8021].[X][A]
0x091A	Press the [8021]A Button[8021][NL]to select Eirika.[X][A]
0x091B	This is a message from[NL]Easy Mode. Enjoy![A]
0x091C	Welcome to Easy Mode![NL]This is Chapter 2.[A][NL]Not sure how to get rid of this.[NL]Enjoy![A]
0x091D	Red units are [8021]enemy units[X][8021].[X][A][NL]After all of Eirika's party has moved,[NL]the [8021]enemy[X][8021] units will move.[X][A][NL]Each side takes turns moving and then[X][NL]fighting until the battle ends.[X][A]
0x091E	It's time to [X][8021]attack[8021][NL]the enemy.[A][NL]Place the cursor on Eirika[NL]and press the [8021]A Button[8021].[X][A]
0x091F	The cursor is now on Eirika.[NL]Press the [8021]A Button[8021].[X][A]
0x0920	Select [X][8021]Attack[8021] and press[NL]the [8021]A Button[8021].[X][A]
0x0921	This is the [8021]combat[NL]information window[8021].[X][A][NL]You can see the combatant's[X][NL][8021]HP[8021] and the amount[X][NL]of damage you will inflict.[X][A][NL]Eirika should do [X][8021]7[X][8021] points,[NL]and the enemy should do [8021]9[X][8021].[X][A][NL]You see the [8021]x2[8021] next to[NL][8021]Mt[8021], right?[A][NL]This indicates that you will[NL][8021]attack twice[8021].[X][A][NL]Eirika is faster than her[X][NL]opponent, so she can [X][8021]strike[NL]twice[X][8021] in one turn.[X][A][NL]So, with [X][8021]2 attacks of 7[NL]points each[X][8021], Eirika will[X][NL]do [X][8021]14 points[X][8021] of damage.[X][A][NL]Now press the [8021]A Button[8021] to[X][NL][8021]attack[8021] the enemy.[X][A]
0x0922	On this map you need to defeat[NL]O'Neill, the enemy leader, to win.[A][NL]The [8021]objective[X][8021] is displayed at the [X][NL]corner of the screen.[X][A][NL]Your objective changes from map to[NL]map, which may change your approach.[A][NL]Check your objective before deciding[NL]your strategy. Now, attack the enemy![X][A]
0x0923	Place the cursor on [8021]Eirika[8021] and[NL]press the [8021]A Button[8021].[X][A]
0x0924	The cursor is now on Eirika.[NL]Press the [8021]A Button[8021].[X][A]
0x0925	Move next to the enemy[NL]and press the [8021]A Button[8021].[X][A]
0x0926	The [8021]combat information[NL]window[8021] is open again.[X][A][NL]Do you see [X][8021]Hit[X][8021] displayed[NL]below [8021]HP[8021] and [X][8021]Mt[8021]?[X][A][NL][8021]Hit[X][8021] is the likelihood that[X][NL]you will land your blow.[A][NL]Eirika's [X][8021]Hit[X][8021] is 94, so she[NL]has a 94 percent chance[X][NL]of hitting the enemy.[X][A][NL][8021]Crit[8021], short for Critical, also[NL]appears in this window.[X][A][NL]This is the chance an attack[NL]will be a lethal strike.[A][NL]Eirika's [X][8021]Crit[8021] is 14, so she[NL]has a 14 percent chance of[NL]landing a killing blow.[X][A][NL]Critical attacks do [8021]3 times[X][8021][NL]the damage of a normal[NL]attack.[X][A][NL]Press the [8021]A Button[8021] to[X][NL]attack the enemy leader.[A]
0x0927	Eirika gained over [X][8021]100[X][NL]experience points[X][8021] and[NL]has [8021]leveled up[8021].[X][A][NL]Gaining levels increases [X][NL]unit abilities and makes [X][NL]them stronger.[A]
0x0928	You've received a rapier from Seth.[X][A][NL]All weapons have a [X][8021]durability[8021] rating.[NL]The rapier's durability is 40.[A][NL]Once the rapier has been used[X][NL]40 times, it will break.[A][NL]Pay close attention to how many uses[NL]your weapons have remaining.[A]
0x0929	[09][10]j[NL][0C][10],[NL][09]Princess Tana! Grado's[NL]forces are approaching![X][A][0C]What? So soon?[NL]Ah, we've had no time![A][09]Milady, we lack the arms to defend this[X][NL]place. You must return to Castle Frelia.[A][0C]I can't! Not yet. We haven't found[NL]Eirika and her companions yet.[A][NL]Eirika is my friend, and she needs[NL]my help. I won't abandon her.[X][A][NL]Oh, I know! Go and ask Father[X][16]--[16][NL]I mean King Hayden for more troops.[X][A][09]Yes, Your Highness![X][A][09][11][0C]Eirika, please be safe.[X][A][15]
0x092A	[09][10]k[NL][0C][10]1[NL][09]Commander Breguet, the enemy appears to[X][NL]be fortifying its position in the castle.[X][A][0C]Hmph.[X][A][NL]They're tenacious, but they have[NL]no hope of stopping our advance.[A][09]What are your orders, sir?[A][0C]Ha! Orders? You just stand here and[X][NL]watch. I'll crush them myself![A][09]As you command, sir.[A][15]
0x092B	[09][10]1[NL][09]Ha! That's what happens[X][NL]when you face my lance![X][A]
0x092C	[0C][10],[NL][09][10]1[NL][0C][800D][0B]St-stop right there![A][NL]Call off your forces and turn back,[X][NL]or you'll have me to deal with![X][A][09]Is that so? And[X][NL]who might you be?[X][A][0B]Who[X][16]--? [16]I am Tana, Princess[X][NL]of Frelia.[A][NL]I will not permit you to abuse[NL]my country any longer.[A][09]Frelia's royal brat, huh?[X][NL]How convenient[16]...[X][16][A][0B]Leave this castle immediately.[A][NL]If you harm me, my father and brother[X][NL]will chase you to the earth's end.[A][09]Yes, I've heard how King Hayden dotes[X][NL]on his precious little daughter.[A][NL]Let's see how true that is. You'll[NL]make us a fine hostage, my dear.[A][NL]Seize the girl and lock her up![X][A][0D][10]k[NL][0D]Right away, sir![A][1C][0B][800D][0B]No! Let me go![A]
0x092D	[0C][10][02][NL][09][10][04][NL][0C]Seth, look[16]...[X][16][A][09]I see it. It seems like Grado's[X][NL]army has already reached Frelia.[A][NL]Princess, this place is perilous.[X][A][NL]We should bypass Mulan altogether[X][NL]and head straight to the castle.[A][0C]But we can't just ignore this[X][16]...[X][16][A][02][NL]You were there when Renais was[NL]invaded[X][16]... [16]You saw what I saw.[X][A][NL]You saw how the people suffered [NL]at the hands of Grado's soldiers.[X][A][NL]Homes were destroyed, possessions[X][NL]stolen, women kidnapped[X][16]...[X][16][A][NL]Anyone who resisted was executed[NL]without question, without hesitation.[X][A][09][16]...[X][16][A][0C]Please, Seth. I can't allow that[NL]to happen here.[X][A][NL]I don't want to see any more people[X][NL]harmed by Grado's atrocities.[X][A][09]All right, Princess. I understand.[NL]Perhaps we can retake Mulan.[A][NL]But, Princess, you must act with[NL]caution. Your people need you, too.[X][A][0C]Of course, Seth.[NL]Come on! Let's go![A]
0x092E	[0C][10][02][NL][0C]Seth.[X][A][NL]I need to know what's happening here.[X][NL]I'm going to visit that home.[X][A]
0x092F	[0C][10][02][NL][09][10][04][NL][09]Lady Eirika, what are your orders?[A]
0x0931	[09][10][06][NL][0C][10][05][NL][09]Sir Gilliam, is that Mulan? Have[NL]we reached Frelia's border already?[X][A][0C]Aye, we have. Her Highness Princess[X][NL]Tana should be inside the castle.[X][A][09]But look[16]--[16]the countryside is[NL]crawling with Grado soldiers![X][A][NL]Where's the castle guard?[X][05] Has[NL]Mulan fallen? Are we too late?[A][0C]Too tough to say from here.[X][A][NL]Princess Tana's in no danger if[X][NL]they want her as a bargaining tool.[X][A][NL]We men of the Eastern Watch will[NL]see her to safety.[A][09]Yes[X][16]... [16]Yes, of course.[X][05][NL]We mustn't give up. We must move.[X][A][NL]We must retake the castle. Then, we[X][NL]ride forth to Princess Eirika's aid.[A][0C]I've stronger armor than you do.[NL]I'll take the lead. Watch my back.[A]
0x0932	[09][10][06][NL][0C][10][05][NL][0C]Thanks, lad.[A][09]Please, sir[X][16]...[X][16][A][NL]When I was a raw recruit, General[X][NL]Seth taught me something.[X][A][NL]He said every soldier can serve a[X][NL]role, even the most inexperienced.[A][02][NL]Wait[16]...[X][16][A][0C]What is it?[X][A][0C][11][09]That knight[X][16]... [16]Is that General Seth?[X][NL]And his companion[X][16]...[X][16][05]must be Lady Eirika![A]
0x0933	[09][10][06][NL][0C][10][05][NL][09]Sir Gilliam! Are you all right?[X][A][0C]It's just a scratch.[A][09]Wait! I[X][16]...[X][16]I have a[NL]vulnerary with me.[A][NL]Let me give it to you.[A]
0x0934	[09][10]k[NL][09]I've found them! Stragglers from[NL]Renais! Don't let them get away.[A]
0x0937	[09][10],[NL][0B][10][05][NL][0F][10][02][NL][0B]Princess Tana.[A][09]Sir Gilliam[X][16]...[X][16][A][NL]I'm sorry. I never meant[NL]to cause you such trouble.[A][0B]It was no trouble. I live[X][NL]to serve, Princess.[X][A][0F][800F][0D]Tana![X][A][09][16]...[X][16]Eirika?!?[X][A][NL]Is that really you?[X][A][0D]Tana, what are you doing,[X][NL]so far from Castle Frelia?[A][09]I heard that Renais had fallen,[X][NL]and I was so worried[16]...[X][16][A][NL][17]But I'm glad to see that[NL]you're safe[X][16]...[X][16][A][02][NL][17]Wait! Where is Ephraim?[X][NL]Is he well?[X][A][0D]I wish I knew.[A][09]You haven't heard from him? Oh, I [NL]hope he's not been harmed[X][16]...[X][16][A][NL]Come, we must go to Castle Frelia.[NL]My lord father may know something.[A][0D]Thank you, Tana.[A]
0x0938	[0E][10],[NL][0B][10][02][NL][0E][800B][09]Eirika![X][A][0B]Tana!? What are[X][NL]you doing here?[X][A][09]I heard that Renais had fallen,[X][NL]and I was so worried[16]...[X][16][A][NL]I'm so happy to see you're safe.[A][0D][10][04][NL][0D]And it's our great pleasure to see[NL]that you are well yourself, Lady Tana.[A][09][17]Seth! You're all right![X][A][NL][17]Wait! Where is Ephraim?[X][NL]Is he well?[X][A][0B]I wish I knew.[A][0D]We still have no word of Lord Ephraim.[A][09]You haven't heard from him? Oh, I[X][NL]hope he's not been harmed[X][16]...[X][16][A][NL]Come, we must go to Castle Frelia.[NL]My lord father may know something.[A][0B]Thank you, Tana.[A]
0x0939	[09][10][06][NL][0C][10][02][NL][09]Princess Eirika, it is good[X][NL]to see you're well.[X][A][0C]Franz, you made it through unscathed[16]...[X][16][A][09]Y-yes, Your Highness![X][A][NL]I met up with Sir Gilliam of Frelia[X][NL]and explained the situation in Renais.[A][NL]He told me that Princess Tana was[X][NL]in danger as well, here at Mulan.[X][A][NL]We rode as swiftly as we could.[X][A][0C]Tana is here?[X][A][NL]Franz, we must hurry![X][A][09]Understood![X][A]
0x093C	[09][10]\[NL][0C][10][FF][FF][09]That knight encamped at the castle was[NL]wearing the finest armor I've seen.[X][A][NL]It looked like it could turn aside almost[X][NL]any blade you swing at it.[A][NL]I know my armor, though. I wager a good[X][NL]rapier or armorslayer could get through it.[X][A]
0x093D	The relationship between [X][8021]swords[8021], [8021]lances[8021],[X][NL]and [8021]axes[8021] is called the [X][8021]weapon triangle[X][8021].[X][A][NL][8021]Lances[8021] are strong against [8021]swords[8021].[X][NL][8021]Swords[8021] are strong against [8021]axes[8021].[X][NL][8021]Axes[8021] are strong against [8021]lances[8021].[X][A][NL]In that last battle, the enemy commander,[X][NL]Breguet, wielded a [X][8021]lance[X][8021], while the[X][NL]Frelian soldier used a [X][8021]sword[X][8021].[X][A][NL][8021]Lances[8021] are strong against [8021]swords[8021],[X][NL]so Breguet had an advantage.[A][NL]The [8021]weapon triangle[X][8021] can be very[NL]important in determining the outcome of[X][NL]a battle. For the time being, just[A][NL]remember that [8021]lances[8021] are strong[X][NL]against [8021]swords[8021].[X][A]
0x093E	It's time to [X][8021]visit[X][8021] a home. First,[X][NL]place the cursor on Eirika[NL]and press the A Button.[X][A]
0x093F	The cursor is now on [X][8021]Eirika[8021].[X][NL]Press the A Button.[X][A]
0x0940	Move Eirika to the [X][8021]house[X][8021].[X][A][NL]Place the cursor on the flashing[NL]space and press the A Button.[X][A]
0x0941	You can get [8021]battle hints[8021] and[NL]other useful information by[X][NL]talking to people in homes.[X][A][NL]This can be very beneficial,[NL]so be sure to visit houses[NL]when you have the chance.[X][A][02][NL]Now select [X][8021]Visit[X][8021] and press [X][NL]the A Button.[X][A]
0x0942	Units on [X][8021]gates[X][8021], [8021]forts[X][8021], and other special[X][NL]areas [8021]recover Hit Points (HP)[X][8021] at the[X][NL]beginning of your turn.[X][A][NL]Currently, the enemy commander, Breguet,[NL]is standing on a [X][8021]gate[8021]. Even if he takes[NL]damage, he'll soon [X][8021]recover some of the[X][8021][NL][8021]HP[8021] he lost.[X][A]
0x0943	Starting with this chapter, you will[NL]control not only Eirika, but also Seth,[X][NL]general of the Knights of Renais.[X][A][NL]You select and move him in the same way[X][NL]you do Eirika: by placing the cursor[NL]on him and pressing the A Button.[X][A][NL]When all of your units have finished[NL]moving, your enemy's turn will begin[NL][8021]automatically[X][8021].[X][A][02][NL]If Eirika, the leader of your group, falls[NL]in battle, [X][8021]the game is over[8021].[X][A][NL]You can choose to continue playing if any[X][NL]of your allies fall, but defeated allies[NL]will [X][8021]never fight at your side again[8021].[X][A][NL]Try to move forward with the fewest[X][NL]number of casualties possible.[A]
0x0944	Allied units have joined the battle.[A][NL]All allied blue units can be moved[NL]in the same manner as Eirika.[X][A]
0x0946	It's time to [X][8021]trade[X][8021] items. First,[NL]place the cursor on Gilliam and[X][NL]press the A Button.[X][A]
0x0947	The cursor is on [X][8021]Gilliam[X][8021].[X][NL]Press the A Button.[X][A]
0x0948	Now select [X][8021]Trade[X][8021].[X][A]
0x0949	Here are the items Gilliam[NL]and Franz are carrying.[X][A][NL]Move the cursor to Franz's[NL]items on the right side.[A][NL]Press [8021]right on the[NL]+ Control Pad[X][8021].[X][A]
0x094A	Use the [8021]+ Control Pad[X][8021] to select[NL]a [8021]vulnerary[X][8021] and press the [X][NL]A Button.[X][A]
0x094B	Press the A Button now to accept[NL]the [8021]vulnerary[X][8021] from Franz.[A]
0x094C	The item has successfully been traded.[A][NL]Press the [8021]B Button[8021] to finish [X][NL]your transaction.[X][A]
0x094D	You can use the [8021]vulnerary[X][8021][NL]you received right away.[A][NL]Select the [X][8021]vulnerary[X][8021] from[X][NL]your [X][8021]items[X][8021] and use it.[A]
0x094E	Place the cursor on [8021]Seth[8021] and[NL]press the A Button.[X][A]
0x094F	The cursor is now on [X][8021]Seth[8021].[X][NL]Press the A Button.[X][A]
0x0950	Seth must move near his[X][NL]foe. Press the A Button.[A]
0x0951	This is the [8021]combat[NL]information window[8021].[X][A][NL]At the top of the window,[X][NL]next to Seth's name, is a[X][NL][8021]weapon[8021] and an [8021]arrow[X][A][NL]pointing up[X][8021]. This is because[X][NL]Seth has a [X][8021]sword[X][8021], while[X][NL]the soldier has an [X][8021]axe[X][8021].[X][A][NL]The [8021]weapon triangle[X][8021] states[X][NL]that [X][8021]swords[8021] are strong[X][NL]against [8021]axes[8021].[X][A][NL]Seth is at an advantage.[A]
0x0952	The enemy has an [X][8021]axe[X][8021], so it's[X][NL]best to counter with a [X][8021]sword[X][8021].[X][NL]Choose [X][8021]Attack[8021] and press[NL]the A Button.[X][A]
0x0953	Move the cursor to an unoccupied[NL]space on the map, and press the [NL]A Button to open the [X][8021]map menu[8021].[X][A][NL]The third item from the top is[NL][8021]Guide[X][8021]. Try selecting it.[X][A][NL]The guide contains lots of useful [NL][8021]game-play information[X][8021].[X][A][NL]If you run into something that[NL]seems unclear, review the [8021]guide[X][8021][NL]for a quick reference.[A]
0x0954	[09][10][02][NL][0D][10][08][NL][0B][10][07][NL][09]Seth has mapped out a route for us.[X][A][NL]We'll travel south of Renais and pass[X][NL]through Serafew into Grado territory.[X][A][0B]Hmm[X][16]...[X][16][NL]That would seem a sensible plan.[A][NL]Assuming, of course, that we can avoid[NL]any run-ins with Grado soldiers[X][16]...[X][16][A][0D]Princess Eirika, may I have your leave[NL]to scout ahead?[X][A][NL]From the sky, I'll have a better chance[X][NL]of spotting any nearby troops.[A][1C][0B]We're yours to command, Your Highness.[NL]Will you give your permission?[A][09]Yes, of course.[X][A][NL]Keep an eye out for enemy[X][NL]bowmen though, Vanessa.[X][A][0D]Yes, Your Highness, I shall.[A][NL]I shall prove myself worthy[X][NL]of the honor of your trust.[X][A][0D][11][09]She seems very[16]...[X][16]sincere.[A][0B]Sincere[X][16]... [16]Yes, quite.[X][A]
0x0955	[0B][10]2[NL][17][0B]Hey, boss! We've found more[X][NL]villages ripe for the picking.[A][08][10]3[NL][08]One, two, three[X][16]...[X][16][05][NL]Ha ha ha! I love a good war![A][NL]With all those soldiers preoccupied,[NL]we're free to pillage as we please![X][A][NL]Right, Bone[X][16]--[16]you're in charge.[X][A][NL]Grab everything that's not nailed[X][NL]down and bring it to the hideout.[X][A][0B]I'm on it.[A][15]
0x0957	[0C][10]2[NL][17][0C]Let's start with that village there![NL]Go to it, boys! It's all yours.[X][A][NL]Cut down anyone fool enough to get[NL]in your way.[A][NL]I'm heading west around the[X][NL]mountains to the other villages.[A]
0x0959	[08][10][08][NL][08]Ah! This looks serious.[X][A][NL]I must report back to[X][NL]Princess Eirika at once.[A]
0x095A	[09][10][02][NL][0F][10][08][NL][0F][800D][0B]I have bad news.[A][NL]The village to the east is[NL]under attack by bandits.[A][09]Bandits?![X][A][0D][10][07][NL][1C][0D]We have arrived at our first dilemma.[X][A][NL]We must move quickly and attract as[X][NL]little attention as possible, but[X][16]...[X][16][A][09]But I cannot stand by and watch[X][NL]innocents be harmed.[A][NL]Vanessa, how fare the villagers?[A][0B]I spotted one injured person.[X][NL]He appeared to be just a child.[X][A][09]Father Moulder, can[X][NL]your staff help him?[A][0D]Well, yes, I can heal his[X][NL]injuries with my staff, but[X][16]...[X][16][A][NL]I cannot do it from here. He's[NL]too far away. I must be near him.[X][A][0B]Princess, please leave this to me.[A][NL]I shall bring the boy here.[X][A]
0x095B	[09][10][08][NL][0C][10][07][NL][0C]All right, Vanessa.[X][NL]It's up to you.[X][A][09]Very well. I'm off.[X][A][09][11]
0x095C	[09][10][02][NL][09]I'll head for the nearest village[X][NL]and warn them about the bandits.[A]
0x095D	[08][10][08][NL][0A][10][09][NL][1C][0A][800C][0A]Hey![A][08]Calm down, lad. Keep squirming,[X][NL]and I may drop you.[X][A][NL]I'm carrying you to the other[X][NL]side of these mountains.[A][0A][800C][0A]Wait! Dad![A][0C][10][0E][NL][0C]Don't worry about me. Go![X][A][NL]I'll hold these scum here.[NL]Take care of Ross![A][0A][800C][0A]DAD![A]
0x095E	[0D][10][08][NL][0B][10][09][NL][1C][0D]I've brought the boy.[X][A][NL]Father Moulder, please[NL]heal his wounds.[A]
0x095F	[09][10][07][NL][0C][10][09][NL][0C][800E][0C]My wound[16]... [16]It's gone![A][09]Yes, it is. Now try to keep[X][NL]yourself out of harm's way.[X][A]
0x0962	[0C][10][0E][NL][0A][10][04][NL][08][10][02][NL][1C][0C]You saved my son.[X][NL]I owe you my thanks.[A][08]It's not necessary[16]...[X][16][A][0A][16]...[X][16]Hold on a moment[16]...[X][16][A][NL]Aren't you[16]...[X][16]the great Garcia?[X][NL]You fought for Renais, didn't you?[A][0C][16]......[16][A][08]Seth, do you know this man?[X][A][0A]He was a troop commander for Renais[X][NL]until around ten years ago.[X][A][NL]When I was a recruit, the soldiers[NL]used to tell so many tales about him.[X][A][NL]They called him a daring and fearless[X][NL]fighter for Renais.[X][A][02][NL]Master Garcia, you must know the peril[NL]our homeland faces right now[16]...[X][16][A][NL]Can we impose upon you to lend your[X][NL]strength to Renais once again?[A][0C][16]...[X][16]I'm sorry. I'm retired now.[X][A][NL]I'm not a soldier anymore. It's[X][16]...[X][16][NL]a decision I made long ago.[X][A][0A]Master Garcia[X][16]...[X][16][A][0C][16]...[X][16]When I was a soldier, I lived my[NL]life fighting for my country's honor.[X][A][NL]I left no time for my family.[X][A][NL]I spent my life fighting for faceless,[NL]uncaring nobles.[A][02][NL]When my wife fell ill and died, I met[X][NL]the child she had left behind[X][16]...[X][16][A][NL]At that moment, I finally realized[NL]what my duty had cost me.[X][A][08][16]......[16][A][0C]I stood at my wife's grave and promised[X][NL]her I would be a father to our son.[X][A][NL]I'm done with armies. I'm done with[X][NL]fighting, except to protect my son.[X][A][NL]I've no regrets. I'm the boy's father.[A][0A][16]......[16][A][0E][10][09][NL][08][11][0A][11][1D][0E][800B][09]You[X][16]...[X][16]you blasted fool![X][A][NL]Father, what's all this[X][NL]nonsense I'm hearing?[X][A][0C]Ross![X][A][09]If you're not going, then I will![X][A][NL]I'm a fighter![NL]I know I can do this![X][A][0C][800D][0B]Ross, what are you saying?[NL]I[X][16]...[X][16][A][09]Dad, please! Listen to me![A][NL]I respect you more than any[X][NL]other man in the world.[X][A][NL]I know you gave up being a[NL]soldier for me. I know that![A][NL]But how can you throw away[NL]such a big part of yourself?[A][NL]You're a warrior at heart! You [X][NL]can't give that up and be happy![A][0B][16]......[16][A][09]Look at me, Dad![NL]Have you seen me fight?[X][A][NL]I'm not a child anymore.[NL]I'm a warrior, like you.[A][NL]You're free to worry, but [NL]I can survive on my own![A][0B][16]...[X][16]Ross.[X][A][09][800B][09]You want to challenge me, Father?[X][A][NL]I'm a fighter! The best in all of Ide![A][NL]I'm not gonna lose to you![NL]I'm not gonna lose to anyone![X][A][17][0B][16]...[X][16]You're right.[X][A][NL]You're a good soldier, Ross.[A][15][09][11][0A][10][02][NL][08][10][04][NL][0B]Sir Seth[16]...[X][16][A][NL]If these old bones of mine can[NL]still serve, I'd like to join you.[A][0D][10][09][NL][0D]Dad[X][16]...[X][16][A][0B]Looks like my boy grew up while[X][NL]I wasn't looking[16]...[X][16][A][NL]He's tougher than I thought.[NL]He doesn't need my help.[A][NL]I've raised him as best I could, [X][NL]but he's right.[X][A][NL]I've nothing to fear. I should [X][NL]fight. I will fight.[A][0D]Dad![A]
0x0963	[09][10][02][NL][0C][10]X[NL][0C]Thank you so much for your help.[NL]Please, stay the night and rest[X][16]...[X][16][A][09]We would if we could, but we have[X][NL]much to do and far to travel.[X][A][NL]Your safety is reward enough.[X][A][0C]Ah, well[16]...[X][16][A][02][NL]My, that is a splendid[NL]bracelet you're wearing.[A][09]Thank you. My father[NL]gave this to me.[A][0C]It's a wonderful gift.[A][NL]But you should be careful, wearing[NL]such a valuable item so openly.[X][A][NL]Since Renais was invaded, things have[X][NL]become so dangerous around here.[A][NL]There are gold-hungry thieves and[X][NL]bandits everywhere.[X][A][02][NL]The most wicked are Bazba's Bandits.[NL]They are[16]...[X][16]cruel beyond words.[X][A][NL]If you have something they want, your[X][NL]life is worth less than nothing.[A][NL]Just the other day they assaulted some[NL]travelers and[X][16]... [16]Oh, it was awful.[X][A][09]I[X][16]...[X][16]I can't believe such things[X][16]...[X][16][A][0C]Oh, Renais is finished, mark my words.[NL]The Grado Empire's stolen our future.[X][A][NL]Our only hope against them was that[X][NL]Prince Ephraim would prevail, but[X][16]...[X][16][A][NL]Rumor has it that he's on the verge of[NL]being crushed by Grado's vast numbers.[A][NL]These are dark days. Travel with care.[A][09][16]......[16][A]
0x0964	[0A][10][02][NL][0A]Ephraim[X][16]...[X][16][A]
0x0965	[09][10].[NL][0C][10]-[NL][09]It's time to start.[X][NL]Are you ready, Eirika?[A][0C]Yes, Ephraim.[X][NL]Let's begin.[A][09]Tell me, though: why do you want[NL]me to teach you to fight?[X][A][NL]I thought you didn't care for[X][NL]violence[16]...[X][16][A][0C]I do not like uncivilized behavior.[X][A][NL]I think one can solve one's problems[NL]without fighting.[X][A][NL]And yet[X][16]...[X][16][A][09]And yet what?[X][A][0C]I've always relied on you to[NL]protect me, Brother.[A][NL]I would rather not be such a[NL]burden to you in the future.[A][NL]So, I thought maybe I should[NL]learn to protect myself[X][16]...[X][16][A][09]I'm your brother. Brothers are[NL]supposed to protect their sisters.[A][NL]It's nothing for you to worry about.[NL]It's no cause for concern.[A][0C]Yes, but[16]...[X][16][A][NL]I am your sister. Sisters are supposed[NL]to worry about their brothers.[A][02][NL]So I would like to learn something of[X][NL]swordplay, if only a little.[A][NL]And maybe, someday, I can protect you[X][NL]in your time of need[16]...[X][16][A][NL]So please, Ephraim.[X][A][09]All right, all right. How could I say no?[X][A][NL]Honestly, once you get an idea into your[NL]head, that's it. I might as well give in.[X][A][02][NL]It's agreed. I'll teach you, but won't[NL]hold back because you're my sister.[X][A][NL]And I want no complaining once we've[NL]started, Eirika.[A][0C]Complain? Me? Never![A]
0x0966	[0A][10][02][NL][17][0E][10][0C][NL][0A][16]......[16][A][0E][800A][08]Oops! Beg your pardon.[A][0A][800C][0A]Hey![A][08][8011][17][0C][10][04][NL][0C]Princess, are you all right?[A][0A]Y-yes[X][16]... [16]Someone bumped into[X][NL]me is all. I was jarred.[A][0C]Hm?[X][05][NL]Your Highness, where is your bracelet?[A][0A]My bracelet?[NL]It's[16]...[X][16]gone.[X][A][NL]Where could it be?[NL]Did that man[16]--[16][A][0C]I'll find him![A][0A]Don't worry about it, Seth.[X][A][NL]That bracelet was a gift from my[NL]father, but Ephraim needs our help.[X][A][NL]I can't let sentimentality get in[X][NL]the way of my duty.[X][A][0C]No, Princess... We must retrieve [X][NL]your bracelet regardless of cost.[X][A][NL]You cannot lose it. Let's go.[X][NL]We must hurry.[A]
0x0969	[09][10]`[NL][0E][10][02][NL][0C][10]?[NL][09]This is terrible[16]... [16]What are we going[X][NL]to do? Those bandits are so close.[A][NL]If we can't find some way to protect[NL]ourselves, the village is doomed.[X][A][0C]Perhaps[X][16]...[X][16][A][09][11][09][10][02][NL][09]People, listen to me! You must close[NL]the village gates immediately.[A][NL]Hurry, before the bandits arrive![X][A][0C]Who are you? You aren't from one[NL]of the neighboring towns, are you.[A][NL]And your weapons give you away[16]...[X][16][NL]You're no peasant.[A][09]I am Er[X][16]...[X][16][A][NL]My name is Erina.[X][NL]I'm a mercenary.[A][0C]A mercenary named Erina, is it?[X][A][NL]There's more to you than that, I feel.[NL]But don't worry[X][16]--[16]it's none of my affair.[X][A][NL]I haven't told you who I am yet, have I?[NL]I am Selena, a general in Grado's army.[X][A][09]Ah![X][A][0C]Is something wrong?[X][A][09]No[16]...[X][16]uh, nothing.[A][0C]It looks like these villagers[X][NL]have some bandit troubles.[A][NL]I would like to help, but[X][NL]I have orders[X][16]...[X][16][A][NL]I'm to leave for the capital[NL]immediately, and I cannot stay.[X][A][NL]You're armed, and you claim to be[X][NL]a mercenary. Will you help them?[A][09]Um[16]...[X][16][A][0C]Is there a problem?[X][A][09]No! Of course I'll help them![X][A][NL]It's just[X][16]... [16]You're one of[X][NL]Grado's generals[16]... [16]Why[X][16]...[X][16][A][0C]These aren't soldiers.[NL]They're people.[X][A][NL]Should they suffer because[NL]their leaders fight?[A][NL]I've petitioned your aid.[X][NL]Take this as payment.[X][A][0C][11][09][16]......[16][A]
0x096A	[0C][10]?[NL][09][10][FF][FF][0C]And who are you?[05] You don't look[X][NL]like one of the local peasantry.[A][02][NL]As you can see, these villagers[X][NL]have some bandit troubles.[A][NL]I would like to help, but I have[NL]orders to follow[16]...[X][16][A][NL]I am required to quit this area at once.[A][NL]I would ask you to aid them in this fight.[A][NL]I will pay you for your trouble, of course.[X][A]
0x096D	Sometimes, you will gain [X][8021]gold[8021] or [8021]items[X][8021][NL]when you [X][8021]visit[X][8021] a village.[X][A][NL]Villages can also be [X][8021]destroyed[X][8021] by[X][NL]bandits or other enemy troops.[A][NL]Any of your allied units can [X][8021]visit[X][8021][NL]villages and houses.[A][NL][8021]Visit[X][8021] all the villages and warn them[X][NL]before they're [X][8021]savaged[X][8021] by the bandits.[A]
0x096E	Ross is a [8021]journeyman[8021].[X][A][NL][8021]Journeymen[8021] are inexperienced[NL]fighters with low combat skills.[A][NL]When they reach [8021]level 10[8021], they[A][NL]can [8021]change classes[8021] to become more[X][NL]powerful [X][8021]fighters[8021] or [8021]pirates[X][8021].[X][A][NL]You should avoid sending [X][8021]journeymen[8021][NL]to face strong enemies.[X][A][02][NL]Ross's father is Garcia, a [X][8021]fighter[X][8021].[X][A][NL][8021]Fighters[8021] who reach level 10 or higher[X][NL]can use [8021]hero crests[X][8021] to [8021]change classes[8021][NL]and become [X][8021]heroes[8021] or [8021]warriors[8021].[X][A][02][NL]Additionally, [8021]cavaliers[X][8021] and [X][8021]knights[X][8021] can [X][NL]use [8021]knight crests[X][8021] to [8021]change classes[8021].[X][NL]They can choose between [8021]2 types[X][8021][NL][8021]of soldiers[X][8021].[X][A][NL]Be sure to power up your units and[NL][8021]change classes[8021] when you can.[A]
0x096F	Because [8021]pegasus knights[X][8021] fly, mountains[X][NL]do not block their movement.[A][NL]However, they are vulnerable to [8021]missile[X][NL]attacks[X][8021], so watch out for [X][8021]archers[X][8021].[X][A]
0x0970	Vanessa must [X][8021]rescue[8021] Ross.[A][NL]First, place the cursor on [X][8021]Vanessa[X][8021][NL]and press the A Button.[X][A]
0x0971	Move to a space next to [8021]Ross[8021][NL]and press the A Button.[X][A]
0x0972	Now select [X][8021]Rescue[8021] and[NL]press the A Button again.[X][A]
0x0973	[8021]Pegasus knights[X][8021], [8021]cavaliers[X][8021], and other[X][NL]mounted units can [8021]continue moving[X][8021] after[NL]they've rescued someone.[A][NL]Go ahead and move to this space.[A]
0x0975	Vanessa is currently carrying Ross as[X][NL]a [8021]traveler[8021].[X][A][NL]Drop Ross off next to Moulder.[A][NL]First, place the cursor on [X][8021]Vanessa[X][8021][NL]and press the A Button.[X][A]
0x0976	Press the A Button[NL]and select [X][8021]drop[8021].[X][A]
0x0977	You can continue to move.[X][A][NL]Ross's father, Garcia, is still on[NL]the other side of the mountains.[A][NL]Move close so that it's easier to[X][NL]rescue him on your next turn.[X][A]
0x0978	Moulder can use his [8021]staff[X][8021] to[X][NL]restore some of Ross's [X][8021]HP[8021].[X][A][NL]Place the cursor on [8021]Moulder[X][8021] and[NL]press the A Button.[X][A]
0x0979	Leave the cursor where it is and[NL]press the A Button again.[X][A]
0x097A	Now select [X][8021]Staff[X][8021] and [X][NL]press the A Button again.[X][A]
0x097B	Ross has been [8021]rescued[X][8021].[X][NL]Now bring Moulder to Vanessa.[X][A][NL]Select [X][8021]Moulder[X][8021] with the cursor[NL]and press the A Button.[X][A]
0x097C	Move close to [8021]Vanessa[X][8021].[X][NL]Place the cursor on the flashing[NL]space and press the A Button.[X][A]
0x097D	In this way, you can use [X][8021]Rescue[8021] to[X][NL]help units in danger, as well as[NL]in other situations.[A][NL]Use it to your advantage, and turn[NL]battles in your favor.[A]
0x097E	The [8021]objective[X][8021] on this map [X][NL]is to [8021]defeat all enemies[8021].[X][A][NL]The number of enemies [8021]left[8021] [X][NL]appears on the edge of the screen.[A][NL]Defeat all of your opponents to[X][NL]gain a [X][8021]victory[X][8021].[X][A]
0x097F	Ross has joined your team and become [X][NL]one of your [8021]allies[8021].[X][A][NL]The green unit on the other side of the[X][NL]mountains is Garcia. He is still [X][8021]neutral[X][8021].[X][A][NL]If you get the right person to talk to[NL]him, he may become an [8021]ally[8021].[X][A][NL]Move into spaces adjoining green units[NL]and select [X][8021]Talk[8021].[X][A][02][NL]Ross is Garcia's son. Move Ross into a[NL]space next to Garcia and choose [8021]Talk[8021].[X][A]
0x0980	[8021]Visit[X][8021] a village to warn it about the[X][NL]bandit threat. First, place the cursor[NL]on [X][8021]Eirika[8021] and press the A Button.[A]
0x0981	The cursor is on [X][8021]Eirika[8021].[X][NL]Press the A Button.[X][A]
0x0982	Move [X][8021]Eirika[8021] to the village.[NL]Place the cursor on the flashing[NL]space and press the A Button.[X][A]
0x0983	Now select [X][8021]Visit[X][8021] and press[NL]the A Button again.[X][A]
0x0984	Try talking to Ross. Place the cursor[X][NL]on [X][8021]Eirika[8021] and press the A Button.[A]
0x0985	The cursor is on [X][8021]Eirika[8021].[X][NL]Press the A Button.[X][A]
0x0986	Move Eirika next to Ross. Place[X][NL]the cursor in the flashing[NL]space and press the A Button.[X][A]
0x0987	Select [X][8021]Talk[8021] and press[NL]the A Button.[X][A]
0x0988	There is an [8021]armory[8021] due south of here.[X][A][NL]You could probably take the [8021]red gem[X][8021] you[NL]got at the village and sell it there.[X][A]
0x0989	It's a good idea to buy iron swords and[X][NL]other everyday weapons at [8021]armories[8021].[X][A][NL]However, your funds are not endless.[A][NL]There are [8021]armories[8021] in other towns, too,[X][NL]so purchase only necessary items here.[A]
0x098A	From here on out, you'll also have[NL]the services of a [8021]supply convoy[X][8021].[X][NL]The [8021]supply convoy[X][8021] always travels [NL]with your commander.[A][NL]The commander of this group is [X][8021]Eirika[8021].[X][A][NL]If you place an allied unit in a space[NL]next to [8021]Eirika[8021], the [8021]supply[8021] command[NL]will display. You will then be able to[NL][8021]give[8021] and [X][8021]take[8021] items.[X][A][NL]If you're carrying too many items,[NL]it's a good idea to [8021]give[8021] some to[NL]the [8021]supply convoy[X][8021].[X][A]
0x098B	[09][10][04][NL][0C][10][02][NL][09]The local villagers tell me that[NL]Bazba's Bandits keep their lair nearby.[X][A][NL]A few of them saw a lad matching the[NL]description of our bracelet thief.[A][NL]It seems a fair guess that the youth[NL]is one of these bandits.[A][0C]Bandits[X][16]... [16]Here in Renais, our homeland.[X][NL]I had no idea[X][16]...[X][16][A][NL]Burning our villages[16]... [16]Stealing from[X][NL]our people with no fear of reprisal?[A][09]It wasn't always like this. The knights[X][NL]used to protect the citizenry[X][16]...[X][16][A][NL]However, with Renais in ruins and her army[NL]tattered, law and order are hard to find.[X][A][NL]It doesn't look like the Grado army is[NL]interested in maintaining order here.[X][A][NL]If nothing changes, Renais will continue[NL]this sad plunge into savagery.[A][0C][16]......[16][A]
0x098C	[0D][10][04][NL][0B][10][02][NL][0E][10][0A][NL][0E]Uh[16]... [16]Hello?[A][0E][800A][08]Pardon me for asking[16]...[X][16][A][NL]but are you all some sort[X][NL]of[16]...[X][16]mercenary troop?[A][08][800B][0B]Why do you ask?[X][A][09][800C][0A]P-p-please, you have to help[NL]Colm. You have to![A][NL]I told him it was too dangerous,[NL]but he wouldn't listen to me![X][A][0B]Please, you must calm yourself. Start[X][NL]at the beginning, and speak slowly.[X][A][0A]All right[X][16]... [16]Sniff.[A][NL]I'm Neimi.[A][NL]I'm from[16]... [16]I used to be from[X][NL]a village named Lark[16]...[X][16][A][NL]Except the village is gone.[X][A][0B]Gone? What[NL]do you mean?[A][0A]Bazba's Bandits burned it down.[X][NL]Only Colm and I escaped.[A][NL]The other villagers[X][16]...[X][16][NL]The bandits attacked them and[X][16]...[X][16][A][0B][16]......[16][A][0D]Neimi, what are you doing here?[X][A][0A]Bazba's Bandits[X][16]... [16]They have a[X][NL]hideout here in these mountains.[A][NL]That's where Colm[X][16]...[X][16][A][NL]Um, Colm's my[X][16]...[X][16]uh[16]... [16]We've known[X][NL]each other since we were kids.[A][NL]He went to steal back something[X][NL]the bandits took from me[16]...[X][16][A][0B]He went alone? That's a[X][NL]very dangerous thing[16]...[X][16][A][0A]Yes, I know. Th-that's what I told[NL]him, but he wouldn't listen to me.[A][NL]If I lose Colm, too, I don't know[X][16]...[X][16][NL]I[X][16]... [16]I'll[16]...[X][16]sniff[X][16]...[X][16][A][0B]Wait, please don't cry.[X][A][NL]Don't worry. We'll find your friend[X][NL]and see that he's not harmed.[X][A][0A]Really? Really and truly?[X][NL]Oh, thank you! Thank you!!![X][A][NL]I[X][16]... [16]I don't have much money,[NL]but[X][16]...[X][16]I'll do anything to help.[X][A][0D]Your Highness? What will it be?[X][A][0B]If the thief we're after has gone[X][NL]to the bandits' lair as well[16]...[X][16][A][NL]Well, it seems as though we share[X][NL]a common cause with Neimi.[A][NL]She is a citizen of Renais, after all.[A][NL]And isn't it our duty to defend our[X][NL]countrymen?[X][A][NL]I'm only sad that we weren't here to[NL]protect her friends and neighbors[X][16]...[X][16][A][NL]So, yes, I feel we must help her.[X][A][0D]Very well. Neimi, I trust[X][NL]you can lead the way?[X][A][0A]Er, yes[X][16]...[X][16][05][NL]It's this way.[A]
0x098D	[09][10][02][NL][0C][10][04][NL][0C]It figures. The doors are locked.[X][A][NL]With no keys and no thief to pick[X][NL]the locks, we're stuck outside.[X][A][09]I see. We're at an impasse[NL]then, aren't we?[A][0C]Actually[16]... [16]No, we're in luck.[NL]You see that wall there, milady?[A][09]Yes, I do. It's cracked[X][16]...[X][16][A][0C]That's right. A few well-aimed blows[NL]should bring it crumbling down.[X][A]
0x098E	[09][10][0A][NL][0C][10][04][NL][09]Um[16]... [16]Is there anything I can do[NL]to help? I feel so[16]...[X][16][A][NL]When I was little I used to go[NL]hunting with my grandfather.[A][NL]What I mean is I can[16]--[16][NL]I'm not bad with a bow.[X][A][0C]Really?[X][A][09]Uh-huh.[X][A][0C]I see.[A][NL]You should remain behind and[NL]protect Princess Eirika.[A]
0x098F	[09][10][0A][NL][0B][10][02][NL][0D][10][04][NL][09]Um[16]... [16]Is there anything I can do[NL]to help? I feel so[16]...[X][16][A][NL]When I was little I used to go[NL]hunting with my grandfather.[A][NL]What I mean is I can[16]--[16][NL]I'm not bad with a bow.[X][A][0B]A bow?[A][09]Uh-huh.[X][A][0B]What do you think, Seth?[A][0D]An archer would come in handy[X][NL]in tight quarters like these.[X][A][NL]With a good bow, we could attack[NL]from afar without fear[16]...[X][16][A][0B]Well, Neimi, can you take[X][NL]orders and keep out of danger?[A][09]I[X][16]... [16]I'll try, Your Highness.[A]
0x0991	[0C][10]3[NL][0C]Huh? Don't know who it is, but it[X][NL]looks like we got guests.[X][A][NL]Let's give 'em a warm welcome, lads![A][NL]Remember, use your axes to hit 'em[NL]from this side of the wall![X][A][NL]They can't hurt what they can't hit![NL]Now, get out there and cut 'em up![A]
0x0995	[09][10][0A][NL][09]C-Colm[16]...[X][16][A][0C][10][0C][NL][0C]What now? I told you not to worry.[A][NL]I could've robbed these bandits blind[X][NL]on my own, thank you very much.[X][A][09][801E][09]I was[X][16]...[X][16][05][NL]worried[X][16]...[X][16][A][0C]H-hold on! I'm sorry![X][NL]C'mon! Don't start bawling![X][A][09][801D][09]Aaah[16]...[X][16]sniff[X][16]...[X][16][A][NL]No more[X][16]...[X][16]dangerous stuff[X][16]...[X][16][NL]by yourself[X][16]...[X][16][A][0C]Fine, fine. I promise.[A][NL]But you have to stop crying[X][NL]all the time. All right?[A][09][801E][09]Uh-huh[16]...[X][16][A][0C][800D][0B]Oh, yeah. Take a[NL]look at this.[X][A][09][800C][0A]Hm?[X][A][0B]I got your mirror back.[X][A][NL]Remember how you cried when we left[X][NL]Lark? You thought you'd lost this.[A][NL]I knew it was your mother's, and I[NL]knew those thugs had taken it.[A][NL]So I went and got it back![A][NL]See what happens when you give[NL]me a job? Guaranteed results![X][A][0A][801D][0A]Colm[16]...[X][16][A][NL]Aa[16]... [16]Waaah[X][16]...[X][16][05][NL]Colm[16]...[X][16][A][0B]Hey! Wh-why are you[X][NL]crying this time?[X][A][NL]C'mon! Stop! Knock it[X][NL]off! Please, Neimi[16]...[X][16][A][08][10][04][NL][08][16]...[X][16]This is quite touching, but[X][16]...[X][16][A][NL]I think you'd best return Princess[NL]Eirika's bracelet to her now.[X][A][0A][11][0D][10][0A][NL][0D][801C][0B][800C][0A]Wh-what are you talking about?[NL]Are you trying to say that I[16]--[16][A][08][800B][15][0A][800C][0A]Whoa! Whoa there! Hold it![NL]It's right here! Take it![X][A][0A][800D][09][16]......[16][A][NL]Tell me, boy, is this the path[NL]you've chosen for your life?[A][NL]If this girl matters to you,[NL]you must quit this dark road.[X][A][0B]Uh, yeah[16]... [16]Right.[A][09]We're leaving. Do not expect[NL]to be rescued again.[A][NL]Farewell.[X][A][0B][16]...[X][16]Hey, wait![A][NL]Let us go with you. You[X][NL]can't just leave us here.[X][A][09]Pardon?[X][A][0B]Neimi and I[X][16]... [16]We've got no home[X][NL]to return to.[X][A][NL]No matter where we go, there's[NL]just gonna be more fighting.[A][NL]You're mercenaries, right?[NL]Well, then take us with you.[A][NL]I'm a handy guy to have around.[X][NL]I know I can help you out.[A][09]I would prefer not, but I'll agree[NL]with Eirika's decision.[X][A][NL]Our duty is a grave one however. We've[NL]no time to waste shepherding you.[X][A] [X][0B]That's fine with us.[A][NL]You just wait[X][16]--[16]I promise you[X][NL]won't regret your decision.[X][A]
0x0996	[09][10][02][NL][0C][10][04][NL][0C]I retrieved your bracelet from[NL]the bandits' stronghold.[A][NL]Here you are, Princess.[X][A][09]Thank you, Seth.[A][NL]You know[16]... [16]Father gave me this[X][NL]bracelet when I was a child.[A][NL]It has only one match in the[NL]world, and my brother wears it.[X][A][0C]Lady Eirika, you must take care never to[NL]lose that bracelet.[X][A][NL]It is the proof that King Fado entrusted[NL]the future of Renais to you, his children.[A][09]Seth[16]... [16]What is it you're[X][NL]not telling me?[X][A][0C][16]...[X][16]I apologize, Your Highness.[X][A][NL]When the time comes, I will tell[NL]you what I know. Until then, I[16]...[X][16][A][09]I see.[A][NL]If you tell me it must wait,[NL]then it can wait. I trust you.[A][0C]Then we should get moving again.[A][NL]We're safe from bandits for now,[NL]but I can't guarantee for how long.[X][A][09]This[16]... [16]This is just the beginning,[X][NL]isn't it?[X][A][NL]If we hope to free our homeland, it[X][NL]will take battle after battle[X][16]...[X][16][A][0C]I'm afraid so, Your Highness.[X][A][NL]The day you and Prince Ephraim win back[X][NL]the freedom and honor of Renais will come.[A][NL]But I fear it lies at the end of a long[X][NL]and treacherous road.[X][A][09]I know. I must fight for that day.[A][NL]In the names of all those I could[X][NL]not save, I'll lead us home.[A][NL]Let's go. My brother awaits![A]
0x0997	[0A][10]K[NL][08][10]%[NL][0C][10]?[NL][1C][0C]General Duessel.[A][08]Selena. Have you been back long?[A][NL]Tell me, how fares the campaign[X][NL]in Renais?[A][0C]Signs of chaos abound.[A][NL]Brigands ride without fear, and[X][NL]the peasants' cries fill the air.[X][A][08]Hmm[X][16]...[X][16][A][NL]If Grado's troops do not enforce public[X][NL]order, the situation will only worsen.[A][NL]And still, His Majesty has given us[X][NL]no orders.[A][NL]Perhaps, just this once, I should[X][NL]take the lead[X][16]...[X][16][A][0A]What could His Majesty be thinking?[X][A][NL]Breaking our long-held alliance with[NL]Renais[16]--[16]invading without warning[16]...[X][16][A][NL]He's never been this way before. He[X][NL]abhors violence.[A][0C][16]......[16][A][0A]And have you noticed the recent[X][NL]promotions? Who are they going to?[A][NL]Certainly not to the soldiers who[X][NL]have Grado's best interests at heart.[X][A][NL]I fear this invasion is the prelude[X][NL]to a much larger war.[X][A][NL]I feel as though His Majesty is no[NL]longer the man we knew him to be.[X][A][0C]Glen, it doesn't matter what any[NL]of us might think of our orders.[A][NL]We are his servants, and we will not[NL]question His Majesty's intentions.[A][0A]I know that, Selena.[NL]And yet[X][16]...[X][16][A][08]That's enough. Both of you.[X][NL]His Majesty summons us.[X][A][NL]Let's hope we can learn a[X][NL]little during our audience.[X][A]
0x0998	[09][10]@[NL][09][16]...[X][16]I appreciate your work in[X][NL]fulfilling your previous orders.[A][NL]You are the hammers that drive[NL]the nails of the empire's will[16]...[X][16][A][NL]You will continue to operate[NL][16]...[X][16]without hesitation[16]...[X][16][A][NL]wherever I send you.[A][0C][10]%[NL][0C]By your command.[A][0C][11][0C][10]?[NL][0C]In Your Majesty's name.[X][A][0C][11][0C][10]K[NL][0C]Yes, sire[X][16]...[X][16][A][0C][11][09][16]...[X][16]However, I know this[16]...[X][16][A][NL]You, my Imperial Three, lack the strength[X][NL]to conquer the remaining nations alone.[X][A][NL]In the invasion of Renais, certain[NL]soldiers performed beyond expectation.[A][NL]I have chosen them to join you as[X][NL]new generals in the empire's service.[X][A][NL][16]...[X][16]Come.[X][A]
0x0999	[09][10]@[NL][09][16]...[X][16]The performance of these[NL]men surpassed even your own.[A][NL]With the addition of these three[16]...[X][16][A][NL]The empire will have six generals[X][NL]strong enough to conquer this land.[X][A][NL]Do you understand?[A][09][11][0C][10]H[NL][0C][17]Heh heh heh[X][16]...[X][16][A][NL][17]I am Riev, given the name[X][NL]Blood Beryl by His Majesty.[X][A][NL]I know I am a newcomer, but[X][NL]I pray for your favor.[A][09][10]%[NL][09][16]...[X][16]Understood.[X][A][09][11][0C][11][0C][10]C[NL][0C]I'm Caellach. I was a mercenary,[NL]fighting in the desert.[X][A][NL]Seems I'm to be called[NL]Tiger Eye[X][16]...[X][16][A][NL]You're a fine-lookin' lass, aren't you?[X][NL]Yeah, I'm gonna love working with you.[A][17][17][09][10]?[NL][09][16]......[16][A][09][11][0C][11][0C][10]B[NL][0C]So we meet again. You know me as General[NL]Valter, but you will call me the Moonstone.[X][A][NL]I'll save you worthless dogs from your[NL]own incompetence. You'll thank me later.[A][0E][10]K[NL][0E][800A][08]Valter[16]... [16]You scum![X][A][0A][10]%[NL][0A]Peace, Glen.[A][0A][11][08][11][0C][11][09][10]@[NL][09]Selena. Caellach. You will[NL]bring me Frelia.[A][0B][10]?[NL][0D][10]C[NL][0B]Yes, sire.[A][0D]Sure. Good as done.[X][A][0B][11][0D][11][15][09]Riev. Duessel. You are charged with[X][NL]the defense of the empire.[A][NL][16]...[X][16]I will speak to you individually[NL]with more details later.[A][0B][10]H[NL][0D][10]%[NL][0B][17]Heh heh heh[X][16]...[X][16][NL][17]Understood, Your Majesty.[X][A][0D]By your command, sire.[A][0B][11][0D][11][0B][10]B[NL][0B]And me?[X][A][09]Valter, Glen[16]...[X][16][NL]I have other duties for you[X][16]...[X][16][A][0D][10]K[NL][0D]Yes, Your Majesty?[A][15][09]Renais has fallen, but Princess Eirika[NL]still eludes us[X][16]...[X][16][A][NL]Her brother, Prince Ephraim, leads[NL]a resistance within our borders.[A][NL]Bring the siblings to me.[X][A][0B]Ha ha[X][16]... [16]Of course.[A][09][11][0D][16]......[16][A]
0x099A	[09][10][0A][NL][0C][10][0C][NL][09]C-Colm[16]...[X][16][A][0C][800E][0C]Neimi?![X][NL]What are you doing here?[A][NL]I told you to wait for me,[NL]didn't I?[X][A][09]I couldn't[16]... [16]It's too dangerous.[X][A][NL]C'mon, let's go home.[X][A][0C][17]We don't have a home! Don't you get it? [NL]Look, just leave everything to me.[A][NL]I can take care of it in a flash, but I don't[X][NL]need a clumsy oaf like you tagging along.[X][A][17][09]But[X][16]...[X][16]but[X][16]...[X][16][A][0C]Oh, this is ridiculous.[X][A][NL]We'll talk later. Don't[X][NL]leave my side, Neimi.[X][A][09]I[X][16]-- [X][16]All right.[A]
0x099B	[8021]Walls[X][8021] with cracks in them can be[X][NL]attacked and destroyed.[X][A][NL]Once a wall is destroyed, you can pass[NL]through the opening you've created.[X][A][NL]When your way seems blocked, be sure[NL]to check all the [X][8021]walls[X][8021].[X][A]
0x099C	The bandits' [X][8021]hand axes[X][8021] can be used[NL]in both [8021]direct[8021] and [X][8021]indirect combat[X][8021].[X][A][NL]They can be wielded like normal axes[NL]in direct, hand-to-hand combat[A][NL]or thrown to strike enemies who are[X][NL]a space away or at an angle to you.[X][A][NL]Like bows, they can also hit enemies[NL]on the [X][8021]other sides of walls[8021].[X][A]
0x099D	The [8021]thief[X][8021] Colm has appeared.[X][A][NL]Thieves can [8021]steal[X][8021] items from[X][NL]other units.[A][NL]Also, they can [X][8021]open the locks[8021] of[X][NL][8021]doors[X][8021] and [X][8021]chests[8021]. Thieves[X][NL]are handy allies to have around.[A]
0x099E	Place the cursor on a unit and press[NL]the [8021]R Button[8021] to display that[NL]unit's [X][8021]status[8021].[X][A][NL]For example, if you select a bandit[X][NL]and press the [8021]R Button[8021], you'll[NL]see that he's carrying a hand axe.[A][02][NL]If you press the [X][8021]R Button[8021] again,[X][NL]you'll see [X][8021]help information[8021] for each[X][NL]item on-screen.[X][A][NL]You can use the [8021]R Button[8021] to see[X][NL]the properties of weapons and items.[A][NL]If there's something you don't [X][NL]understand about [X][8021]unit information[8021], [NL]press the [8021]R Button[8021].[X][A]
0x099F	Bows are [X][8021]ranged weapons[8021].[X][NL]They can be used to attack enemies[NL]who are a space away.[X][A][NL]Additionally, they can be used[NL]to attack over walls.[X][A]
0x09A0	Colm and Neimi are childhood friends.[X][NL]Try moving Neimi next to Colm and[X][NL]have her [X][8021]talk[8021] to him. He[X][NL]may decide to join you.[X][A]
0x09A1	Colm and Neimi have an [X][8021]invisible[X][NL]bond[8021] that ties them together.[X][A][NL]Units that have such a bond can[X][NL]develop a [8021]support relationship[8021].[X][A][02][NL]Units become closer and their bond[NL]stronger the longer they are[NL][8021]adjacent to one another[X][8021].[X][A][NL]Eventually, they will be able to[NL]share a [8021]support conversation[8021].[X][A][02][NL]Units that share a support relationship[X][NL]fight with [X][8021]improved abilities[8021][NL]when they are near each other.[A][02][NL]There are three levels of support[X][NL]units can share: [X][8021]C, B, and A[X][8021].[X][A][NL]Levels are gained by staying[NL]side-by-side as much as possible.[X][A][02][NL]Colm and Neimi are not the only units[X][NL]that can have support relationships.[NL]Eirika and Seth, among others, can [X][NL]grow close to other units as well.[A][02][NL]Watch how characters interact with each[X][NL]other to guess at who might share[X][NL]a support relationship with whom.[X][A][02][NL]If you have two units you think may[X][NL]have such a bond, [8021]place them next[X][NL]to one another again and again[8021].[X][A][NL]Who knows: they may eventually share[NL]a [8021]support conversation[8021].[X][A][02][NL]However, bear in mind that each unit[NL]can have only [8021]5[X][8021] support relationships.[X][A]
0x09A2	Enemy units may sometimes drop items[NL]when they are defeated.[X][A][NL]In the same way you searched for hand[X][NL]axes earlier, try looking at enemy items[NL]with the [X][8021]R Button[8021].[X][A][NL][8021]Green items[X][8021] are items that will be [NL]dropped. Check enemy items beforehand [NL]to gain the advantage in combat.[A]
0x09A3	[0C][10][04][NL][09][10][02][NL][0C]We're approaching Serafew, at the[X][NL]border of Renais and Grado.[X][A][NL]Once we cross, we'll be in Grado[16]...[X][16][05][NL]Renvall won't be much farther.[A][09]That is, assuming we can cross the[NL]border without mishap[X][16]...[X][16][A][NL]Oh![X][NL]Look! Over there![X][A]
0x09A4	[0C][10][04][NL][09][10][02][NL][09]Those strange figures[X][16]...[X][16][05][NL]What[16]... [16]What are they?[A][NL]Are they[16]...[X][16]human?[A][0C]I've never seen anything like[X][NL]it. What could they be?[X][A]
0x09A5	[09][10][10][NL][0C][10][1A][NL][0C]What have we done to deserve the trials[X][NL]before us? What is happening to us?[X][A][NL]How could such abominations walk our lands[NL]while the Sacred Stones protect us?[X][A][09][16]......[16][A][0C]Lute, please, it's dangerous outside[NL]the walls. Stay here in the village.[A][09]Those are revenants, aren't they?[X][A][NL]They were the vanguard of the Demon[X][NL]King in the days of darkness.[X][A][NL]The Tome of Nazania describes them in[X][NL]chapter 2, section 7, paragraph 8.[A][0C]You know of them?[X][A][09][17]Duh! I'm a prodigy. I can recall[NL]most everything I see or hear.[A][NL]According to the book, revenants[NL]attack using razor-sharp claws.[X][A][NL]Sounds painful, wouldn't you say?[X][A][17][0C]Yes, er, well[X][16]... [16]Be that as it may, I[NL]must go aid those travelers outside.[A][NL]You should stay here within the[X][NL]safety of the village.[A][09]Very well. I don't mind staying here.[X][NL]In fact, it seems the smarter choice.[X][A][15][0C][11][09]Magic is far more powerful than any[X][NL]monster's claws.[A][NL]The thickest hide and strongest armor[X][NL]are useless against magic's power.[A][NL]Yes, I suppose I could have studied[X][NL]swords, but only magic is worthy of me.[X][A][NL]Even if this village were to be assaulted[X][NL]by monsters, I could defend it perfectly.[X][A]
0x09A6	[0A][10][02][NL][0C][10][1A][NL][0C]Travelers, you must listen to me! The[X][NL]ancient forest of Za'ha is dangerous.[X][A][NL]Head south and pass through this place[NL]before the fiends surround you![X][A][0A]Who are you?[A][0C]My name is Artur.[X][A][NL]The temple has assigned me the task of[NL]cleansing the forest of these[X][16]...[X][16]things.[X][A][NL]There are so many of the fiends, though.[NL]I wonder if I stand much chance alone.[A][NL]So if you would, please flee now while[NL]you have the chance.[A][0A]Fiends?[X][A][NL]You're not talking about the same fiends[NL]that served the ancient Demon King?[X][A][NL]That can't be right[X][16]... [16]They're nothing[X][NL]but legends and fairy tales[X][16]...[X][16][A][0C]Yes, I felt the same when I heard.[A][NL]And yet here they are. This place[X][NL]is filled with them.[A][NL]I wonder how far they've spread[X][16]...[X][16][NL]Surely they're not in Renais alone.[X][A][0A]But[X][16]...[X][16]why are they here? How?[X][A][08][10][04][NL][08]Beware, Your Highness![NL]Something approaches![X][A]
0x09A7	[09][10][1A][NL][09]Please allow me to deal with this.[A][15][09]Evil shade! May the blessed light[X][NL]drive you from this land![X][A]
0x09A8	[09][10][04][NL][09]We ought to help. He can't fight[NL]them all alone. Do you have orders?[X][A]
0x09A9	[09][10][1A][NL][09]One of my companions is in that village[X][NL]to the south.[X][A][NL]If any of you can get there swiftly,[NL]I implore you to watch over her safety.[X][A]
0x09AA	[09][10][1A][NL][09]Listen to me, travelers! If you[X][NL]can, try to stay in the woods.[A]
0x09AB	[09][10][02][NL][0C][10][04][NL][09]Why should we stay in the woods?[A][0C]In combat, the trees provide[NL]cover against attacks.[A][NL]The trees and branches make it[NL]difficult for enemies to strike.[A][09]Is that so? Fair enough.[A][NL]Let's stick to trees then.[A]
0x09AC	[17][0C][10]"[NL][0C]Oh, my![X][A][NL]Those travelers are besieged[NL]by the agents of evil![A][0A][10]#[NL][0A]Ha ha ha! Right you[X][NL]are, Lady L'Arachel![A][0C]I cannot allow this to happen![NL]Come![X][A][NL]We must charge down these cliffs[NL]and rush to their aid![A][08][10]$[NL][08]We charge down these cliffs, and the[NL]only thing we'll be rushing to is death.[A][NL]How about we find us a nice, gentle[X][NL]path down, hm?[A][0C]Ah[16]... [16]Yes, well[X][16]... [16]Let us[NL]hurry nonetheless.[A][NL]I simply cannot abide those[X][NL]wicked beasts running amok![X][A]
0x09AD	[0C][10][1A][NL][09][10][10][NL][0C]Everything is all[X][NL]right now, Lute.[A][09][16]......[16][A][0C]Lute?[X][A][09]Your flesh shows no sign of putrefaction.[X][A][NL]It seems you're not a revenant.[X][A][0C]Well, I should hope not![A][02][NL]However, I'm obliged to help the ones[X][NL]who aided me against those fiends.[A][NL]So I'm afraid I'll be leaving you and[X][NL]traveling with them for a while.[A][NL]What will you do, Lute?[X][A][09]That's a good question. A very good[X][NL]question indeed. Hmm[16]...[X][16][A][NL]It's decided. I'll join you, Artur.[X][A][NL]After all, who wouldn't appreciate the[NL]help of a mage such as myself?[A][NL][17]There's no one better than me.[A][17]
0x09AE	[0C][10][02][NL][0E][10][10][NL][0E][800A][08][16]......[16][A][0C]Yes? Who are you?[X][NL]What do you want?[X][A][08]Your flesh shows no sign of putrefaction.[X][A][NL]It seems you're not a revenant.[X][A][0C]I most certainly am not.[A][NL]Are you from this village? It's[X][NL]still not safe to travel outside.[X][A][08]I am not a villager. I am Lute. I'm[X][NL]a mage! Possibly the best, in fact.[X][A][NL]I've decided to join you and your crew[NL]in gratitude for your help here today.[A][NL]After all, who wouldn't appreciate the[NL]help of a mage such as myself?[A][NL][17]There's no one better than me.[A][17][0C]What an unusual girl[16]...[X][16][A]
0x09AF	[0A][10][04][NL][08][10][02][NL][0B][10][1A][NL][0D][10][10][NL][1C][0A]We've killed all the monsters.[A][NL]Still, we'd best burn the bones to[NL]ash to be sure they don't return.[X][A][08]I still can't believe what we've[NL]been fighting here[16]...[X][16][A][NL]I'd thought those fiends nothing[NL]more than myth and legend.[A][0A]Those revenants are said to be the[NL]least of the dark creatures.[A][NL]And yet, the weakest of them could[NL]outmatch any normal man.[A][NL]We cannot take this enemy lightly.[A][0D]Oh, yes. There are much worse than those[NL]revenants and the entombed[16]...[X][16][A][NL]Let's see, there's the bonewalkers,[X][NL]mauthe doogs, gargoyles, baels[16]...[X][16][A][NL]Why, I'll bet you just about any creature[X][NL]of lore could be walking again.[X][A][NL]Yes, we're in for some trouble. Even my[X][NL]fabulous power may not be enough.[X][A][0B]O divine light, show me[X][16]... [16]Is this[X][NL]a sign of dark days to come?[A][0D][11][0B][11][0A][11][1D][08][800B][09]By all that's holy,[X][NL]what is happening?[A][0C][10][04][NL][0C]Princess Eirika, perhaps it would be[NL]wise to return to Frelia and regroup.[X][A][NL]Pressing forward seems foolish in[X][NL]light of recent events.[X][A][NL]We cannot face both Grado's forces[NL]and more of those terrible things.[A][09]Seth, I follow your point, and nothing would[NL]please me more than running for safety.[X][A][NL]But what of my brother? He and his men[NL]are trapped in the same situation we are.[X][A][NL]I know full well that I may be leading us[X][NL]into even greater danger, but[X][16]...[X][16][A][NL]Please try to understand.[X][A][0C]I do, my princess, and I vow to[X][NL]see you through this safely.[A]
0x09B0	[09][10][02][NL][0C][10][04][NL][0C]We've killed all the monsters.[A][NL]Still, we'd best burn the bones to[NL]ash to be sure they don't return.[X][A][09]I still can't believe what we've[NL]been fighting here[16]...[X][16][A][NL]I'd thought those fiends nothing[NL]more than myth and legend.[A][0C]Those revenants are said to be the[NL]least of the dark creatures.[A][NL]And yet the weakest of them could[X][NL]outmatch any normal man.[A][NL]We cannot take this enemy lightly.[A][09]By all that's holy,[X][NL]what is happening?[A][0C]Princess Eirika, perhaps it would be[NL]wise to return to Frelia and regroup.[X][A][NL]Pressing forward seems foolish in[X][NL]light of recent events.[X][A][NL]We cannot face both Grado's forces[NL]and more of those terrible things.[A][09]Seth, I follow your point, and nothing would[NL]please me more than running for safety.[X][A][NL]But what of my brother? He and his men[NL]are trapped in the same situation we are.[X][A][NL]I know full well that I may be leading us[X][NL]into even greater danger, but[X][16]...[X][16][A][NL]Please try to understand.[X][A][0C]I do, my princess, and I vow to[X][NL]see you through this safely.[A]
0x09B1	[17][09][10][02][NL][0F][10]"[NL][0F][800D][0B]Aha! Foul creatures, beware![A][NL]I, L'Arachel, bestow upon you the honor[X][NL]of banishment at my blessed hands![A][09][16]......[16][A][0B]Oh[16]... [16]Where are the monsters?[X][A][09]Well, we just finished[16]...[X][16][A][0B]Ah, glad tidings indeed![NL]The heavens must be rejoicing![A][NL]I am[16]...[X][16]a tad disappointed however.[X][A][NL]After all, I did rush all the way here[NL]to show you the splendor of my might.[X][A][0D][10]#[NL][0D]Gwah ha ha! It's a real shame,[NL]innit, Lady L'Arachel?![X][A][0D][11][0D][10]$[NL][0D]What's shameful is the way you[NL]drag us around the countryside.[X][A][0D][11][09]Pardon me, but[16]...[X][16]who are you?[A][0B]Me?[X][A][NL]Since you ask, please allow me[NL]to introduce myself.[A][NL]It is I, the true light and glory[X][NL]of the sacred realm of Rausten[16]...[X][16][A][0D][10]#[NL][0D]Stop! Lady L'Arachel, you[X][NL]mustn't continue![X][A][NL]You cannot reveal your[NL]true identity here![X][A][0B]Oh, yes, you're right. Oh, I get[NL]so careless sometimes![A][NL]Now, I must ride off in anonymity.[NL]Oh, how beautifully romantic![X][A][09]Uh[16]... [16]Right.[A][0B]Fare thee well, strangers.[NL]Perhaps our paths will cross again.[X][A][NL]Come, Dozla! Rennac![NL]We ride![A][0B][11][0D]Gwah ha ha![X][NL]Let's go, Rennac![X][A][0D][11][0D][10]$[NL][0D]All right, all right.[X][A][0D][11][09][16]...[X][16]What was that about?[A][09][11]
0x09B2	[0C][10][1A][NL][09][10][10][NL][0C]Lute, help has arrived.[X][A][09][16]......[16][A][0C]Lute?[X][A][09]Your flesh shows no sign of putrefaction.[X][A][NL]It seems you're not a revenant.[X][A][0C]Well, I should hope not![A][NL]I wanted you to know help has arrived.[NL]Please be patient a bit longer[16]...[X][16][A][09]No, no. I insist on joining you in combat.[A][NL]I've been reading up on these revenants.[NL]They are, quite simply, no match for me.[A][NL][17]I am superior after all.[A][17]
0x09B3	[0C][10][02][NL][09][10][10][NL][0C]Who are you?[A][09][16]......[16][A][0C]Um[16]...[X][16][A][09]Your flesh shows no sign of putrefaction.[X][A][NL]It seems you're not a revenant.[X][A][0C]No, I'm not.[A][NL]Are you from around here?[X][A][NL]There are still monsters about,[X][NL]so you should stay in[X][16]--[16][A][09]No, no. I insist on joining you in combat.[A][NL]My name is Lute. I'm a mage of superior[X][NL]wisdom and rare ability.[A][NL]I've been reading up on these revenants.[NL]They are, quite simply, no match for me.[A][NL][17]I am superior after all.[A][17][0C]What an odd girl[16]...[X][16][A]
0x09B4	[0C][10][FF][FF][09][10][10][NL][09][16]......[16][A][0C]Hm?[X][A][09]Your flesh shows no sign of putrefaction.[X][A][NL]It seems you're not a revenant.[X][A][NL]I've decided to join you in battle now.[X][A][NL]My name is Lute. I'm a mage of superior[X][NL]wisdom and rare ability.[A][NL]I've been reading up on these revenants.[NL]They are, quite simply, no match for me.[A][NL][17]I am superior after all.[A][17]
0x09B5	[09][10][FF][FF][0C][10][[NL][0C]Do you see that old snag to the[X][NL]south of here?[A][NL]Bet it would make a handy bridge[NL]if you could knock it over.[X][A][NL]Take a weapon to it and give it a[X][NL]few good whacks. That should do it.[X][A][NL]Here, take this and give it a try.[NL]It ought to do the trick.[X][A]
0x09B6	There are three different schools of[NL][8021]magic[X][8021], each of which is governed[X][NL]by the [X][8021]trinity of magic[8021].[X][A][NL][8021]Light[X][8021] is strong against [X][8021]Dark[8021].[X][NL][8021]Dark[8021] is strong against [X][8021]Anima[X][8021].[X][NL][8021]Anima[X][8021] is strong against [X][8021]Light[X][8021].[X][A][NL]For now, just remember that [8021]Light[X][NL]is strong against Dark[8021].[X][A]
0x09B7	The [8021]magic[X][8021] that Artur and Lute[NL]wield cannot be stopped by[NL]physical [X][8021]defense[X][8021].[X][A][NL]However, magic [X][8021]resistance[8021] can affect[X][NL]the damage it does.[X][A][NL]So, it's possible to do high damage to[NL]units like [X][8021]knights[X][8021], who possess[X][NL]strong [X][8021]defenses[8021].[X][A][NL]On the other hand, it's difficult to harm[X][NL]units with high [8021]resistance[8021], like[NL]pegasus knights.[A][NL]Magic can also be used to attack[NL]directly or indirectly, like a hand axe.[A][NL]It can be wielded like a sword to strike[NL]adjacent foes or like a bow to hit[NL]enemies at a distance.[A]
0x09B8	Starting on this map, you'll be able[NL]to use the [X][8021]preparations screen[X][8021].[X][A][NL]You can [8021]choose which units[8021] to send into[X][NL]battle and [X][8021]manage items[8021] to secure[NL]the best chance of victory.[X][A]
0x09B9	Forests and other map areas may[X][NL]offer [8021]terrain bonuses[X][8021].[X][A][NL]Units in forests are harder to hit[NL]and take less damage when struck.[X][A][NL]Simply put, staying under trees makes[X][NL]it more difficult for enemies to hit [X][NL]and harm you.[X][A][NL]Areas that have [8021]terrain bonuses[X][8021] are[NL][8021]forests[X][8021], [8021]mountains[X][8021], [8021]fortresses[8021], and[X][NL][8021]gates[X][8021], to name a few.[A][NL]Use terrain to your advantage during[NL]combat to avoid risking your units.[X][A]
0x09BA	[17][09][10]*[NL][09]Well, well. There's an arena in this town.[A][NL]Perfect. My pocket's feeling a bit light.[X][A][15][09]Say, is that a cleric? It is![X][NL]And a gorgeous one at that.[X][A]
0x09BB	[0A][10][11][NL][0A][800D][09][10]*[NL][09]Something amiss, Sister?[NL]You look flustered.[X][A][0B][800D][0B]Ahhh![X][A][0B][11][0C][10][11][NL][0C]P-pardon me.[A][09][17]No, pardon me! I never meant[NL]to startle you.[X][A][NL]May I offer my apologies[16]...[X][16][A][17][0C]No, it's not necessary[16]...[X][16][NL]It was my fault.[A][NL]Excuse me, I must be going[16]...[X][16][NL]Good day to you.[A][0C][11][17][09][16]...[X][16]And there she goes.[X][A][NL]Not my lucky day[16]...[X][16][NL]She was quite the beauty, too.[A][NL]Ah, such is life. I think I've time[X][NL]still to visit the arena, though.[X][A]
0x09BC	[09][10]4[NL][0C][10]K[NL][0C]Captain Saar of the Serafew Border[NL]Guard. How fare you?[A][NL]I bring orders from His Majesty.[A][NL]Rumor has it that Princess Eirika of[NL]Renais is making her way to Grado.[A][NL]You are to find her and to place[NL]her in custody immediately.[X][A][09]Yes, sir![X][A][0C]One more thing[16]...[X][16][A][NL]A traitor to the empire has fled[NL]Castle Grado.[X][A][NL]We've received reports she is hiding[NL]somewhere here in Serafew.[A][NL]I don't care if you have to tear this[X][NL]town apart. Find the turncoat.[A][09]Yes, sir, General Glen![X][A][NL]If she resists, do we have[NL]permission to execute her?[A][0C][16]...[X][16]Yes. Permission granted.[A][09]Understood! Grado's will be done.[X][A][NL]The Grado Empire will repay the[X][NL]debt of betrayal with blood![A][0C][16]...[X][16]His Majesty relies upon you, Captain.[X][NL]Be sure his trust is not misplaced.[X][A][NL]That is all.[A][09]Yes, sir![X][A]
0x09BD	[09][10][13][NL][0C][10]K[NL][0C]Such loyalty to the crown.[A][NL]If only I could hold such conviction[NL]in the righteousness of our emperor.[A][09]Something troubling you, Brother?[X][A][0C]No[16]... [16]Pay no mind to me.[A][NL]Come, Cormag. Let's go.[X][A][NL]From here, we ride northeast,[X][NL]back to the fort.[X][A][09]Very well.[A]
0x09BE	[09][10][02][NL][0C][10][04][NL][09]It's been so long since I last[NL]visited Serafew.[A][NL]My brother and I used to pass[X][NL]through here en route to Grado.[X][A][NL]I remember the harmony in which the[X][NL]people of both countries lived.[X][A][NL]No walls divided our borders. No[NL]soldiers stood guard in high towers.[A][NL]This border town[16]... [16]It was to me a symbol[X][NL]of the trust between Grado and Renais.[A][0C][16]...[X][16]And now, it is firmly under[X][NL]the thumb of Grado's emperor.[X][A][09]The peace I remember in this city[X][16]...[X][16][A][NL]It seems like something from another[NL]time. It seems lost now[X][16]... [16]Forever.[A][0C][16]...[X][16]The city doesn't seem to be very[NL]heavily patrolled.[A][NL]They must feel it's not worth guarding[NL]with Castle Renais under their control.[X][A][NL]We must try to not draw attention to[NL]ourselves. The west gate is undermanned[X][16]...[X][16][A][8004][0F][10] [NL][0F]Pardon me, may I ask[NL]you a question?[X][A][0C][11][09][800A][0A][10][04][NL][0F][800E][08]What is it?[X][A][0C]I'm looking for someone.[A][NL]Have you seen a young girl[NL]with indigo hair?[X][A][08]Indigo hair?[A][NL]No[16]... [16]Sorry.[A][0C]Hmmm[16]...[X][16][A][NL]Thank you. Sorry[NL]to intrude.[X][A]
0x09BF	[0A][10][02][NL][08][10][04][NL][0A]There was something very odd about[NL]that man, wouldn't you say?[X][A][08]He did seem unusual. He didn't[NL]strike me as a Grado spy, but[X][16]...[X][16][A][8004][0F][10]k[NL][0F]Catch her! Don't let her escape![A][15][0F]That way! She[X][NL]went that way![A][0A]What's that?[A][08]It's coming from over there.[A][0A]Let's see what the commotion is.[A]
0x09C0	[09][10][11][NL][0C][10]k[NL][0C]Traitor Natasha![NL]Surrender peacefully.[X][A][NL]Come quietly, and you may have the chance[X][NL]to explain yourself before His Majesty.[X][A][09]Wait, please.[X][NL]You must listen to me![A][0C]Take her.[X][A][09]No, you must believe me![A][NL]The emperor is not himself. You[X][NL]MUST be able to see that![X][A][0C]Impugn the emperor at your peril![X][A][NL]We've been ordered to execute you[X][NL]if you offer any resistance.[A][NL]But your words condemn you![X][A]
0x09C1	[0A][10][02][NL][08][10][04][NL][0A]That cleric is a traitor to[X][NL]the throne of Grado?[A][NL]What madness is this?[X][A]
0x09C2	[09][10][11][NL][0C][10][02][NL][09]Ah[16]...[X][16][A][0C]Are you all right?[A][09]Who are you?[A][0C]I'm from Renais. Why are[NL]these Grado men after you?[A][09]You're from Renais[16]... [16]Oh![X][A][NL]I have something I must tell[NL]you. It's about Grado[X][16]--[16][A][0C]Wait[16]--[16]Grado soldiers are coming[X][NL]this way.[X][A][NL]We'll have to talk later.[X][NL]Now we must fight![A]
0x09C3	[0C][10]*[NL][0C]So much for my dreams of making[X][NL]my fortune here[X][16]...[X][16][A][NL]First the girl, now the gold.[X][NL]It really isn't my lucky day.[X][A][09][10]k[NL][09]You there! Mercenary! What are[NL]you doing here at the arena?[A][NL]Get back to the staging area now![X][A][0C]C'mon, why don't we both hit the arena?[X][NL]It'll be good training.[X][A][NL]If you're going to risk your life anyway,[X][NL]you may as well try to earn some gold.[A][09]I'm reporting you to the captain! You'll[NL]be lucky if he just docks your pay![X][A][NL]Don't forget[16]--[16]you can be replaced in[NL]an eyeblink, you filthy sellsword![A][09][11][0C]Don't worry, little man.[NL]I won't forget.[X][A][02][NL]Work's work, but I don't[NL]like fighting women[X][16]...[X][16][A][NL]Now then, what's the rest of[NL]the day got in store for me?[A][02][NL][16]...[X][16]Tails, huh? That's nothing[NL]but bad luck and more bad luck[16]...[X][16][A]
0x09C4	[09][10][11][NL][09]They may not want to hear what[NL]I have to say, but[16]...[X][16][A][NL]I must speak with one of the[NL]Grado soldiers.[X][A][NL]Oh, if only one of them will[NL]listen to my words[16]...[X][16][A][NL]Please! Grant me strength.[A]
0x09C5	[0D][10]L[NL][0D]Look at this. Now's our chance![X][A][NL]C'mon, lads![A][NL]Let's join the fight and steal our[NL]way through this pathetic town![X][A]
0x09C9	[0A][10][02][NL][08][10][04][NL][0C][10][11][NL][1C][0A]That was a tight spot.[A][0C]Yes, yes it was[X][16]...[X][16][NL]Thank you so much.[A][NL]I don't know how to repay[X][16]--[16][A][08]You're from Grado, aren't you?[A][0C]Yes[X][16]...[X][16][NL]My name is Natasha.[X][A][NL]I was a servant of the people[X][NL]at Grado's Imperial Temple.[X][A][0A]Then why the trouble with the soldiers?[X][NL]Would you tell us your story?[X][A][0C]Of course[X][16]...[X][16][A][NL]A few days past, my mentor was [X][NL]arrested without warning.[X][A][NL]They executed him.[NL]They said he was a traitor[16]...[X][16][A][NL]But those were false accusations.[X][A][NL]The emperor had him killed[16]--[16]a holy[NL]man![16]--[16]to keep him silent.[X][A][08]Keep him silent?[A][0C]Yes. My mentor told me with[X][NL]his final breath.[X][A][NL]The emperor plans to destroy[NL]the Sacred Stones.[A][0A]The Sacred Stones? Destroy them?[A][0C]As you must know, the Sacred Stones drove[X][NL]back the power of evil long ago.[A][NL]Even now, each of our nations is home[X][NL]to one of these legendary treasures.[A][NL]There's one in my homeland, Grado, and[NL]one in your Renais[16]...[X][16][A][0A]Yes, the Sacred Stone of Renais is[NL]still housed in our royal temple.[X][A][0C]The emperor plans to destroy the[NL]five stones, one by one[X][16]...[X][16][A][08]Why would he do such a thing?[X][A][NL]Legend says the Sacred Stones are[X][NL]even now all that keeps evil at bay![A][0C]I cannot begin to guess his motives[X][16]...[X][16][A][NL]You must know, our emperor was a gentle[X][NL]man. But one day, he changed. Utterly.[A][NL]Before my mentor died, he said the keepers[NL]of the Sacred Stones must be warned.[A][NL]I tried to slip across the border, but[NL]the soldiers spotted me[X][16]...[X][16][A][0A]Is that what happened[X][16]...[X][16][A][NL]What do you think, Seth?[A][08]I think we can trust no one from Grado.[X][NL]Not in these times. Not without proof.[A][NL]However, if what she says is true, we[X][NL]cannot ignore the danger we face.[X][A][NL]Destroying the Sacred Stones[16]...[X][16][NL]We cannot allow that to happen.[X][A][0A]I agree. If only we knew if there were[NL]some reason for the emperor's actions.[A][NL]I must tell you, her story chills me to[X][NL]the bone. I pray it is false[16]...[X][16][A]
0x09CA	[08][10][04][NL][0A][10][02][NL][0B][10][12][NL][0C][16]...[X][16]Ahh[X][16]...[X][16][A][0A]Hold on! You must hold on![A][08]Her wound is[16]...[X][16][A][0B][801E][0B]The[X][16]...[X][16]emp[X][16]...[X][16]emperor[X][16]...[X][16][A][0A]Stop, you mustn't speak[X][16]...[X][16][A][0B]The emperor wants[X][16]...[X][16]de[16]...[X][16][A][NL]destroy[X][16]...[X][16][05][NL]Sacred Stones[X][16]...[X][16][A][0B][801D][08]What?![A][0A]Destroy the Sacred Stones?[A][0B][801E][0B]Please[16]...[X][16]warn[16]...[X][16][A][NL]Protect the[X][16]...[X][16]five stones[X][16]...[X][16][A][NL][16]......[16][A][0B][801D][0B][11][08][16]...[X][16]She's dead.[X][A][0A][16]......[16][A][NL]Seth, what do you make[NL]of her final words?[X][A][08]She said something about the[NL]Sacred Stones.[A][NL]She must have meant five stones that[NL]banished evil from Magvel long ago.[X][A][0A]And the emperor[X][16]--[16]Grado's emperor?[NL]Is he trying to destroy them?[X][A][NL]What does that mean?[A][08]I don't know.[X][A][NL]If she had lived, we might[NL]have learned more, but[16]...[X][16][A][0A]Destroying the Sacred Stones[16]...[X][16][NL]We cannot allow that to happen.[X][A][NL]Could it really be true? What would[X][NL]drive the emperor to such madness?[A][NL]I must tell you, her story chills me[NL]to the bone. I pray it is false.[A] [X]
0x09CB	[0C][10][02][NL][09][10]X[NL][09]A moment, please.[X][NL]Are you perchance[X][16]...[X][16][A][NL]Princess Eirika?[A][0C]I am.[X][A][09]Oh[16]... [16]Thank goodness you're safe![X][NL]I can't tell you how happy I am.[A][NL]And please accept my gratitude for[NL]driving off that Captain Saar.[A][NL]That Saar treated all the citizens of Renais[NL]with such contempt and brutality[16]...[X][16][A][0C]Not here[16]...[X][16]not in this city.[X][A][NL]My brother and I spent such[X][NL]happy times here with Lyon[16]...[X][16][A][09]I beg your pardon, but it will not be[X][NL]long before Grado sends more troops.[A][NL]Please, you must go quickly.[A][0C]I'm so sorry.[X][A][NL]There's nothing I can do for[NL]you now. Please forgive me.[X][A][09]Do not be troubled.[X][NL]Princess Eirika[X][16]...[X][16][A][NL]We will survive and wait for the[NL]day of liberation to come.[A][NL]There will come a day when you, Prince[NL]Ephraim, and all of Renais rise up[16]...[X][16][A][NL]Until that day of glory comes, we will[NL]wait unbowed and filled with hope.[A]
0x09CC	[09][10][11][NL][0C][10]*[NL][09]You[X][16]... [16]You're that man I met[X][16]...[X][16][A][NL]Are you here to capture me? You've been[X][NL]hired to silence me, haven't you[16]...[X][16][A][0C]Yeah, Grado's paying the bill.[NL]They want you dead, you know?[X][A][NL]But don't feel bad. It's not personal.[A][09]Wait, please[16]...[X][16][A][NL]It doesn't matter what happens to[X][NL]me, but you must hear my words.[X][A][NL]The emperor of Grado is changed.[NL]He is not the man he once was.[A][NL]The other nations must be warned before[X][NL]he extinguishes all light from our lands.[X][A][0C]Hey, no offense, but I'm just a mercenary.[NL]I don't care about Grado or its emperor.[A][NL]Everything you say may be true, or it may[X][NL]be lies. I don't care either way.[X][A][09]But that's[16]...[X][16][A][0C]Even so[X][16]... [16]Killing a beautiful lady like[X][NL]you would leave a bad taste in my mouth.[A][02][NL]Tell me, do you like to gamble?[X][A][09]What?![A][0C]Gambling's what I live for. Even[NL]when I lose, I never want to stop.[A][NL]Let's have us a little wager.[X][NL]If you win, I'll believe you.[X][A][NL]Heads or tails, you call it.[A][09]You can't[X][16]...[X][16][NL]This is no time for games[X][16]...[X][16][A][0C]Would you rather I get on with the[NL]job I was hired for?[A][09][16]......[16][NL]Um, heads[X][16]...[X][16][A][NL]No! Tails![A][0C]All right. So I'm heads,[NL]and you're tails.[X][A][NL]Here we go.[X][07][NL][16]... ... ...[X][16][A][09][16]......[16][NL]Which[X][16]... [16]Which is it?[A][8004][17][0C]What do you know?![A][02][NL]It's tails. You win. Figures.[X][NL]I haven't won anything all day.[X][A][NL]Well, Lady Luck has spoken.[X][NL]Guess I'm on your side now.[X][A][09]Are you serious?[A][0C]Yeah. Sure, I might cheat, but I never[NL]worm out of a bet. It's a rule of mine.[X][A][09]Oh, thank heaven! Thank you, blessed[NL]light, for your protection![X][A][0C]I got nothing against heaven, but I'm right[X][NL]here if you want someone to thank[X][16]...[X][16][A][NL]No? Well, get behind me then. I've[NL]got to take care of these fools.[A]
0x09CD	[09][10]X[NL][0C][10][FF][FF][09]Life in Serafew's been harder since the[X][NL]Grado occupation force took over here.[A][NL]Serafew's got Renais citizens as well as[NL]Grado, but it's been hardest on us.[X][A][NL]They've singled out families from[X][NL]Renais for the most awful atrocities.[X][A][02][NL]Please, traveler, take this sword.[A][NL]It's an armorslayer. It'll cut through[NL]even the strongest armor.[X][A][NL]Take it and strike down that[NL]blackheart, Saar.[X][A]
0x09CE	[17][09][10][1C][NL][0C][10][FF][FF][09]Oh, hello.[NL]Did you come to see me dance?[X][A][NL]I'm sorry, but I just finished a[NL]few moments ago.[A][02][NL]Oh, by the way[16]... [16]Would you be interested[X][NL]in one of these items?[A][NL]A wealthy patron left me a small ransom[X][NL]in gifts after watching my performance.[X][A][NL]You can sell one for gold if you'd like[X][NL]or use them to improve your skills.[X][A][NL]I simply cannot carry all of this by[NL]myself, so please, take this one.[X][A][NL]Wealth is useless if you can't use it[X][NL]to bring happiness to others, right?[A][NL]Thanks for dropping by. Perhaps we'll[X][NL]meet again someday.[X][A][09][801F]
0x09CF	[09][10]Y[NL][0C][10][FF][FF][09]In my youth, I was a knight of some[X][NL]renown, I'll have you know.[X][A][NL]I've even crossed blades with one of[NL]Grado's most famous generals, I have.[X][A][NL]Ah, but I'm an old man now[16]...[X][16][A][NL]I'm starting to worry[X][16]... [16]What if I die[X][NL]without passing on my techniques?[X][A][NL]So I decided to write down what I've[NL]learned in a book. I have it here.[A][NL]You seem like a strong warrior. I'd[X][NL]be honored if you would accept it.[A]
0x09D0	[17][09][10][19][NL][09]Hope everyone's well back home in Silva.[NL]Just a bit more, and I'll be in the empire.[X][A][NL]Let's see, I've got vulneraries,[NL]antitoxins[16]...[X][16][A][NL]Oh! And I can't let myself forget torches[X][NL]for when it gets dark.[A][NL]Yep! I'm all set![X][NL]Now I just need to get to the capital.[A][NL]I'll be the finest soldier the[NL]Grado army's ever seen! I swear it![X][A][09][11][0C][10][FF][FF][0C]Hm?[X][04] What's this[16]...[X][16][A]
0x09D1	Sometimes, you can talk to an enemy and[X][NL]convince him to join you.[X][A][NL]For example, right now, [8021]Joshua[8021] might[NL]be inclined to talk with [X][8021]Natasha[X][8021].[X][A][02][NL]However, [X][8021]Joshua[8021] is a [8021]red unit[8021].[X][A][NL]Unlike green units you've seen before,[NL]he will [8021]attack[8021] until he's spoken to.[A][NL]Moreover, [8021]Joshua[8021] is a [8021]myrmidon[8021], who[X][NL]specializes in [X][8021]critical hits[X][8021].[X][A][NL]If you are struck by a [X][8021]critical hit[8021], you[X][NL]will suffer 3 times the normal damage.[A][NL]It's a good idea to check [8021]Crit[8021][NL]on the combat information window.[X][A]
0x09D2	You got an armorslayer.[X][A][NL]This weapon is similar to rapiers in[NL]that you can severely injure knights[NL]and generals with a single blow.[A][NL]In such cases, the weapon icon on the[X][NL]combat information window will flash.[X][A]
0x09D3	There's an [X][8021]armory[8021] and a[NL][8021]shop[8021] in this city.[A]
0x09D4	[8021]Armories[8021] sell iron swords, steel[NL]lances, and other weapons.[A][NL][8021]Shops[X][8021] carry spells, vulneraries,[X][NL]and a myriad of other items.[A][NL]If you're running short on anything,[NL]make sure you stock up here.[A]
0x09D5	There's an [X][8021]arena[X][8021] here.[A]
0x09D6	Arenas play host to [8021]one-on-one[NL]combat matches[8021].[X][A][NL]If you win a match, you'll earn [8021]twice[X][NL]the amount of the entry fee[X][8021].[X][A][NL]If you lose, however, that unit [8021]will not[NL]be able to fight in any future battles[8021].[X][A][NL]If your HP drops near zero in a fight,[NL][8021]press the B Button quickly[8021] to concede.[A][NL]You'll lose your entry fee, but you'll[NL]save your unit to fight again.[A]
0x09D7	[09][10]8[NL][0C][10]B[NL][09]What a pleasant surprise.[X][NL]It's Master Valter.[X][A][0C]What's the situation, Tirado? You[X][NL]have captured Ephraim, haven't you?[X][A][09]No. Prince Ephraim still fights[X][NL]in the lands north of Renvall.[A][0C]And why is that?[A][NL]What has happened to all[NL]those mercenaries you hired?[A][09]They've proven to be less than adequate.[A][NL]Ephraim's clever. His band strikes quickly[NL]and then vanishes into the woods.[X][A][NL]We more than double his numbers, and yet[NL]he uses the terrain wisely to fight us.[X][A][NL]He has no army[16]--[16]just a small force[NL]of knights loyal to Renais.[X][A][NL]Prince Ephraim's reputation as a superb[X][NL]strategist would seem to be well earned.[A][0C]Hmm[X][16]...[X][16][A][NL]How interesting. The lad's beginning[NL]to whet my appetite.[A][NL]Tirado[16]... [16]Bring him to me as quickly[NL]as you can, will you?[X][A][09]As you command.[X][A][NL]Just grant me an army, and[NL]I'll bring him down swiftly.[A][0C]What sort of plan do you have?[A][09]Master, I am your loyal adjutant,[X][NL]and you are my general.[X][A][NL]For you, my lord, I have many[X][NL]plans ready and waiting.[A][0C]Really? Well then,[NL]let me hear them.[X][A][09]Very well. [X][A][NL]First, you and I will leave this[NL]fort and head north.[A][NL]Then, we will find Prince Ephraim[X][NL]in his leafy playpen.[X][A][0C]But he's not easily found, is he?[X][A][09]Do not worry.[X][A][NL]At Prince Ephraim's side is[X][16]...[X][16][NL]a friend, shall we say.[X][A][NL]When the time is right, our friend[NL]will move on our behalf[X][16]...[X][16][A]
0x09D8	[09][10][14][NL][0B][10][16][NL][0D][10][18][NL][1C][09]Forde, how are we on[NL]supplies and equipment?[X][A][0B]It's not looking good.[A][NL]Our weapons are in bad shape,[X][NL]and we're running low on food.[A][NL]We can probably restock at a[NL]nearby village, but[X][16]--[16][A][09]No, that's not an option.[X][A][NL]We're in enemy territory. I will not[NL]involve innocents if I can avoid it.[A][0B]Yeah, I knew you'd say that.[A][NL]I mean, it's because of stuff like that[X][NL]that we've stuck with you so far.[X][A][NL]But eventually, we do need to face[NL]reality. What are we going to do?[X][A][0D]Word of mouth has it that the invasion[NL]of Renais has progressed quite far.[X][A][NL]I've heard that the capital has fallen.[X][A][09]Hm[16]... [16]So soon[X][16]...[X][16][A][NL]Still, my father is in the capital,[X][NL]and he won't surrender easily.[A][02][NL]Forde, Kyle.[A][NL]Our mission here is to harry the[NL]troops, to distract their eye.[A][NL]Hopefully, we'll be able to give my[X][NL]father and Eirika time to escape.[X][A][15][09]Kyle, have you heard anything from[NL]Orson? I sent him ahead to scout.[X][A][0D]No word yet, and it's about[X][NL]time he returned[16]...[X][16][A][0B][11][0D][11][1D][0C][10]E[NL][0C]Reporting in, Prince Ephraim.[X][A][NL]I can confirm Grado presence at[X][NL]several points around our camp.[X][A][NL]Also, a large battalion of soldiers[X][NL]has been dispatched from Renvall.[X][A][NL]We shouldn't tarry here any longer[NL]than necessary[16]...[X][16][A][09]I see.[A][0C][11][0C][10][16][NL][0C]Seems as though we've certainly[X][NL]caught Grado's eye this time.[X][A][NL]Should we retreat back to the[X][NL]capital, Prince Ephraim?[A][09]No. We press onward.[A][NL]We're going to capture Renvall.[X][A][0C]Wh-what?!?[A]
0x09D9	[09][10][14][NL][0B][10][16][NL][0D][10][18][NL][09]So this is Renvall, is it?[A][NL]All right, let's go.[A][0B]Um[16]... [16]Are you[X][16]...[X][16]sure you're[X][NL]quite sane, Prince Ephraim?[X][A][NL]We've an entire army after us, and[NL]you want to charge their stronghold?[A][0D]Forde! Watch your tongue! This [X][NL]is our prince you're addressing![A][09]Kyle, please, it's all right.[X][NL]We've heard nothing from home,[A][NL]so what harm could a little[X][NL]reckless besieging cause?[X][A][0D]Prince Ephraim[16]...[X][16][A][09]Don't worry. I haven't lost all sense[X][NL]of self-preservation.[X][A][NL]Renvall holds an important place in[X][NL]Grado's national defense.[X][A][NL]If we can get the upper hand[NL]and take control of it,[X][A][NL]then Grado will waste many valuable[X][NL]soldiers trying to take it back.[A][NL]I hope our attack proves useful[X][NL]to my father and Eirika.[A][1C][0B]I understand what you're saying, but[16]...[X][16][A][NL]can we do it with our current strength?[X][A][09]Every soldier in this area is[X][NL]trying to find us.[A][NL]The enemy has us vastly outnumbered.[NL]Attacking the castle is a ridiculous idea.[A][NL]If the enemy thinks the same[16]...[X][16][NL]then we may have our opening.[X][A][0B]You have a point. I'm sure Renvall won't[NL]expect us to attack with these numbers.[X][A][NL]Either way, we can't run forever.[X][NL]And we're running out of supplies.[A][NL]What've we got to lose?[X][NL]Shall we get ready to go?[X][A][09]Yes. If we don't move quickly, we[X][NL]may never get another chance.[X][A][02][NL]Trust me. I don't pick fights I[X][NL]cannot win.[X][A][0D]Yes, sir![X][A]
0x09DA	[09][10]5[NL][09]An attack? By Ephraim's troops?[X][A][NL]To arms! Prince Ephraim's circled around[NL]and brought the fight to us![A][NL]If we capture the prince here, we can[X][NL]line our pockets with gold![X][A][NL]Do you understand? We'll be rich![X][A]
0x09DB	[09][10][14][NL][09]Orson.[A][0C][10]E[NL][0C]Yes[X][16]...[X][16][A][09]Your wounds still haven't healed[NL]from that last battle, have they?[X][A][NL]Don't push yourself.[A][NL]If we're defeated, you must return[NL]to Frelia. Understood?[A][0C]Understood[16]...[X][16][A][09]Let's go![X][NL]Kyle! Forde![A]
0x09DD	[0C][10]F[NL][0C]Guess I wasn't as [NL]lucky this time...[A]
0x09E1	[09][10][14][NL][0C][10][18][NL][0C]We've secured the entire castle.[A][NL]You were brilliant, Prince Ephraim![X][NL]What a plan! What a battle![X][A][09]I estimate at least half of the[X][NL]enemy troops are in the field.[A][NL]We took the castle, but we don't have the[X][NL]manpower to hold it in a siege.[X][A][NL]There's no point in lingering here.[X][NL]Let's continue on to Grado Keep.[A]
0x09E2	[0A][10][14][NL][08][10][18][NL][0C][10][16][NL][1C][0C]Prince Ephraim, things have[X][NL]taken a turn for the worse.[X][A][NL]I took a look around the castle perimeter[X][16]...[X][16][A][02][NL]We're surrounded.[X][A][08]What?[X][A][0A]Grado's sent reinforcements?[NL]So quickly[16]...?[16][A][08]What should we do?[A][0A][16]......[16][A][02][NL]We must escape![X][A]
0x09E3	[0C][10][14][NL][09][10]B[NL][09]So, you've captured Renvall, have you?[NL]And with such a small force! Impressive![A][NL]You've earned your reputation. I must say,[NL]I quite admire your work.[X][A][02][NL]I take it you're the leader of this[X][NL]pack[16]--[16]the misguided Prince Ephraim.[X][A][0C]I am.[X][A][09]I'm General Valter, the Moonstone[X][NL]of Grado's Imperial Army.[X][A][NL]Catching up to you has caused me[NL]no small amount of trouble.[X][A][NL]We've reduced your wretched home[NL]of Renais to ruin, and yet[16]...[X][16][A][NL]you and your little band of bravos[NL]continue to be a thorn in our side.[X][A][02][NL]But that all ends here.[X][A][0C][800D][0B]We'll see[X][16]... [16]You claim you've[NL]taken the capital of Renais[X][16]...[X][16][A][NL]Tell me, how did you know[X][NL]I would attack Renvall?[X][A][09]Ha ha[X][16]... [16]Patience. You'll have[X][NL]your answer soon enough.[A][NL]Now, be good lads, and drop[X][NL]your weapons, will you?[X][A][0D][10][18][NL][0D]Prince Ephraim, let us attack![A][0B][16]......[16][A][09]Listen to me, Ephraim. You're a smart[X][NL]man. You know it's futile to fight me.[A][NL]You cannot win.[X][NL]You cannot escape.[A][NL]Accept the reality of your situation,[X][NL]and surrender to me.[A][0B]Surrender?[A][09]Heh heh heh[X][16]... [16]That's right.[X][NL]If you do, I'll let you live.[X][A][NL]I hold your life in the palm of my[NL]hand. Do not test my good humor.[A][NL]Now come over here, bend your[X][NL]knee, and beg for your life.[A][NL]Show me how Renais dogs grovel.[X][A][0B]I think not.[A][09]What?[X][A][0B]You said your name was Valter, didn't you?[A][NL]Well, I'm sorry, Valter, but I don't have[X][NL]time to waste playing games with you.[X][A][NL]So, we're going to knock you louts about a[NL]bit and then make our way out of here.[A][09]Fool[16]... [16]Have you gone mad?[A][NL]Do you truly believe you can fight[NL]your way past my wyvern knights?[A][0B]Watch and see. I don't pick[X][NL]fights I can't win.[X][A][02][NL]Kyle, Forde.[NL]Are you ready?[A][0D]My life has been yours since the[NL]moment I took my chivalric vows.[A][0D][11][0D][10][16][NL][0D][17]It's moments like these that[NL]keep me by your side, my prince.[A][17][0D][11][09]What idiotic wretches you are[X][16]...[X][16][A][NL]Prepare yourselves to be[NL]destroyed utterly![A][0B]We break to the east. GO![X][A]
0x09E4	[09][10]H[NL][0C][10]6[NL][09][17]So, tell me[X][16]...[X][16][A][NL]You have ascertained Eirika's[X][NL]whereabouts, have you not?[A][17][0C]I have.[X][A][NL]I sent some of our men to follow[NL]the princess as she fled Serafew.[X][A][NL]They tell me Eirika and her friends[X][NL]will be coming this way shortly.[A][NL]Our ambush is ready and waiting.[NL]There's no way they can escape.[X][A][NL]Like rats in a sack, as they say.[X][NL]Heh heh heh[X][16]...[X][16][A][09][17]Very good[X][16]...[X][16][NL][17]Won't that wretched Valter be delighted.[A][02][NL]Now about this Princess Eirika[16]...[X][16][NL]I hear she's quite a handful.[X][A][NL]They say her paladin withstood[NL]Valter's lance[16]...[X][16][A][NL]Tell me, Novala, are you certain you[NL]can handle this assignment?[X][A][0C]Don't worry. Everything[X][NL]is under control.[X][A][NL]I've brought along a certain[NL]something from Renais.[A][NL]It will negate whatever futile[NL]resistance they offer. Ha ha ha[X][16]...[X][16][A][09][17]Heh heh heh[X][16]...[X][16][NL][17]Pray it goes as you say.[A][NL]Very well. Do what you must.[NL]I must return to the capital.[X][A][0C]Will you not stay and see how[X][NL]Eirika looks in captivity?[A][09]Unlike two other layabouts I know,[NL]I do not have such time to waste.[X][A][NL]I have much to do for our master.[X][NL]A mountain of tasks awaits me.[A][NL]My time is far too precious to waste[NL]on the likes of that royal whelp.[X][A][NL]Trifles such as these are best left in[NL]the hands of servants[X][16]...[X][16]such as you.[A][0C][17]Y-yes, of course[16]...[X][16][A][NL][17]Then[16]...[X][16]travel well.[A][15][09][11][0C]Hmph[16]...[X][16][NL]Freakish old man.[X][A][NL]You should have watched. You might[NL]have learned something.[X][A][NL]I will capture the princess, and I will[X][NL]replace you at our master's side.[X][A][NL]You will stew in regret, and I will[X][NL]enjoy every moment.[X][A]
0x09E5	[0A][10][02][NL][0D][10]6[NL][0D][17]Ha ha ha[16]...[X][16][A][NL][17]Princess Eirika of Renais![A][NL]Accept your fate. You have[NL]nowhere to flee![A][8004][0A]What?![NL]Who are you?[A][NL]And where[X][16]...[X][16]where did[X][NL]you come from?[A][0D]You're as beautiful as I'd heard[16]...[X][16][NL]And you're even wearing your bracelet.[A][NL]I suppose we should begin there. Would[NL]you surrender your lovely little trinket?[X][A][08][10][04][NL][08]Ah![X][A][0A]My bracelet[X][16]...[X][16][A][NL]Why do you want it?[X][A][0D]His Majesty desires it.[X][NL]That's reason enough.[X][A][NL]Once I present it to him, he will make[NL]me a general, and I will be famous.[X][A][NL]Come, hand it over. Do it quickly,[NL]and I'll leave you alive.[X][A][08]Princess Eirika, you will do no such thing.[X][A][0A]Of course not.[A][0D]Obedience will save you pain.[X][A][NL]You came all this way to aid[NL]Prince Ephraim, have you not?[X][A][NL]A fool's errand. Ephraim fell before[NL]the empire's might.[X][A][NL]As we speak he wastes away in a cell in[X][NL]Renvall, meekly awaiting his execution.[X][A][0A]My brother?![A][NL]You lie! A pitiful worm like you[NL]could never defeat my brother![A][0D]Bah. Protest all you like.[NL]It does not change the truth.[X][A][NL]Ephraim has lost, and it was[NL]Grado that defeated him![A][0A][16]......[16][A][0D]You're not going to acquiesce,[NL]are you? Very well.[X][A][NL]Bring me the child.[X][A]
0x09E6	[0A][10][02][NL][08][10][04][NL][0B][10]c[NL][0D][10]6[NL][0B]H-help me[X][16]...[X][16][A][0A]Ah![X][A][0D]Look familiar? She's a citizen[NL]of your precious Renais.[A][NL]Now give me the bracelet![X][NL]Do it, or the child dies![X][A][0A]No, please[16]...[X][16][A][NL]You win. But I must have your word[NL]the child will suffer no harm.[A][08]Princess, wait.[X][NL]That bracelet[X][16]--[16][A][0A]It's not worth a child's life.[A][NL]Forgive me, Seth.[X][A]
0x09E7	[0A][10][02][NL][08][10][04][NL][0B][10]c[NL][0D][10]6[NL][0D][17]Yes[X][16]...[X][16]there can be no mistaking it![X][A][NL][17]Next, your weapons. Take them off[X][NL]and hand them over.[X][A][08]No.[X][A][NL]Surrendering our weapons would be[X][NL]tantamount to suicide.[A][NL]You demand too much of us.[A][0D]I see years of peace and idleness have not[NL]dulled the wits of all Renais's knights.[A][NL]Well then, my hostage has no more use to[NL]me, does she? Ah, such a waste.[X][A][02][NL]Wait a moment[X][16]...[X][16][NL]I've just had a delicious idea.[X][A][NL]Have you heard of the giant spiders prowling[NL]about this region?[A][NL]They'd appreciate a nice, hot meal, wouldn't[NL]you agree?[A][0A]You can't[X][16]--[16][A][0B]Nooo![X][A][0B][11][0D][17]Ha ha! This will be a delight to watch![X][A][NL][17]These fools will curse the day they[X][NL]were born to Renais![A][0A]Why[X][16]...[X][16]why would you[X][16]...[X][16][A][02][NL]How can you do such a thing?[A][0D]This is WAR! There are no rules here![X][NL]In war, you can do anything! Anything![A][NL]You curs of Renais have lost! Your[NL]idiotic ravings mean nothing[16]...[X][16][A][0A]Enough. Hold your tongue.[X][A][0D]Wha[X][16]...[X][16]what?![A][0A]I[X][16]...[X][16][A][NL]We, the people of Renais, have long honored[X][NL]our allegiance with the Grado Empire.[X][A][NL]And you invaded without warning. You[NL]ravaged our land. You killed my father[16]...[X][16][A][NL]Even then, I told myself I must not hate[NL]Grado or her people.[A][NL]If I gave in to my hate, the bond between[X][NL]our lands would be lost forever.[A][NL]I refused to hate. Instead, I lived for the[X][NL]day our nations would know peace again.[X][A][02][NL]But[X][16]...[X][16][A][NL]If this is Grado's true face[16]...[X][16][A][NL]If you could extinguish Renais without [X][NL]pity, without remorse[X][16]...[X][16][A][02][NL]If this is the case, then there is no room[NL]in my heart for forgiveness.[A][0D]Impudent girl![A][NL]Do you expect your words to save[NL]your countrymen? They will not.[X][A][NL]Your beloved people will all die,[X][NL]as will you.[A]
0x09E8	[09][10]6[NL][0B][10]a[NL][0D][10]c[NL][09][17]Ha ha ha![X][A][NL][17]If you must curse someone,[NL]curse your dear princess.[X][A][0D]Help, someone![A][09]Cry! Scream![NL]HAHAHAHA![X][A]
0x09E9	[09][10]\[NL][0B][10]a[NL][0D][10]c[NL][0D]Are we gonna get eaten?[X][A][0B]We're going to be fine.[X][NL]Someone will rescue us.[X][A][09][16]......[16][A]
0x09EA	[09][10][02][NL][09]Let's move, Seth! We[NL]have to save that girl![X][A][0B][10][04][NL][0B]Peace, Your Highness.[X][NL]This is a trap.[X][A][NL]The whole area is covered in a[NL]thick fog. We're virtually blind.[X][A][NL]There are certain to be enemy[X][NL]soldiers poised to attack.[A][09]I know, but we must hurry nevertheless.[X][A][NL]We cannot abandon those people while any[NL]hope remains.[X][A]
0x09EB	[0D][10][0C][NL][0D]Hey. It's times like these you need someone[X][NL]like me around to give a hand[X][16]...[X][16][A][NL]People in my[16]...[X][16]profession[16]...[X][16]have sharp eyes.[NL]Far-off enemies? I'll spot 'em. Don't worry.[A][09]Is that so? Well then, Colm,[NL]please[16]... [16]Lead the way![X][A][NL]Let's get moving![X][A]
0x09EC	[0C][10]c[NL][0C]Eeek![X][NL]S-s-spider[16]...[X][16][A][NL]Nooooo![X][NL]Go away![A][NL]Please, somebody, help![X][NL]HEEEEELLLLPPP![A]
0x09ED	[0C][10]c[NL][0C]N-noooooo![A]
0x09EE	[0C][10]c[NL][0C]Ah[16]...[X][16][A]
0x09F1	[0C][10]c[NL][0A][10][02][NL][0C][16]......[16][A][0A]You're safe now.[A][0C][800D][0B]Wa[16]...[X][16][NL]Waaaaaaa![X][A][NL]I was so scared[X][16]...[X][16][NL]So very, very scared.[X][A][17][08][10]a[NL][08]Thank you.[A][NL]You saved us both.[A][NL]If you would like, please[X][NL]take this[X][16]...[X][16][A][NL]And thank you again.[A]
0x09F2	[0C][10][02][NL][09][10][04][NL][09]Your late father, King Fado[X][16]...[X][16][A][NL]He ordered me to keep silent until[NL]the proper time arrived.[A][NL]However, with all that has happened,[NL]with Emperor Vigarde's actions[16]...[X][16][A][NL]I feel it imperative that I tell[NL]you everything, Princess Eirika.[A][NL]Are you ready to hear the secret[NL]of the bracelet you wear?[X][A][0C]I am[16]...[X][16][A][09]As you know, Princess[X][16]...[X][16][A][NL]Renais houses one of the[NL]legendary Sacred Stones.[A][0C]Of course. It's in the temple. It's[X][NL]supposed to be a ward against evil.[X][A][09]Yes, the true stone is. But the stone[X][NL]in the temple is nothing but a forgery.[X][A][NL]The real Sacred Stone of Renais lies[NL]beneath the royal castle.[X][A][NL]Guarding it is a powerful seal, an[NL]infinitely complex lock of sorts.[X][A][0C]What?[X][A][NL]Is this true?[X][A][09]Yes. King Fado confided in me himself.[A][NL]The Sacred Stones banished evil long ago[NL]and possess powers beyond our ken.[A][NL]The ancient kings of Renais felt it[X][NL]prudent to seal ours away.[A][NL]They feared its power could be misused.[X][NL]They thought to remove the temptation.[A][NL]The keys to break the seal were hidden,[X][NL]too[X][16]... [16]Forged into bracelets[X][16]...[X][16][A][NL][16]...[X][16]The very ones that you and your[X][NL]brother, Prince Ephraim, wear.[A][0C]Our bracelets?[A][NL]How could Father keep this a[NL]secret from me for so long?[X][A][09][93]They must know nothing of the bracelets.[X][NL]Tell them only if some great peril strikes.[94][A][NL]These were King Fado's exact orders.[A][NL]Prince Ephraim knows nothing of the[X][NL]bracelets' secret, either.[A][NL]The king told me this out of fear that[NL]something might happen to him.[A][NL]So that, when the time came, the two of you[X][NL]would learn the truth.[A][0C]The bracelets have such meaning[X][16]...[X][16][A][09]Yes. And we are the only living souls who[X][NL]know the secret of the Stone of Renais.[X][A][NL]At least, that's what I was given to[NL]believe. And yet[16]...[X][16][A][8004][0C]Yet the Grado army has made it clear[NL]that they want me only for my bracelet.[X][A][09]Yes, quite clear at that[16]...[X][16][A][NL]I don't know how, but Emperor Vigarde[X][NL]must have learned the secret somehow.[X][A][NL]And now, his troops pursue the bracelet, and[NL]we are no closer to knowing his motives.[A][0C]He would use the bracelets to unlock the[NL]Sacred Stone and destroy it in secret[X][16]...[X][16][A][09]Perhaps.[A][0C]Which means that my brother[X][16]...[X][16][NL]and his bracelet[16]...[X][16][A][09]If he's been captured, they may have the[NL]bracelet already, and he may be[X][16]--[16][A][0C]Ephraim[X][16]...[X][16][A][09]Princess, we must take Novala's words to[NL]be true. We must hurry to Prince Ephraim.[X][A][NL]The enemy soldiers who fled the battle will[X][NL]have reported our location by now.[A][NL]If the prince is being held prisoner[NL]at Renvall[16]...[X][16][A][NL]I fear they might execute him once they[X][NL]learn of our approach.[A][0C]You're right. We've no time to waste.[X][A][NL]We must hurry to Renvall![X][NL]Let's go rescue my brother![X][A]
0x09F3	[17][09][10]^[NL][0C][10][FF][FF][09]I heard there are monstrous spiders[X][NL]living in the mountains to the east.[A][NL]They're said to be poisonous, so I[NL]stocked up on antitoxins[16]...[X][16][A][NL]This antitoxin's strong stuff. No need[NL]to worry about poison with this around.[X][A][NL]Hey! Why don't you go ahead and take[NL]one. Go on, you may need it.[A][NL]They might still eat you, but at least[NL]they won't be able to poison you![X][A]
0x09F4	A heavy fog has rolled in.[A][NL]Fog limits your range of vision and[X][NL]makes it hard to determine where enemy[NL]troops are hiding.[A][NL]You don't want to run into enemies[NL]unprepared, so proceed with caution.[A][02][NL]Also remember, [X][8021]thieves[X][8021] have better[NL]ranges of vision than other units, so[X][NL]they make good scouts. If you're on a[X][NL]foggy map, be sure to include [8021]thieves[X][8021][NL]in your party.[A][02][NL]If you don't have any [8021]thieves[X][8021], other units[X][NL]can extend their vision ranges by using[X][NL][8021]torches[X][8021].[X][A][NL]Seeing is vital in combat, so use [8021]thieves[X][8021],[X][NL][8021]torches[X][8021], and other items to[NL]gain the upper hand.[A]
0x09F5	You got an [X][8021]antitoxin[X][8021].[X][A][NL]Antitoxins are valuable if your units[X][NL]get struck with a poisoned attack.[A][NL]Some enemies wield poisoned weapons.[NL]Additionally, there are poisonous[X][NL]spiders lurking about on this map.[A][NL]If you get poisoned, simply use an[NL][8021]antitoxin[X][8021] to heal yourself.[A]
0x09F6	[08][10][04][NL][0A][10][02][NL][1C][0A]My brother is somewhere[X][NL]inside that castle[16]...[X][16][A][08]Renvall is surrounded by lakes.[X][A][NL]The only entrance is the bridge to the[NL]main gate, and it's well guarded.[X][A][NL]Castle Renvall is a natural stronghold,[X][NL]easy to defend and difficult to assault.[A][NL]We must plan our attack carefully.[A][0A]I agree[X][16]...[X][16][A]
0x09F7	[0C][10][06][NL][0C]Princess Eirika![NL]Please allow me to fight beside you.[A][NL]My elder brother, Forde, is in there with[X][NL]Prince Ephraim, Sir Kyle, Sir Orson[X][16]...[X][16][A][NL]Let me help you set them free![A][0C][11]
0x09F8	[0C][10][05][NL][0C]There is nothing to discuss.[NL]We will fight.[A][0C][11][0C][10][07][NL][0C]The hour of your reunion[NL]is not far off now.[X][A][0C][11][0C][10][08][NL][0C]I am yours to command, Your Highness.[X][A][0C][11]
0x09F9	[17][0D][10][09][NL][0D]We're with you all the way![X][NL]Right, Dad?[X][A][0D][11][0C][10][0E][NL][0C]Don't work yourself into a lather, Ross.[A][NL]In the heat of battle, a good warrior[X][NL]remains calm where lesser men do not.[X][A][0C][11]
0x09FA	[17][0C][10][0C][NL][0C]You need anything stolen, I'm your man.[X][NL]'Course, my blade's no joke either.[X][A][0C][11][0C][10][0A][NL][0C]I'm sure I can help if you'll[X][NL]let me[16]... [16]I'll keep myself safe.[A][0C][11]
0x09FB	[17][0C][10][10][NL][0C]You can't possibly consider fighting[NL]without my genius at your side![X][A][0C][11][0C][10][1A][NL][0C]I have yet to repay you for helping[X][NL]me fight those abominations.[A][NL]Please, let me stand by your side[X][NL]a while longer.[X][A][0C][11]
0x09FC	[17][0C][10]*[NL][0C]This has trouble written all over[X][NL]it. Bet you it's all a trap[X][16]...[X][16][A][NL]Ah, well[16]... [16]My luck's gotta turn[NL]around sometime, right?[X][A][0C][11]
0x09FD	[0C][10][11][NL][0C][801E][0C][801D][0C]May the sacred light surround[X][NL]us and protect us all.[A][0C][11]
0x09FE	[08]Well, Princess, let us[NL]prepare for battle.[X][A][0A][16]...[X][16]Brother, I'm on my way.[X][A][NL]Let's go![X][A]
0x0A00	[09][10][02][NL][0C][10][04][NL][0C]Princess, look![X][A][NL]They have ballistae positioned[NL]on the castle's perimeter.[A][09]Ballistae?[A][NL]What are ballistae, Seth?[X][A][0C]They're siege weapons, but these have[X][NL]been modified for castle defense.[X][A][NL]They can shoot much farther than any[NL]bowman, and they're extremely powerful.[X][A][NL]We'd better be careful in our approach,[X][NL]lest we suffer a storm of arrows.[X][A][09]What are we to do then?[X][A][0C]Ballistae only have so much ammunition.[X][A][NL]If we find some protective cover, we[NL]can wait until they run out of bolts.[X][A]
0x0A01	[0A][10][02][NL][0C][10][04][NL][0C]Princess, look![X][A][NL]They have ballistae positioned[NL]on the castle's perimeter.[A][0A]Ballistae?[A][NL]What are ballistae, Seth?[X][A][0C]They're siege weapons, but these have[X][NL]been modified for castle defense.[X][A][NL]They can shoot much farther than any[NL]bowman, and they're extremely powerful.[X][A][NL]We'd better be careful in our approach,[X][NL]lest we suffer a storm of arrows.[X][A][0A]What are we to do then?[X][A][0C]Ballistae only have so much ammunition.[X][A][NL]If we find some protective cover, we[NL]can wait until they run out of bolts.[X][A][08][10][0A][NL][08]I[X][16]... [16]Um, excuse me.[A][NL]I think[X][16]... [16]I think I might [NL]be able to use ballistae.[X][A][0A]Are you certain, Neimi?[X][A][17][08]Uh-huh. As long as it still has arrows[NL]and, well, there's no one in it already.[A][NL]So, just make sure there aren't any[X][NL]soldiers in it, and I can help.[X][A][NL]I mean, I'll do what I can.[X][A]
0x0A04	[0A][10][02][NL][08][10][04][NL][0A]My brother is somewhere in this castle[16]...[X][16][A][NL]Seth, we must go inside![A][08][800D][0B]Hold, Lady Eirika. Look,[NL]in the shadows[16]--[16]a figure[16]...[X][16][A][0A]Ah! An enemy soldier![X][A]
0x0A05	[08][10][02][NL][0A][10][04][NL][0C][10]D[NL][0C]Princess Eirika. And[16]...[X][16][NL]is that you, Seth?[A][0A]Sir Orson[X][16]...[X][16][A][NL]Why are you here? You should[NL]be with Prince Ephraim.[X][A][0A][11][08][11][08][10][04][NL][0A][10][02][NL][0A]Are you all right, Orson?[X][A][NL]If you're here, my brother[NL]must be here as well, right?[A][0C]Yes[X][16]...[X][16][A][NL]Prince Ephraim and I were both captured by[NL]Grado forces and held here as prisoners.[A][NL]I just managed to escape my cell[16]...[X][16][NL]A chance to escape[16]--[16][A][NL]It's what I had prayed for[16]...[X][16][A][0A]Orson[X][16]...[X][16]are you well?[X][A][NL]Your face is so pale. Grado's men,[NL]don't tell me they've[X][16]--[16][A][0C]No[16]... [16]It's nothing.[X][A][NL]But Lord Ephraim[16]... [16]I cannot say[NL]whether he's still unharmed.[A][0A]What!? Where is he?[X][NL]Where is my brother?[A][0C]If he lives still, he will be in one[NL]of the deeper cells, where I was held.[A][NL]Head down this corridor to the dungeons.[NL]Quickly, before reinforcements arrive.[A][0A]Thank you[X][16]...[X][16][A][1C][08][16]......[16][A]
0x0A06	[09][10]][NL][0C][10][FF][FF][09]Tirado's the new master of[NL]Castle Renvall.[X][A][NL]He's supposed to be an adjutant[X][NL]to General Valter of Grado.[X][A][NL]Who knows, though[X][16]... [16]Rumors say he's[X][NL]been plotting behind Valter's back.[X][A][NL]You should watch where you step.[A]
0x0A07	[09][10]_[NL][0C][10][FF][FF][09]Prince Ephraim? Well, gracious me[X][16]...[X][16][NL]I haven't heard anything about him.[X][A][NL]But now that you mention it, there[NL]was a big commotion a few days back.[A][NL]I guess the soldiers were chasing[X][NL]somebody, but[X][16]...[X][16][A][NL]Well, I was so tired, I fell asleep[X][NL]and missed the whole thing.[X][A]
0x0A08	[0B][10][02][NL][09][10]D[NL][09]This way, Princess Eirika.[A][NL]Prince Ephraim is being kept[NL]in a cell back here.[A][0B]Very well, let's go.[A][0D][10][04][NL][0D][16]...[X][16]Sir Orson.[A][NL]How long ago were you[X][NL]taken prisoner?[X][A][09]Some two weeks past. Prince Ephraim[X][NL]and I were forced to surrender.[X][A][NL]We've been held captive here in this[NL]dungeon since that black day.[X][A][0D]Did you gain any news from your[X][NL]captors during that time?[X][A][09]Unfortunately, no. Not a word[X][16]...[X][16][A][NL]Our daily meal was brought to us by[X][NL]servants from the neighboring village.[A][NL]They were instructed not to speak to[NL]us, and we heard nothing of the war.[A][NL]Tell me, Seth.[NL]How fares Renais?[X][A][0D][16]...[X][16]Renais has fallen. King Fado[16]...[X][16][NL]The king is dead.[X][A][09]Dead[16]...[X][16] My king[16]...[X][16][A][NL]My apologies, Princess Eirika.[NL]I have served you poorly[16]...[X][16][A][0B]You're not to blame, Sir Orson.[X][A][NL]We must look to the future, not[X][NL]find fault in the past.[X][A][NL]The Grado army pursues me in [X][NL]hopes of acquiring my bracelet.[X][A][NL]My brother wears this bracelet's[NL]twin, and he is in danger, too.[X][A][09]Bracelet?[X][A][NL]Ah, I remember[16]... [16]Prince Ephraim[NL]still wears the bracelet.[X][A][NL]And Grado is after them?[A][NL]If that's the case, Princess[16]...[X][16][A][NL]Perhaps you should entrust the[NL]bracelets to someone else.[A][0B]Perhaps, but[16]...[X][16][A][09]Give them to me or to Seth. Let[X][NL]someone you trust guard them.[X][A][NL]If the empire desires your bracelet, you[NL]are in danger as long as you hold it.[X][A][NL]For your own safety, Your Highness,[X][NL]please. What say you?[X][A][NL]We must not allow the Sacred Stone[NL]of Renais to be taken.[A][0B]Everything you say is true[NL]and sensible, yet[X][16]...[X][16][A][8004][0D][11][0B][11][0D][10][02][NL][0B][10][04][NL][0B][16]...[X][16]Sir Orson.[A][NL]I am sorry for this, but[NL]please give me your weapons.[A][0D]Seth?[X][A][09]What are you talking about, Seth?[X][A][NL]Can't you see I'm unarmed? Do you[X][NL]think they allow prisoners weapons?[X][A][NL]What kind of injury have you taken[NL]that you suggest such foolishness?[A][0B]If I am mistaken, then I will give[NL]you all due apologies.[A][NL]However, there are questions I have[X][NL]that I cannot answer. Too many questions.[X][A][02][NL]Why did no enemy reinforcements come from[X][NL]the castle during our battle outside?[X][A][NL]Why would you escape your cell and yet[NL]leave Prince Ephraim in chains?[X][A][NL]How do you know of the tie between the[NL]bracelets and the Sacred Stone?[X][A][09]Seth, there is some misunderstanding[NL]here. I[X][16]...[X][16][A][0B]And why[X][16]...[X][16][A][NL]Why do you conceal a blade[NL]within your doublet?[A][0D][16]...[X][16]What?[X][A][09][16]...[X][16]Very well.[A][NL]You haven't changed a bit, Seth.[A][NL]If only Eirika had been alone. You,[X][NL]however, simply will not be deceived.[X][A][0D]Orson! What is the[16]--[16][A][0B]Orson. Why did you[NL]betray Renais?[A][09][17]My fondest wish will be granted[X][16]...[X][16][A][NL]To spend the rest of my days in the[X][NL]embrace of my loving wife once more[X][16]...[X][16][A][17][0D]What are you saying?[A]
0x0A09	[09][10]8[NL][0C][10]D[NL][09]That's enough. You've done[NL]well, Orson.[A][NL]I'll take over now. You may[X][NL]return to your beloved wife.[A]
0x0A0A	[0D][10][02][NL][0B][10][04][NL][09][10]8[NL][0B]Who are you?[A][09]We've never met. I am Tirado.[X][A][NL]Loyal and talented aide to Valter,[NL]general of the Grado army.[A][0B]You're that monster's[X][16]--[16][A][09]And you are General Seth of Renais, yes?[A][NL]I thought to catch a little bird in my net,[X][NL]and it seems instead I've snared a hawk.[A][0D]Where is my brother?![X][A][09]Ah, yes. Your brother. He's not here.[X][A][NL]The coward fled Lord Valter's pursuit[X][16]...[X][16][NL]Somehow, he escaped the castle.[X][A][02][NL]And escaping under these conditions[X][16]...[X][16][NL]Tch! Such stubbornness is quite annoying.[X][A][02][NL]It was my cunning that led us to turn this[NL]unfortunate blunder to our advantage.[X][A][NL]I spread the rumors myself. I led the[X][NL]villagers to believe he was our prisoner.[X][A][NL]What better trap with which to catch[NL]his sweet, devoted sister?[A][0D]My brother escaped?[X][A][09]Yes, but your no-doubt emotional reunion[NL]will have to wait until the afterlife.[A][02][NL]Let's end this, shall we?[X][A][NL]First, to destroy the bridge and cut off[NL]your only avenue of escape[16]...[X][16][A]
0x0A0C	[0C][10][02][NL][09][10][04][NL][09]Princess Eirika, we have[NL]to get away from this place![A][0C]But how? The[NL]bridge is gone![X][A][09]Blast![A][0C]Oh, Brother[X][16]...[X][16][NL]I'm so sorry. I[X][16]...[X][16][A]
0x0A0D	[09][10][14][NL][09]Eirika![X][A][0D][10][18][NL][0D]Prince Ephraim, I hear sounds from the[NL]east corridor. Sounds like fighting.[A][0B][10][16][NL][0B]Do you think it could be General[NL]Seth and Princess Eirika?[X][A][09]We have two goals here, men: save[X][NL]Eirika and vanquish the enemy.[A][NL]Kyle. Forde. Are you ready?[X][A][0D]Yes, Your Highness.[X][A][0B]As always.[A][0D]Lord Ephraim, we should join forces[X][NL]with Princess Eirika first.[X][A][NL]We should be able to reach them[X][NL]by way of the eastern corridor.[X][A][0B]Come now, Kyle.[X][A][NL]That seems like a lot of trouble when[X][NL]we could just crush Grado between us.[X][A][0D][93]A lot of trouble[94]? Forde, you're as[NL]insolent as you are careless![X][A][NL]If anything were to happen to Princess[NL]Eirika, we Knights of Renais would[16]...[X][16][A][0B]Fine, fine. I see where you stand.[NL]Calm down, before you boil over.[A][NL]Prince Ephraim will decide. How[X][NL]shall we proceed, Your Highness?[A][0D]We await your command, Prince Ephraim.[A][09]Both of you, follow me![X][A]
0x0A0F	[09][10]8[NL][09]Me? Me!?[NL]I cannot lose...[A][NL]I mustn't...[NL]Blast...[A]
0x0A10	[0A][10][14][NL][0E][10]&[NL][0D][10][02][NL][0B][10][04][NL][1C][0D]Brother[X][16]...[X][16][A][0A]I worried you, didn't I, Eirika?[A][NL]And you as well, General?[X][A][0B]Not at all. We're happy you're safe.[A][NL]But tell me, Prince, do you know of Orson's[X][NL]treachery against you and all of Renais?[A][0A]Yes, though I learned of it all too late,[X][NL]after we'd been trapped at Renvall.[X][A][NL]I still find it difficult to believe that[X][NL]after all his years of service to Renais[16]...[X][16][A][NL]I am morally responsible for his plight.[A][0D]Ephraim[X][16]...[X][16][A][0E][800A][08][16]...[X][16]Ephraim.[A][0A]What is it, Myrrh?[A][08]Something's coming[16]...[X][16] It's drawing near.[X][A][NL]Dark[16]...[X][16]big[X][16]...[X][16]and great in number.[A][0A]I understand. It looks like[X][NL]we should get out of here.[A][0D]Um, Brother?[NL]This girl[X][16]...[X][16][A][NL]Her hair is indigo[16]...[X][16][NL]Where did[X][16]...[X][16][A][0A]Ah, that's a long story.[NL]For now, we must move.[A][NL]Suffice to say Emperor Vigarde has[NL]enlisted some[X][16]...[X][16]otherworldly powers.[A][02][NL]We must warn everyone of the danger.[A]
0x0A13	[09][10][04][NL][0C][10][18][NL][0C]General Seth![X][A][09]Well met, Kyle.[X][A][NL]I never thought for a moment that[X][NL]you could be bested easily.[X][A][0C]No, sir! And I never doubted[NL]that I would see you again.[X][A][09]Kyle.[X][NL]About Orson[X][16]...[X][16][A][0C]We heard it all.[A][NL]Unbelievable, isn't it?[X][NL]But facts are facts.[A][09]Yes. If Orson can turn his[NL]back on Renais[16]...[X][16][A][NL]We remaining knights will have to work[NL]all the harder to prove ourselves![A][NL]Let's go, Kyle.[X][A][0C]Yes, sir![X][A]
0x0A14	[17][09][10][16][NL][0C][10][06][NL][0C]Brother![A][09]Ha! Franz![NL]How've you been?[A][0C][17]I should ask you![X][A][NL]We'd heard you were captured[NL]by Grado's men. I was worried.[A][17][09]Worried? I ride with Prince Ephraim,[NL]little brother.[X][A][NL]Death will have a tough time catching[X][NL]anyone who rides with our prince![X][A][NL]But it's not like we've avoided[X][NL]trouble altogether, that's for sure.[A][NL]Hm? Say, have you grown taller on me?[X][A][0C]I have. I've also finished my training.[X][NL]I'm now a sworn Knight of Renais.[X][A][NL]You just watch[16]--[16]I'm going to be on par[NL]with General Seth one day![A][09]You want to be like the general, eh?[A][NL][16]...[X][16]What about me?[A][0C]Oh, I[X][16]...[X][16] I still want to be[X][NL]like you, too, Brother![X][A]
0x0A15	Units that have reached level 10 or[X][NL]higher can change classes with the[NL]aid of special items.[X][A][02][NL]The cavalier Kyle can use the[X][NL]Knight Crest he's carrying to become[NL]either a paladin or a great knight.[X][A][02][NL]To change classes, select the[X][NL]Knight Crest from the item menu[X][NL]and use it on a unit.[X][A]
0x0A16	[09][10]@[NL][09]Frelia's Sacred Stone has been destroyed.[X][A][NL]And yet you still cannot locate the[X][NL]Stone of Renais.[A][15][09]Glen.[X][NL]Valter.[X][A][NL]Find the children of Renais.[A][NL]Find them and take from them[NL]the bracelets that they wear.[X][A][NL]Glen, take Eirika. Valter, take[X][NL]Ephraim. Find them. Conquer them.[X][A][0C][10]K[NL][0C]Yes, Your Majesty[X][16]...[X][16][A][0C][11][0C][10]B[NL][0C]Ha ha[X][16]...[X][16][17] Eirika, eh?[A][NL]She's a ripe little peach.[A][NL]And her brother, Ephraim[16]...[X][16][NL]He's better prey than I'd imagined.[X][A][NL]I can feel my blood rushing at the[NL]thought. This might be fun after all.[X][A][17][0C][11]
0x0A17	[09][10]@[NL][09]Caellach.[X][NL]Riev.[X][A][NL]Shatter the remaining[X][NL]Sacred Stones.[A][NL]Caellach, take Jehanna.[X][NL]Riev, take Rausten.[X][A][NL]Go. Crush the Sacred Stones[X][NL]they house.[X][A][0C][10]H[NL][0C][17]Heh heh heh[X][17][16]... [16]As you will.[A][NL]I'll begin making arrangements for[NL]Rausten's downfall immediately[16]...[X][16][A][0C][11][0C][10]C[NL][0C]Bah! Why am I stuck with Jehanna?[X][NL]Accursed ill luck.[A][NL]I became a mercenary to escape that[X][NL]wretched place, and now I must go back?[X][A][0C][11]
0x0A18	[09][10]@[NL][0C][10]%[NL][09]Duessel.[A][NL]Go to Frelia.[X][A][NL]Take the Frelian army[X][NL]and punish Ephraim.[X][A][15][0C][11][0C][10]?[NL][09]Selena.[X][NL]Remain in the capital.[A][NL]Soon, I will have[X][NL]new orders for you.[X][A][0C]Yes, sire.[A]
0x0A19	[0E][10],[NL][0D][10][02][NL][0E]Eirika! Wait![X][A][15][0E][800B][0D][800E][0C]Tana?[X][NL]What are you doing?[X][A][NL]You were supposed to[NL]remain in the palace.[X][A][09]You left so abruptly, without[X][NL]any warning or farewell.[A][NL]You and Ephraim have only just arrived,[X][NL]and already you leave on another quest?[X][A][NL]Well, I'm your friend, Eirika, and I won't[NL]let you go into danger without me.[A][0C]Does King Hayden know of this?[A][09]No. He'd just say, [93]I forbid you to go[NL]on this foolish errand,[94] like always.[X][A][NL]But I'm so worried about you.[X][A][0C]Thank you, Tana.[A][NL]I appreciate your concern,[NL]but King Hayden would[X][16]--[16][A][09]You and Ephraim, my father and[NL]my brother[16]...[X][16][A][NL]You're all fighting together,[X][NL]fighting for a noble cause.[X][A][NL]I cannot be left out.[X][NL]I will not be left out.[X][A][NL]Please, Eirika.[X][A][0C][16]...[X][16]Oh[16]...[X][16][A][NL]All right.[NL]I never could refuse you anything.[A][NL]Come on. Let's go, Tana.[A][09]Thank you, Eirika![A]
0x0A1A	[09][10][02][NL][0C][10][04][NL][0C]Your Highness, we've reached Port Kiris.[A][NL]If we can find passage across the North[X][NL]Sea, we will reach Rausten in 10 days.[A][09]It smells of the tides[16]...[X][16][NL]This is a busy place, isn't it?[X][A][0C]It's a trade center. Peoples of all[X][NL]nations pass through here.[A][NL]Do not become so enthralled with the sights[X][NL]and sounds that you forget your mission.[A][09]I won't.[A][NL]I'm a mercenary by the name of Erina.[X][A][NL]I'm traveling to Rausten to[X][NL]receive a commission.[X][A][0C]Let us look for a ship then, Erina.[X][NL]The docks are this way.[X][A][09][800C][8004][0A]Hm?[X][A][0C]Is something amiss?[X][A][0A]Seth, that woman over there?[NL]Is that[X][16]...[X][16][A]
0x0A1B	[17][0B][10]"[NL][0D][10]#[NL][0B]Oh, these dainty sugar pastries![NL]They're delightfully scrumptious![X][A][NL]Flavorful without being overwhelming,[X][NL]refined without being banal[X][16]...[X][16][A][0D]Gwah ha ha![X][NL]Right you are, Lady L'Arachel![A][0E][10][02][NL][0E][800A][08]You look familiar[X][16]...[X][16][A][0B]Oh![X][NL]Aren't you[16]--[16][A][08]We've met before, haven't we?[X][A][NL]You arrived with your companions[NL]when we encountered those creatures[X][16]...[X][16][A][NL]Your name is L'Arachel, is it not?[A][0B]A wonder and pleasure that we should meet[X][NL]again so soon! It is providence![A][0D][11][0D][10]$[NL][0D]Bad luck is the only thing the[NL]divine has ever provided you![X][A][0B]Oh, and if you have not yet tried[X][NL]one, these pastries are also divine.[A][NL]Would you care for one?[X][A][17][08]Uh, thank you[X][16]...[X][16][A][NL]No, wait[16]... [16]That's not why[16]--[16][A][NL][8004]We're actually on our way to the[NL]Theocracy of Rausten.[X][A][NL]We're rather in a rush and need to[NL]find passage on a ship[16]...[X][16][A][0B]Oh, dear. I'm afraid you'll find none to[NL]assist you. No ships are leaving port.[A][08]Pardon?[X][A][0B]You see, I find myself heading home once[NL]more to my beloved Rausten as well![X][A][NL]And actually, I'm quite well known with[X][NL]the powers-that-be here in Port Kiris.[A][NL]So I ordered them to ready the finest[X][NL]passenger vessel for me.[A][02][NL]But both merchants and passenger ships[NL]alike are too frightened to set sail.[X][A][NL]It seems a giant ghost ship has been[NL]sinking every ship it finds[X][16]...[X][16][A][NL]Would that I could confront it, I could[X][NL]stop its foul villainy in a moment.[X][A][NL]Alas. It's such a shame.[A][08]Yes, yes[16]... [16]Uh[16]...[X][16][A][NL]That is troublesome. Still,[X][NL]I must get to Rausten somehow.[A][0B]You needn't worry too much.[X][A][NL]After all, if the sea is closed to[NL]you, simply follow the overland route![A][08]The overland route?[X][A][NL]I've heard that's a terribly[NL]roundabout path to travel.[A][17][0B]Oh, it is, but don't you see? The hardships[X][NL]of the road, they are truly blessings![A][NL]They will toughen you and strengthen your[X][NL]resolve when you need to face great evil.[X][A][NL]For example, I have been tasked with a[NL]great trial in order to better me.[A][NL]I understand my path, O unknowable[NL]forces of providence![X][A][NL]I, your faithful servant L'Arachel, shall[X][NL]overcome! With faith and divine strength![X][A][0D]Now, listen, L'Arachel! You might be[NL]thrilled about going the long way, but[16]--[16][A][0B]Come now, we're leaving.[NL]Dozla? Rennac?[A][NL]Don't fall behind![A][0B][11][0B][10]#[NL][0B]Gwah ha ha! Wait for us,[NL]Lady L'Arachel![X][A][NL]Come on, Rennac![NL]We run 'til we drop![A][NL]The first one to collapse from[NL]exhaustion is the winner![X][A][0B][11][17][0D]Help[16]...[X][16][NL]Why is this happening to me?[A][0D][11]
0x0A1C	[09][10][04][NL][0D][10][02][NL][0D][800E][0C][16]...[X][16]Uh, Seth?[X][A][NL]Isn't Rausten in the other direction?[X][NL]Aren't they heading toward Frelia?[A][09][16]...[X][16]It's nothing you need[X][NL]concern yourself with, milady.[A][15][09]Our only concern now is to decide[X][NL]our next course of action.[A][NL]An overland journey would be very long.[X][A][NL]However, it seems that may be our only[NL]choice at the moment[16]...[X][16][A][0C]I agree.[NL]Whatever shall we do[16]...[X][16][A]
0x0A1D	[0D][10][02][NL][0B][10][04][NL][09][10]9[NL][09][16]...[X][16]You're Eirika, the[NL]princess of Renais, ain't ya?[X][A][0D]What?[X][A][0B]Dastard! Away with you![X][A][09]No need to get personal![A][NL]You know, there's a pretty[NL]price on your pretty head.[A][NL]Sorry, but I need that gold.[A]
0x0A1E	[0C][10][19][NL][09][10]k[NL][09]Attention![A][NL]Carcino's mercenaries will arrest the[X][NL]princess of Renais shortly.[X][A][NL]Our duty here is nearly ended, and[NL]I expect no further hostilities.[A][NL]If you must fight, however, remember[NL]that the whole empire fights with you![A][0C]Um, Commander?[A][NL]What should I do?[X][A][09]Who are you?[A][0C]Sir! I'm Amelia of Silva, sir![A][NL]I'm new. I was only assigned to your command[NL]today. I wanted to fight for the empire![A][09]I don't need your life story, fool! Recruits[NL]are in front! Grab a lance and move![A][0C]Sir, yes sir![X][A][02][NL]This lance[16]... [16]Stab the enemy.[X][A][NL]I'm not afraid[16]...[X][16][A][NL]I'm a citizen of Grado.[X][NL]It's my duty to fight.[A][NL]And I'll fight my best![X][A]
0x0A1F	[0C][10][19][NL][09][10]k[NL][09]Hrm[X][16]... [16]This battle isn't going[X][NL]well at all.[A][NL]Stinking mercenaries! All a[X][NL]bunch of worthless slugs.[X][A][NL]I could smash the whole lot of[NL]'em if I had the time, but[16]...[X][16][A][NL]I've got to follow orders. That's[X][NL]the lot of a soldier, ain't it?[X][A][NL]Let's move out, troops! We're[X][NL]returning to the capital![X][A][09][11][0C]What?[X][A][NL]Are we really supposed to leave[X][NL]with the enemy right there?[X][A][NL]Well[16]...[X][16]at least that means[X][NL]the fighting is finally over.[X][A]
0x0A22	[09][10][04][NL][0C][10][02][NL][09]Your Highness, are you well?[A][0C]Yes, I believe so[X][16]...[X][16][A][15][0C]Who are these men?[A][NL]They don't appear to be[X][NL]Grado Imperial troops.[A][09]Judging by their crude swordplay,[X][NL]I'd say they're mercenaries.[A][NL]We can expect more of them[NL]in the area, too, I think.[A][NL]Wait here.[A]
0x0A23	[09][10][04][NL][0C][10]m[NL][0C]W-wait! I give up![A][NL]I don't want to fight anymore![NL]We were just doing a job.[X][A][09]Who hired you?[A][0C]I may be nothing but a hired blade, but[X][NL]I have my honor. I won't say a word.[A][09][800C][0A]I admire your professionalism.[NL]I guess we have no use for you.[X][A][0C][800F][0D]No, wait! I'll talk![NL]Carcino![A][NL]It was Pablo of the Carcino[X][NL]Council of Elders![A][0A]Councilman Pablo?[X][A][1C][08][10][02][NL][08]That doesn't make sense![A][NL]Carcino and Frelia are allies.[NL]Why would they target me?[X][A][0D]I don't know[16]...[X][16][A][NL]Could be they've decided Grado's going to[X][NL]win. They want to be on the winning side.[X][A][NL]Some of the others opposed Pablo, but[X][NL]I heard he had 'em all silenced but quick.[A][NL]That's all I know, I swear it.[A][0A]I believe you. Go.[A]
0x0A24	[09][10][02][NL][0C][10][04][NL][0C]We were careless. We should have seen[X][NL]this coming.[A][NL]Carcino's a young and ambitious nation[NL]ruled by power-hungry merchants.[A][NL]And Grado grows more powerful with[NL]every passing day.[A][NL]So it's no surprise Carcino's merchant[NL]lords would throw in with Grado now.[A][09]Wait![X][NL]Prince Innes[16]...[X][16][A][NL]Prince Innes was to pass through[NL]Carcino on his way to Jehanna[X][16]...[X][16][A][NL]If Carcino has betrayed us, then he[X][NL]ran headlong into enemy territory[X][16]...[X][16][A]
0x0A25	[0C][10][02][NL][0E][10]i[NL][0E][800B][09]Princess Eirika![A][NL]I bring dire tidings![X][A][0C]I know you[16]... [16]You were a messenger[NL]riding with Prince Innes.[X][A][09]Yes, and I have news of him.[NL]Prince Innes is in danger![A][NL]Carcino's merchant army struck and[NL]cut through half our men.[X][A][NL]The prince is trapped in a siege.[X][NL]He has no means of escape, and[16]--[16][A][0C]No more![A][NL]I understand. Return to Frelia[NL]and deliver your message![X][A][09]What of Prince Innes?[X][A][0C]Leave him to us. The prince's[X][NL]troubles should burden you no more.[X][A][NL]We will see him to safety.[A]
0x0A26	[0E][10]$[NL][0D][10][04][NL][0B][10][02][NL][0E][800A][08][16]...[X][16]Hey, you.[X][A][NL]Have Lady L'Arachel and her man,[NL]Sir Stubble-chin, gone yet?[X][A][0B]Aren't you[16]--[16][A][NL]Yes, they no longer appear[NL]to be in the city.[A][08]Whew[16]... [16]I'm finally free! No more getting[X][NL]bossed around by that witless ninny![A][NL]Thanks. I owe you one.[NL]Take this.[A][NL]Now that I'm free again. I think I'm[NL]just gonna wander about for a while.[A][08][11][0B][16]...[X][16]What a strange relationship they have.[A][0D]Lady Eirika, I think we[X][NL]ought to be leaving soon.[X][A][1C][0B]Yes. We must hurry[NL]to Prince Innes's side![X][A]
0x0A27	[09][10][06][NL][0C][10][19][NL][09]Oh, who are you?[A][0C]What? What?[X][A][09]Are you one of the locals? This is[NL]a dangerous spot. You should hide.[A][NL]Here, come with me.[X][A][0C]But[X][16]... [16]But I'm[X][16]...[X][16][A][09]I'm Franz, a Knight of Renais.[A][NL]What's your name?[X][NL]What are you doing here?[A][0C]I-I'm Amelia.[X][A][NL]I'm[X][16]... [16]Actually, I'm a Grado soldier.[NL]I'm supposed to be fighting you.[A][09]Really?[X][A][NL]So, uh, you're my enemy?[A][0C][16]...[X][16]I guess[X][16]...[X][16][A][NL]Are you[X][16]...[X][16][A][NL]Are you going to make[X][NL]me your prisoner?![A][09]No! No, I wouldn't do that.[X][A][NL]But[X][16]...[X][16]this is a problem.[A][0C]What should we do?[A][09]First of all, you must listen to[NL]me and do as I say.[X][A][NL]We'll talk to Princess Eirika later.[A][0C]What? NO![X][A][NL]My commander told me Eirika's a[X][NL]cruel and merciless fiend who[X][16]--[16][A][09]Oh, that's utter nonsense.[A][NL]I've never heard the princess[X][NL]utter an unkind word to anyone.[X][A][NL]I understand why you're frightened.[X][NL]You think we're the enemy.[A][NL]But if you'd only trust me[16]...[X][16][NL]Will you come with me?[A][17][0C]Mm[16]...[X][16][A][NL]Well, all right.[NL]I'll trust you, Franz.[A]
0x0A29	[09][10]$[NL][0C][10][FF][FF][09]My, oh, my[16]... [16]It's about time they left.[A][NL]I'm finally done getting ordered about[NL]without getting paid.[X][A][NL]Huh? Oh, don't mind me. Just talking[NL]to myself.[A][NL]Here, I want you to hold on to this[X][NL]for me. Don't tell anyone.[A][NL]Oh, and don't say a word about seeing me[NL]to Lady L'Arachel, all right? Deal?[X][A]
0x0A2A	[09][10]\[NL][0C][10][FF][FF][09]Wh-what do you want?[NL]Gimme a break[X][16]...[X][16][A][NL]Leave us out of this stupid war of yours![X][NL]We don't want anything to do with it![X][A][02][NL]Or[16]...[X][16]are you just another victim, like[X][NL]the rest of us here?[A][NL]Well, regardless[16]... [16]Here.[X][A][NL]Take this, and go do something about[NL]all this fighting, will you?[A]
0x0A2B	[09][10]@[NL][0C][10]K[NL][09]General Glen of the Grado Imperial Army,[NL]also known as the Sunstone[16]...[X][16][A][0C]Yes[X][16]...[X][16][A][09]Your orders.[A][NL]Capture the leader of the rebel[X][NL]army in Carcino. Capture Eirika.[A][0C]Eirika[16]...[X][16][A][NL]Do you mean the princess of Renais?[X][A][09]Eirika invaded Carcino.[X][A][NL]She massacred the citizens[NL]of Port Kiris.[A][NL]Then, she fled south.[X][A][NL]Glen. Go. Crush the rebels[NL]who brought ruin to Carcino.[A][0C][16]...[X][16]Understood, sire.[X][A]
0x0A2C	[09][10]K[NL][0C][10][13][NL][09][16]......[16][A][0C]What did the emperor say, Brother?[A][09]I've been ordered to kill the[X][NL]princess of Renais.[X][A][NL]Cormag, I want you to remain here[X][NL]in the capital. I'll go alone.[A][0C]If that's what you want, Brother, so[NL]be it. But you seem troubled[16]...[X][16][A][NL]Don't tell me you're concerned about[NL]fighting the princess of a ruined land![X][A][09][16]...[X][16]Hm[16]... [16]I never was able to slip[NL]anything past you, little brother.[A][NL]You're right. This duty falls heavily[X][NL]on my shoulders, more than any other.[X][A][0C]Tell me, Brother, do you know[X][NL]this princess?[A][09]Yes. When Renais and Grado were[X][NL]still close[X][16]...[X][16][A][NL]I met the girl[16]--[16][NL]I met Eirika only once.[X][A][NL]We spoke briefly, but I felt she[NL]was a woman of great kindness.[A][NL]I cannot bring myself to believe[NL]Princess Eirika is evil. I cannot.[A][0C][16]...[X][16]Glen.[X][A][NL]The emperor has ordered[X][16]--[16][A][09]There's the rub, Cormag.[NL]That's it exactly.[A][NL]His Majesty has never spoken a falsehood[NL]in all the time I've served him.[A][NL]And as a servant of the empire, I am[NL]duty bound to obey his orders.[A][NL]But I can see no reason to think Princess[X][NL]Eirika's heart is any less gentle now.[A]
0x0A2D	[0A][10]K[NL][08][10][13][NL][0C][10]B[NL][1C][0C]What are these cowardly mutterings?[X][A][NL]It is because you three generals are[NL]weak that we others must work so hard.[A][NL]And yet you get the honor of killing the[NL]girl. How I long to do your duty for you![X][A][0A]Rrrr![X][A][NL]Valter, you treacherous swine[X][16]...[X][16][A][0C]What's this? Is this how you speak[NL]toward your peer knights of the realm?[A][NL]Lest you've forgotten, I, too, am a[X][NL]general[X][16]--[16]the same rank as you.[X][A][0A]You wretch. You were cast out from the[NL]army for mistreating civilians.[X][A][NL]What lies have you told to receive pardon[X][NL]and reinstatement at the same time?[X][A][0C]Our beloved emperor felt my skills[NL]were needed, and his word is law.[X][A][NL]His Majesty has earned my sincerest[X][NL]and most undying gratitude.[X][A][NL]And then we have you three.[X][NL]Duessel, Selena, and you[16]...[X][16][A][NL]The three of you have proven to be[NL]unreliable time and time again.[X][A][NL]We were brought in to plug the holes,[X][NL]don't you see?[A][NL]You ought to thank me, Glen![A][08]Valter! If you dare insult[NL]my brother further[16]...[X][16][A][0C]Come now, Cormag. And what would[NL]you do to me if I did?[A][NL]Would you fight me? Here? Would you[X][NL]show such disloyalty to the emperor?[A][08][16]...[X][16][A][0A]Peace, Cormag.[A][NL]We are His Majesty's men.[X][NL]We will honor his commands.[X][A][NL]Mark my words, Valter: your crimes[NL]are neither forgotten nor forgiven.[X][A][0C]Hmph[16]...[X][16][A]
0x0A2E	[09][10][0F][NL][0B][10][1B][NL][0D][10][1C][NL][1C][0B]Prince Innes. What do you[X][NL]say? Can you continue?[A][09]Yes, of course. Do you believe this[X][NL]is enough to make me give up?[X][A][NL]I am surprised you mercenaries[NL]haven't turned and fled, though.[A][0B]Naw. You see, Gerik's Mercenaries takes its[X][NL]name from me, Gerik. I'm the chief here.[A][NL]If I quit while our employer still fought[X][NL]on, they'd want a new name, you follow me?[A][NL]So[16]...[X][16][NL]What's the plan?[A][09]Same as before. We remain surrounded.[X][A][NL]They're not going to allow us simply[NL]to walk out of here[X][16]...[X][16][A][02][NL]I sent a messenger off with news of[X][NL]our plight.[X][A][NL]However, even on the wings of a pegasus[X][NL]knight, Frelia is days away.[A][NL]We can expect no help from them.[A][0B]So we tighten our belts and survive,[NL]is that it?[X][A][NL]Or would you rather quit this place[X][NL]and rest in comfort?[A][09]Surrender?[A][NL]I'm the prince of Frelia. I don't know the[NL]meaning of the word.[A][NL]The fate of the world rides on my shoulders,[NL]and I'll make it to Jehanna.[A][NL]Even if I have to crawl there to do it.[X][A][0B][17]Now, that makes me feel better.[X][A][NL]If you're so determined, we may all[X][NL]live a little while longer[16]...[X][16][A][17][0D]Hey, Chief, Prince.[X][A][0B]What is it, Tethys?[X][A][0D]I've got bad news[X][16]...[X][16]and[X][NL]then I've got worse news.[X][A][0B]What's the bad news?[A][0D]We've no more weapons in reserve. What[NL]you're holding is what we've got.[X][A][NL]Once those are gone, there won't be[X][NL]much fight left in us.[A][0B]That is bad news[16]...[X][16][NL]Well? What's the worse news?[A][0D]They've begun to move.[NL]They're going to attack again.[A][NL]Looks like they're sending up[X][NL]the whole lot of 'em this time.[X][A][09][16]......[16][A][NL]Right. You two, you're done here.[X][NL]Discharged. Fired. Whatever.[A][NL]You can surrender or flee.[NL]The choice is yours.[A][0B]What?[X][A][09]I'm the one they're after.[A][NL]Throw down your weapons, and[NL]you'll walk away alive.[X][A][NL]I don't need you here. You'll[X][NL]only be in my way.[A][NL]Who knows? You filthy sellswords'll[X][NL]probably sell me out anyway.[A][0D]Hold on there! That's not[X][NL]true, and you know it![A][0B]Peace, Tethys.[A][NL]Hey, Prince. What[X][NL]are you going to do?[A][09]I'm going to get out of here[NL]on my own.[A][NL]I'll break to the south and[X][NL]escape into the mountains.[A][0B]That ain't gonna be easy.[X][NL]How you plan on doing that?[X][A][09]I'm not telling you. I've no idea[X][NL]when you'll decide to betray me.[A][NL]Go on. Get out of here.[X][NL]I'd rather do this alone.[X][A][0B]Sounds like you're trying to make[X][NL]sure you're the only one who dies.[A][09][16]......[16][A][NL]Fool. I've no intention of dying.[X][A][NL]But there can be no false hope of[X][NL]reinforcements riding in to save the day.[X][A][NL]You and I are not the same. You're a[NL]commoner, and I'm Frelia's heir.[A][NL]We of noble birth do not shirk the[NL]duties to which we are born.[A][0B][16]......[16][A][09]What are you waiting for? You may go.[X][A][0B]Well played, milord.[A][NL]I've always loved the[X][NL]melodrama of martyrdom[16]...[X][16][A][NL]There's no way I can abandon you[NL]after that fine performance.[A][02][NL]I'm staying with you.[X][NL]To the end.[X][A][09]To the[16]--[16][NL]What are you saying?[A][NL]You dare ignore the orders of the[X][NL]one who's paying your wages?![X][A][0B]Tethys, I want you to[X][NL]go and surrender.[X][A][NL]Give my regards to Ewan[X][NL]and Marisa.[X][A][0D]Don't be ridiculous.[NL]I'm not going anywhere.[X][A][NL]Now would the two of you kindly[X][NL]stop acting like such[X][16]...[X][16]men?[A][NL]And you! You've already fired us.[X][NL]You can't order us to leave now.[A][09]Unbelievable[16]...[X][16][A][NL]And you people call[X][NL]yourselves mercenaries?[X][A][NL]I thought you fought for[NL]money, not for duty.[A][0B]Yeah, that's one of the rules.[NL]Guess we're lousy mercenaries, eh?[A][NL]Now let's get thinking. We still need[X][NL]a plan to get us all out of here alive.[X][A][NL]You're supposed to be a good tactician,[X][NL]so I figure I won't die easily.[X][A][NL]Tell us what to do, Prince.[X][NL]We'll follow your orders.[X][A][09][16]......[16][NL]Hm. Very well.[A][NL]I'll see what I can do to avoid[X][NL]getting us filled with arrows.[A][0D]Ah[16]...[X][16][NL]Say, Prince.[A][NL]If, by some miracle, aid were to come,[NL]from what direction would it arrive?[A][09][16]...[X][16]From the north. But there's[X][NL]little or no hope of that.[A][NL]Even if Frelia were to send us aid,[X][NL]they would not arrive until[X][16]...[X][16][A][0D]This may be good news[X][16]...[X][16][NL]Then again, it may be more bad news.[A][02][NL]There. On that northern mountain path[X][16]...[X][16][A][NL]Someone's coming.[X][A]
0x0A2F	[09][10][02][NL][0C][10][04][NL][09]Prince Innes![X][A][0C]Princess Eirika, the prince is surrounded[X][NL]by the mercenary armies of Carcino.[X][A][NL]He looks vastly outnumbered. I doubt[NL]he can hold out much longer.[A][09]I can see that. Let's hurry![A]
0x0A30	[09][10]:[NL][09][17]Heh heh[X][16]...[X][16][A][NL][17]My plan to get rid of Klimt has[X][NL]yielded some unexpected fruit.[A][NL]The head of Frelia's Prince Innes[X][NL]will make a fine gift to Grado.[X][A][0C][10]k[NL][0C]Lord Pablo, Prince Innes and his men have[X][NL]taken refuge in a mountain stronghold.[A][NL]Do we have your permission to finish[NL]them off?[X][A][09]Yes. Flush the prince out[X][NL]and cut him down.[X][A][NL]We'll find Klimt later and roast[NL]his old bones as well.[A][NL][17]Heh heh heh[X][16]...[X][16][A][17]
0x0A31	[09][10]T[NL][0C][10]\[NL][0C]Lord Klimt, Pablo's troops are moving[X][NL]toward the stronghold.[A][NL]It looks like they're planning on chasing[X][NL]down Prince Innes and his men.[A][09]Pablo, you mad, reckless imbecile[X][16]...[X][16][A][02][NL]If Prince Innes dies here, the bond between[X][NL]Carcino and Frelia is sundered forever.[X][A][NL]Carcino will be nothing more than a[X][NL]vassal paying tribute to Grado[16]...[X][16][A][NL]We must find some way to aid Prince[X][NL]Innes.[A][0C]Wait, my lord Klimt![A][NL]Pablo is after you as well.[X][NL]If you reveal yourself here[X][16]...[X][16][A][09]Ahh[X][16]...[X][16][A][NL]May fortune keep you safe,[NL]Prince Innes[16]...[X][16][A]
0x0A32	[09][10][1E][NL][0C][10]k[NL][0C]Hey! You're up![X][A][NL]You're getting paid a lot more[NL]than us common soldiers.[A][NL]Time you earned your gold![A][09]I hear you.[X][A][NL]Where do I start killing?[X][A][0C]Th-that way! The Frelian troops![A][NL]Don't point that blade in our direction![A][09]I'll do what I can. No promises.[A][NL]Good day.[X][A][09][11][0C]Whew[16]... [16]So that's Marisa, the Crimson[X][NL]Flash of Gerik's Mercenaries[16]...[X][16][A][NL]She's a beauty, but I'll keep my[NL]distance[16]...[X][16]and keep my head.[X][A]
0x0A33	[09][10]:[NL][09]Yahh[16]...!?[X][16][A][NL]You! You're[X][16]...[X][16][NL]Prince Innes![X][A][09][11][0C][10][0F][NL][0C][16]...[X][16]You're one of Carcino's[X][NL]councilmen.[X][A][NL]Trying to trap me is a mistake.[X][NL]Failing, an expensive one.[A][NL]I think it's time for you to[NL]learn how expensive.[A][0C][11]
0x0A35	[09][10]:[NL][09]Damn... They got me.[A][09][11]
0x0A36	[0A][10]B[NL][0E][10]k[NL][0A][16]...[X][16]I've found you, Eirika.[X][A][NL]Seems you're as skilled as reports say.[X][NL]This is going to be fun.[A][NL]Yes, yes, yes.[NL]I do so love strong women.[A][0E][800A][1C][08]Shall we attack, General Valter?[A][0A]No, we'll pass on dessert for now.[A][NL]Allow them to escape.[X][NL]We're leaving.[A]
0x0A37	[0C][10][02][NL][09][10][0F][NL][0C]Prince Innes, are you well?[X][A][09]Eirika[16]...[X][16]I'm sorry[X][NL]for troubling you.[A][0C]No, it was no trouble.[A][0F][10]T[NL][0F]Oh, Prince Innes! Thank[X][NL]goodness, you're unharmed![A][0C][11][09][800C][08][10][02][NL][0F][800F][08]Who are you?[A][0D]Oh, where are my manners?[X][A][NL]I am a member of Carcino's Council[NL]of Elders. My name is Klimt.[A][08]A council member?[X][A][0A]So you're one of the traitors[X][NL]who ordered[X][16]--[16][A][0D][800F][0D]P-peace, please![A][NL]I have no intention of opposing[X][NL]you or quarreling with you.[X][A][NL]I, too, have been marked for[NL]death by Pablo[16]...[X][16][A][08]What is this all about?[X][A][1C][0D][800E][0C]It's a shameful tale[16]...[X][16][NL]Carcino is a nation divided.[A][NL]As you know, Carcino has no king but is[X][NL]ruled by a council.[X][A][NL]But now the council has broken apart[NL]into factions mired in discord[16]...[X][16][A][08]Factions[16]...[X][16][A][NL]You're saying that the whole of[X][NL]Carcino has not betrayed Frelia?[A][0C]Correct. The moderate factions prefer to[NL]preserve our alliance with Frelia.[A][NL]Pablo's faction wishes to endear us to[NL]Grado, to surrender us to their armies.[X][A][02][NL]Once Pablo realized he couldn't ply us with[X][NL]bribes, he began to have us assassinated.[X][A][NL]Those of us who remain have taken refuge[NL]underground. We oppose him where we can.[A][NL]If you hadn't shown up, I'm not certain[X][NL]I would still be breathing[16]...[X][16][A][0A]I do recall enemy troops combing this area[NL]when I arrived[16]...[X][16][A][NL]They were searching for you, is that it?[A][0C]Pablo has usurped rule of the council.[NL]We had no choice but to hide.[X][A][NL]Not all of Carcino's council has gone[X][NL]over to Grado's side, though[16]...[X][16][A][NL]You must believe me[X][16]--[16]the whole of[NL]Carcino does not believe as Pablo does.[X][A][0A][16]...[X][16]I see.[A][08]Lord Klimt[16]... [16]I understand the[NL]hardships you've endured.[X][A][NL]I am pleased to hear all of[X][NL]Carcino is not our foe.[X][A][0C]I will depart at once for Frelia to[X][NL]explain our circumstance to the king.[X][A][NL]I think it is best if you return to[X][NL]Frelia as well.[X][A][NL]Pablo has considerable wealth, and he[X][NL]commands a vast mercenary force.[A][NL]I'm sure he'll send more of them this[X][NL]way as soon as he is able.[A]
0x0A38	[0B][10][0F][NL][0D][10][02][NL][08][10][1C][NL][0A][10][1B][NL][1C][0A]Prince Innes.[X][A][NL]Tethys and I are staying with[X][NL]you. Is that gonna work?[A][0B]Yes, I would appreciate the help.[X][A][NL]Starting now, you've got a new contract,[NL]though[16]--[16]the pay's double.[X][A][NL]If the two of you hadn't stayed with me[X][NL]back there, I would not have survived.[A][NL]Gerik, Tethys[X][16]... [16]Thank you.[NL]You have my gratitude.[A][08]Tell me something, Prince.[A][NL]Did you get[X][16]...[X][16]er[16]...[X][16]hit on the head[X][NL]during that last skirmish?[A][0B][16]...[X][16]That's unkind. My neck is not so[NL]stiff that I cannot show gratitude.[X][A][NL]I would ask for your continued support[NL]in the days ahead.[A][0D]We both ask for your help.[A][0A][17]We've got a deal. Let's[X][NL]keep each other alive.[A][17]
0x0A39	[09][10]![NL][0C][10][1C][NL][09]Ah! There you are, Sister.[A][0C]Ewan![X][A][NL]How is it[X][16]...[X][16][NL]What are you doing here?[A][NL]I told you to wait in the inn[X][NL]and behave yourself, didn't I?[A][09]Yeah, but you always run off[NL]and disappear.[A][NL]It's not fair. I want to have[X][NL]adventures, too.[A][0C]You are such an imp[X][16]...[X][16][A][NL]I am not out here running about[X][NL]having fun, you know?[X][A][09]I know.[X][A][NL]That's why I came to see you.[X][A][02][NL]I can help.[X][A][NL]My teacher finally got around[X][NL]to teaching me some magic.[A][NL]Check this out.[X][A][0C]H-hey! Knock it off.[A][NL]You shouldn't be using[NL]magic here![X][A][09]Well, I just thought maybe[NL]I could help you work is all.[X][A][NL]I can protect you now, Sis.[X][A][NL]Come on, take me with you. I don't[NL]wanna stay in that inn anymore.[X][A][17][0C]Oh[16]...[X][16]all right.[A][NL]I'll go and speak to the Chief[NL]and Princess Eirika.[A][NL]Don't wander off while I'm gone.[A][09]Yahoo![A]
0x0A3A	[0A][10][02][NL][08][10][0F][NL][0C][10][04][NL][1C][0C]Princess Eirika, Prince Innes.[A][NL]I think we should follow the advice[X][NL]we've been given and return to Frelia.[A][NL]Continuing on through Carcino like this[X][NL]is too great a risk to your safety.[X][A][08]The peril is self-evident.[A][NL]However, I have to reach Jehanna, and[X][NL]the only way is through Carcino.[A][NL]If I don't hurry, nations will fall, one[NL]after another, to Grado's hunger.[X][A][0A]Innes is right.[X][A][NL]And the road to Rausten leads me[NL]through both Carcino and Jehanna.[X][A][NL]However, pressing on will only[NL]invite more mercenary attacks.[A][0C][11][0B][10]![NL][0B]Hey, I've got an answer.[A][NL]I know a way that leads over the[NL]mountains straight to Jehanna![A][NL]Want me to guide you?[X][A][0A][16]...[X][16]And who might you be?[X][A][0D][10][1C][NL][0D]Ewan! Shush![A][NL]You know better than to interrupt[X][NL]people when they're talking.[A][NL]I'm so sorry. Please let me take[NL]my brother out of the way.[A][NL]Come on, Ewan. Let's go.[A][0A]No, no[16]--[16]wait, please.[X][A][NL]Do you really know a route[NL]through the mountains?[A][0B]That's what I said.[X][A][NL]At the top of that mountain, there's[NL]a village named Caer Pelyn.[X][A][NL]That's where my teacher lives.[A][NL]I'm sure he'll lead you through[X][NL]if you ask him nicely.[A][08]What is your teacher's name?[A][0B]My teacher?[X][NL]His name is Saleh.[A][08]Saleh[X][16]...[X][16][A][NL]I've heard that name on the lips of[X][NL]Frelia's spy network lately.[A][NL]He's a powerful wielder of magic who has[NL]been fighting bandits and monsters.[X][A][NL]The spies mentioned something about[X][NL]a Caer Pelyn, if I remember.[A][0A]What do you think?[A][08]Hm. If my spies are accurate, this[NL]Saleh is someone we can trust.[A][0A]Very well, Ewan. Will you take us[X][NL]to meet your teacher?[X][A][0D]Are you sure you can do this, Ewan?[X][A][0B][800D][0B][17]Not a problem![A][NL]All right, everyone. See[NL]if you can keep up![X][A][17]
0x0A3B	[0A][10][02][NL][08][10][0F][NL][0C][10][04][NL][1C][0C]Princess Eirika, Prince Innes.[A][NL]I think we should follow the advice[X][NL]we've been given and return to Frelia.[A][NL]Continuing on through Carcino like this[X][NL]is too great a risk to your safety.[X][A][08]The peril is self-evident.[A][NL]However, I have to reach Jehanna, and[X][NL]the only way is through Carcino.[A][NL]If I don't hurry, nations will fall, one[NL]after another, to Grado's hunger.[X][A][0A]Innes is right.[X][A][NL]And the road to Rausten leads me[NL]through both Carcino and Jehanna.[X][A][NL]However, pressing on will only[NL]invite more mercenary attacks.[A][0C][11][0B][10]![NL][0B]Hey, I've got an answer.[A][NL]I know a way that leads over the[NL]mountains straight to Jehanna![A][NL]Want me to guide you?[X][A][0A][16]...[X][16]And who might you be?[X][A][0B]I'm Ewan.[X][A][NL]And you're adventurers, right?[A][NL]Tell you what[X][16]--[16]take me with you,[X][NL]and I'll help out. I'm a mage![A][08][16]...[X][16]A mage? You're a child.[X][NL]And a beggar, more like than not.[X][A][NL]Off with you. You're[NL]wasting our time.[X][A][0B][800D][0B]A child? Good luck then.[A][0A]No, wait. Hold on a moment. Do you[NL]really know of a mountain path?[X][A][0B]That's what I said.[X][A][NL]At the top of that mountain, there's[NL]a village named Caer Pelyn.[X][A][NL]That's where my teacher lives.[A][NL]I'm sure he'll lead you through[X][NL]if you ask him nicely.[A][08]What is your teacher's name.[A][0B]My teacher?[X][NL]His name is Saleh.[A][08]Saleh[X][16]...[X][16][A][NL]I've heard that name on the lips of[X][NL]Frelia's spy network lately.[A][NL]He's a powerful wielder of magic who has[NL]been fighting bandits and monsters.[X][A][NL]The spies mentioned something about[X][NL]a Caer Pelyn, if I remember.[A][0A]What do you think?[A][08]Hm. If my spies are accurate, this[NL]Saleh is someone we can trust.[A][17][0A]Very well, Ewan. Will you take us[X][NL]to meet your teacher?[X][A][0B][800D][0B][17]Not a problem![A][NL]All right, everyone. See if[X][NL]you can keep up![A][17]
0x0A3C	[09][10][02][NL][0C][10][0F][NL][09]Prince Innes![X][NL]Are you well?[X][A][0C]Eirika[16]... [16]Is that you?[A][09]We've come to aid you.[A][NL]You must be exhausted. Please[X][NL]fall back and rest.[X][A][NL]We'll take care of these dogs.[A][0C]I cannot allow that.[A][NL]I will not run and hide while[X][NL]a woman protects me[X][16]...[X][16][A][NL]We will continue to fight.[NL]You can join us.[A][09]If that's how you want it.[NL]Let's go then.[A][0C][16]...[X][16]Eirika, a moment.[X][A][09]Prince?[X][A][0C]I would give you my thanks.[X][A][NL]You, the princess of Renais,[NL]came to my aid[16]...[X][16][A][NL][16]...[X][16]I am in your debt.[A]
0x0A3D	[09][10],[NL][0C][10][0F][NL][09][800B][09]Brother![A][0C]Tana?!?[X][A][NL]What? How did[X][16]...[X][16][NL]What are you doing here?[A][09]I came with Eirika.[X][A][NL]Wait here, Brother. It's[NL]my turn to protect you.[X][A][0C]Stop playing the soldier, Tana. You[X][NL]will return to the palace at once.[A][09][800A][08]I will not![X][A][NL]Eirika, Ephraim, and you are[NL]all risking so much[X][16]...[X][16][A][NL]I can't sit at home and watch![NL]I have to do something to help.[X][A][0C]Tana[16]...[X][16][A][NL][16]...[X][16]We'll talk about this later.[NL]For now, we join forces with Eirika.[A][08][800B][09]Thank you, Brother.[X][A]
0x0A3E	[09][10][0F][NL][0C][10][1B][NL][09]Reinforcements have arrived, Gerik.[X][A][0C]Lucky us, eh? Good thing we held[NL]out as long as we did.[A][09]That was your doing. Thank you.[X][A][0C]Don't let your guard down[X][NL]now, Prince.[A][NL]There are still enemies to fight, and[X][NL]it'd be such a shame to die now.[A][09]I agree completely.[X][NL]Let's go.[X][A]
0x0A3F	[09][10][0F][NL][0C][10][1C][NL][09]Reinforcements have arrived, Tethys.[A][0C]Really? Perhaps faith is a good thing.[A][NL]I've never had much before, but perhaps[X][NL]good things do happen to good people.[X][A][09]Faith had nothing to do with this.[A][NL]Let's go. We must join them.[A][09][11][0C]What a strange nobleman.[A]
0x0A40	[09][10][1B][NL][0C][10][1C][NL][09]Hey, Tethys. Looks like[X][NL]help is on the way.[X][A][0C]Really? Perhaps faith is a good thing.[A][NL]I've never had much before, but perhaps[X][NL]good things do happen to good people.[X][A][09]Good things? I like the sound of that.[NL]What do you suppose might come my way?[A][0C][17]Ha ha[X][16]... [16]I wonder[16]...[X][16][A][17][0C][801F][05]
0x0A41	[09][10][1C][NL][0C][10][1B][NL][09]Say, Chief.[X][A][NL]I've got good news, and[X][NL]I've got better news.[X][A][0C]Eh?[X][NL]What's the good news?[X][A][09]Within our band of mercenaries[16]...[X][16][A][NL]There are two women enamored of you.[A][0C]Huh? What're you talking about?[X][NL]You a fortune-teller now?[X][A][NL]And what's the better news?[X][A][09]Help has arrived. Looks like[NL]we may survive after all.[X][A]
0x0A42	[09][10][1B][NL][0C][10][1E][NL][09]Is that you, Marisa?[A][0C]Chief.[A][09]What a mess[X][16]...[X][16][NL]Looks like the guild bungled.[X][A][02][NL]They're usually diligent about making sure[NL]this sort of thing doesn't happen.[A][NL]But here we are, two people of the same[X][NL]troop, working for opposite sides.[A][0C]What should we do?[A][09]Aye, well, that's a good question[X][16]...[X][16][A][NL]As a mercenary, your loyalty should always[NL]lie with the person paying your wages.[A][NL]You decide. We can cross blades if you[NL]want, but I'd rather you retreat.[X][A][NL]'Course, if you betray your employer,[X][NL]you'll soil your sterling name.[X][A][0C]C'mon, Chief.[X][A][NL]What would YOU like me to do?[X][A][09]Well, that's easy. I'd like you[X][NL]to come over and join my side.[A][0C]Right. Done.[A][09]Ho-hold on[16]...[X][16][NL]Is that it? Just like that?[X][A][NL]You know what this will do to[X][NL]your reputation, right?[X][A][0C]Uh-huh.[X][A]
0x0A43	[09][10]a[NL][0C][10][FF][FF][09]Elder Pablo used his fortune to build[X][NL]his own private army.[X][A][NL]Now he's using it to wrest control of[X][NL]Carcino from the council's hands[16]...[X][16][A][NL]Please[16]...[X][16]help Lord Klimt, so that he[X][NL]can help us.[A]
0x0A44	[09][10]Z[NL][0C][10][FF][FF][09]You know we have no king in[X][NL]the Republic of Carcino.[A][NL]We're governed instead by a council[X][NL]of elders.[A][NL]It's a lot better than any stuffy,[NL]old monarchy, I can tell you that.[A][NL]You see, anyone can be a leader in[NL]Carcino if he's old enough.[X][A][NL]Of course, maybe that's why the[X][NL]country's in such a mess right now.[X][A]
0x0A45	[09][10]][NL][0C][10][FF][FF][09]I've heard that Prince Innes of Frelia[NL]is a fantastic tactician.[X][A][NL]Grado took Renais with no trouble, but[NL]Frelia still has yet to fall.[X][A][NL]They say it's because Prince Innes has spies[NL]reporting every move the empire makes.[A][NL]At the same time, all enemy spies in Frelia[X][NL]are exposed and executed swiftly.[X][A][NL]That means that none of Frelia's secrets[NL]are ever reported back to the empire.[X][A][NL]I've never met Prince Innes, but he doesn't[X][NL]sound like a man you'd want as an enemy.[A]
0x0A46	[0D][10]![NL][0D][17]We're almost there![X][NL]Come on![A][NL]My teacher lives just[X][NL]up ahead.[X][A][17][0E][10][02][NL][0E][800C][0A]Slow down, Ewan.[NL]Let's stick together.[X][A][08][10][0F][NL][1C][08][16]...[X][16]This fog's getting thick.[X][A][NL]I don't expect any more surprise[NL]attacks, but that doesn't mean we[X][16]--[16][A][0D][17]Quit worrying, mister![A][NL]You're gonna get left behind.[X][A][17][08][16]...[X][16]Don't speak to me, boy.[X][NL]I don't tolerate insolence.[X][A][0A]Innes, he's only a child. There's[X][NL]no reason to be so rude.[A][NL]He is helping us after all.[X][A][0D][800F][0D][17]That's right. Without me, you'd[X][NL]never get where you're going.[X][A][NL]So come on already![X][A][17][0D][11][08]Stop.[X][A][NL]Don't take another step.[A][0D][10]![NL][0D]Huh?[A][NL]That's gonna make it awfully[NL]hard to get where we need to go.[A][08][16]...[X][16]What do you know about that fort?[X][A][NL]It looks like it's been abandoned[X][NL]for some time. Is anyone using it?[A][0D]Nope. It's really run-down.[X][NL]Nobody ever goes there.[X][A][NL]It's been empty for ages. I've[NL]been inside, so I know.[X][A][08]Is that right? Then what's that sound,[NL]and where is it coming from?[A][8004][0D]Huh? What sound?[A][NL]Hey, you're right[X][16]... [16]I do[NL]hear a weird noise.[X][A][NL]You could hear that? Neat![NL]You've got really good hearing.[X][A][NL]I wonder what it is[X][16]...[X][16][A][8004][0A]There it is again.[NL]Prince, is this[X][16]...[X][16][A][08]Eirika.[X][A][0A]Yes?[A][08]Get your troops ready. Tell them[NL]to prepare for battle[X][16]...[X][16][A][NL]We've been spotted.[X][NL]Monsters are coming.[A]
0x0A47	[0C][10]![NL][09][10][1C][NL][09]Ewan, it's dangerous here.[NL]Get behind me.[A][0C]No way. I'm gonna fight, too.[X][A][09]No. You're too young.[X][NL]You're not ready for this.[A][NL]Are you going to do as[NL]I say or not?[X][A][NL]I don't know what I would do[NL]if you were to get injured.[X][A][0C]Oh[16]...[X][16]OK.[X][A]
0x0A48	[0C][10]![NL][09][10][0F][NL][09]Get out of the way, boy.[A][NL]You're no use in battle.[A][0C]No way. I'm gonna fight, too.[X][A][09]We don't need your help.[NL]You'll just be in the way.[A][NL]You can get yourself killed[X][NL]when you're older.[A][0C]Fine! I'll do what you say.[X][A][09]You'd better do it quickly.[X][A][NL]Those beasts won't take it easy[X][NL]on you because you're young.[A]
0x0A49	[0C][10]#[NL][09][10]"[NL][09][17]What spacious chambers.[X][A][NL]Hm[16]... [16]A bit musty, but[NL]I like it.[A][NL]I've decided. We'll bed here[NL]for the night.[A][NL][17]I do wonder where Rennac[NL]disappeared to, though.[X][A][NL]I told him not to wander[NL]off, but[16]...[X][16][A][0C]Hmph![X][A][NL]Lady L'Arachel,[X][NL]this could be trouble.[A][09]What is it, Dozla?[A][0C]Look there! Through that break[NL]in the fog[16]...[X][16][A][NL]Looks like we've got some nasty[X][NL]creatures running 'bout this place.[X][A][17][09][17][16]...[X][16]I can't see a thing.[A][NL][17]But this can be nothing but good[NL]fortune shining down on us again.[X][A][NL]Losing our way in the mountains and[X][NL]running into these abominations?[A][NL]There can be no doubt: we were brought[NL]here to destroy these foul things![A][NL]Come, Dozla! We fight![A][0C][800E][0C]Gwah ha ha![X][A][NL]My heart cries out for battle![A]
0x0A4A	[0C][10]"[NL][08][10][04][NL][0A][10][02][NL][0A]Thank you, L'Arachel.[X][A][0C][17]Please, speak nothing of it.[A][NL]It is heaven's dictate that I come here to[NL]cleanse this charming place of monsters.[A][NL]What's important is[X][16]--[16][A][NL]Oh my! I just realized I have not yet had[X][NL]the honor of your name.[X][A][17][0A]Oh, you're right.[X][A][NL]How strange[X][16]... [16]We've met so often now[NL]that I had assumed you already[16]...[X][16][A][NL]Please forgive my lack of manners.[NL]My name is Eirika.[A][08]Milady[16]...[X][16][A][0A]It's all right, Seth. She's[X][NL]clearly not our enemy.[A][0C][17]Eirika[16]...[X][16][A][NL]Aha! So you must be Princess Eirika[X][NL]of Renais![A][NL]It is simply an honor to meet you.[A][NL][17]And how strange that we should[NL]meet again in this place.[X][A][NL]You must be lost as well.[X][NL]This continent is so confusing.[X][A][0A][17]Um, yes. Actually, we're not[NL]lost at all.[A][NL]You see[X][16]...[X][16][A][17]
0x0A4B	[0C][10]"[NL][08][10][04][NL][0A][10][02][NL][0A]Are you all right?[NL]L'Arachel?[A][0C]Uhnn[16]... [16]Can't believe it[16]...[X][16][A][NL]Those foul wretches got the better of[X][NL]me. It must be part of heaven's plan[16]...[X][16][A][NL]Oh! Something just struck me![X][A][NL]I just realized I have not yet had the[NL]honor of your name.[X][A][0A]Oh, you're right.[X][A][NL]How strange[X][16]... [16]We've met so often now[NL]that I had assumed you already[16]...[X][16][A][NL]Please forgive my lack of manners.[NL]My name is Eirika.[A][08]Milady[16]...[X][16][A][0A]It's all right, Seth. She's[X][NL]clearly not our enemy.[A][0C][17]Eirika[16]...[X][16][A][NL]Aha! So you must be Princess Eirika[X][NL]of Renais![A][NL]It is simply an honor to meet you.[A][NL][17]And how strange that we should[NL]meet again in this place.[X][A][NL]You must be lost as well.[X][NL]This continent is so confusing.[X][A][0A][17]Um, yes. Actually, we're not[NL]lost at all.[A][NL]You see[X][16]...[X][16][A][17]
0x0A4C	[0C][10]"[NL][08][10][04][NL][0A][10][02][NL][0C][17]Is that so![X][A][NL]Well, clearly, I must be[NL]allowed to accompany you.[X][A][17][0A]You want to travel with us?[X][A][NL]I appreciate your offer, but our[NL]journey is far too perilous.[A][NL]I do not wish to pull you into[NL]this madness.[X][A][0C]No, no, no.[X][A][15][0C][801D][06][0C][801C][0C][17]There can be no doubt that we were[NL]sent here to aid you.[X][A][NL]It is all part of the grand design.[X][A][NL]I, L'Arachel, shall play my role and[NL]fulfill my divine duties. This I swear![X][A][17][08]Are you sure this is wise, Princess?[A][0A]Don't worry, Seth.[A][15]
0x0A4D	[17][08][11][0A][11][09][10]#[NL][0C][16]...[X][16]Well, that's that, Dozla.[X][A][NL]You and I are now traveling with[NL]Eirika and her companions.[A][09]Gwah ha ha![X][NL]I understand.[X][A][NL]For you, Lady L'Arachel, I[NL]would do absolutely anything![X][A][NL]I would run to the ends of this[X][NL]world and dive into a sea of evil![A][0C]How very like you, my dear,[X][NL]dedicated Dozla! So noble![A][NL]Come! We're off![A][09]Gwah ha ha![X][A]
0x0A4E	[0A][10]![NL][0A][17]Teeeaaaacher[16]...[X][16][NL]Hellooooooo[X][16]...[X][16][A][02][NL]That's strange.[X][NL]He's not here.[A][NL]Must be out wandering again.[A][17][08][10][02][NL][1C][08]He's out?[X][A][NL]That poses a problem.[X][NL]Do you know when he'll return?[A][0A]Hmmm[16]... [16]I don't know.[X][A][NL]He often goes out and looks[X][NL]for people in need.[X][A][0F][10] [NL][0F][16]...[X][16]I believe I told you[NL]it would be best to stay away.[A][0F][800F][0D]I've been charged with a mission[NL]and must depart again soon.[X][A][0A][17]Ah! Teacher![A][17][0A][11][0B][10]![NL][08][800B][09]Y-you[X][16]...[X][16][A][NL]We've met before, haven't we?[X][A][NL]You were looking for someone[16]...[X][16][A][0D][16]...[X][16]Oh, yes.[A][NL]And now we meet again.[A][0B]These people say they want to[X][NL]go through Caer Pelyn.[A][NL]I could guide them myself, but I thought[NL]it might be better if you went, too.[A][NL]That's why I brought them here.[X][A][NL]What do you say? Will you guide them?[X][A][0D][16]......[16][A][09][800C][0A]Would you, please?[A][0D][16]...[X][16]Very well. I'm heading[NL]there now.[A][NL]If you need to go to Caer Pelyn,[NL]you're free to follow me.[X][A][0A]You don't mind?[X][A][0D]We have little interest in the outside[NL]world, but we do not refuse travelers.[A][02][NL]I should warn you: the road is not[NL]easy, and you look very weary.[A][NL]You should rest a night before[NL]attempting the mountains.[X][A][08][10][0F][NL][08]We do need rest, it's true.[X][A][NL]We are all exhausted from our[X][NL]encounter with those creatures.[X][A][NL]We must give our men time to heal, or[X][NL]they'll be useless in an emergency.[X][A][0B][17]It's settled then. I'll go on ahead[X][NL]and let the elder know we're coming.[A][NL]See? Even when there's no fighting[NL]to be done, I'm still useful![X][A][17][0B][8010][0A]No, wait![X][A][NL][16]...[X][16]He's gone. I wonder[X][NL]if he'll be all right.[A][08]Idiotic boy.[A][NL]I understand his need[X][NL]to be helpful, but[16]...[X][16][A][0D]Ewan knows this land well.[NL]You needn't worry about him.[A][NL]We'll depart at sunrise. I[NL]suggest you all get some rest.[A]
0x0A4F	[09][10][02][NL][0C][10]K[NL][0C]Princess Eirika of Renais.[NL]Hold.[X][A][09]Who?[A][NL]You[X][16]...[X][16][NL]You're General Glen of Grado.[X][A][NL]We met once in the capital, didn't we?[A][NL]You were very kind to me.[X][A][NL]However, if you're here now, I have[X][NL]to assume this means[16]...[X][16][A][0C]Yes, it does. I wish our reunion could[NL]come under different circumstances.[X][A][NL]Eirika, I must tell you, I come here[NL]on the direct orders of the emperor.[A][NL]I'm to bring to justice the rebel army[NL]leader who's been terrorizing Carcino.[A][NL]It's you, Eirika. They say you've been[NL]murdering innocents.[A][09]What?[X][A][NL]Wait! What do you mean?[X][NL]I[X][16]...[X][16][A][0C][16]...[X][16]If you have something to say,[X][NL]I would hear it.[A][NL]I know all too well that Grado has robbed[X][NL]you of your homeland, but even so[X][16]...[X][16][A][NL]I do not believe revenge could drive[NL]a woman like you to such depths.[A][15][0C]And yet[X][16]...[X][16]here you are in Carcino with[NL]a small army under your command.[A][NL]And the emperor tells us that you[X][NL]massacred everyone in Port Kiris.[X][A][09]That[16]... [16]That's a lie![X][A][NL]I could never[X][16]...[X][16][A][0C]Go on.[A][09][800A][0A][10][0F][NL][8004][0A][16]...[X][16]This is ridiculous.[X][NL]Believe what you want.[A][NL]Could one of the legendary Imperial[X][NL]Three honestly be as stupid as this?[A][0C][16]...[X][16]What do you mean?[X][A][0A]Carcino betrayed Frelia and set[X][NL]a pack of mercenary dogs to kill me.[A][NL]And you paint Eirika a rebel instigator?[NL]It's an absurd farce.[X][A][NL]Your emperor commits horrors, and you[X][NL]believe Eirika is a criminal?[X][A][0C][16]...[X][16]What are you saying?[A][0A]You truly are blind, aren't you?[A][NL]You're one of the Imperial Three, and[X][NL]yet you can't see your emperor's plan?[A][08]That's enough, Prince Innes. There's[NL]no need to provoke him.[X][A][NL]General Glen, we've told you what we know[X][NL]to be true, what we've seen firsthand.[A][NL]We don't want to fight you[16]...[X][16][A][NL]But if you push us, we will drive you back[NL]to Grado with your tail between your legs.[A][0C][16]...[X][16]I see.[A][NL]You[X][16]...[X][16]are more observant than you know.[X][NL]I am ignorant of the emperor's designs.[X][A][NL]General Duessel and I both questioned[X][NL]the wisdom of this war.[X][A][02][NL]And if you really are innocent of the[X][NL]crimes attributed to you[16]...[X][16][A][NL]Why would His Majesty lie to us?[NL]I must know the answer.[X][A][08]So, you[X][16]...[X][16]believe us?[X][A][0C]The Princess Eirika I met long ago was[NL]kind and merciful in spirit.[A][NL]You've faced relentless hardship, and yet[X][NL]that selfsame spirit remains true.[A][02][NL][16]...[X][16]Let's put our fight aside for now.[A][NL]I will learn the truth. Then I will once[NL]again perform the duties of my office.[A][NL]If you have lied to me today, I will[NL]hound you to the very grave itself.[X][A][08]Very well[X][16]...[X][16][A]
0x0A50	[09][10]K[NL][0C][10]B[NL][0C]Glen. Where do you think you're going?[A][09]Valter[16]...[X][16][A][0C]Tsk, tsk. What am I to make of this?[A][NL]Those little birds I saw flitting away[NL]into the mountains looked vaguely familiar.[X][A][NL]What do you suppose would happen if it[NL]were known you let Eirika escape?[X][A][09]Do as you will.[X][A][NL]I'm returning to the capital.[X][NL]I have questions for the emperor.[X][A][NL]Clear the path, Valter.[X][A][0C]Hold on now. No reason[NL]to rush off, is there?[A][NL]After all, this is where[NL]you're going to die. See?[X][A][09][16]...[X][16]What are you babbling about?[A][0C]Heh heh[X][16]...[X][16][A][NL]We were a grand trio[16]--[16]the Imperial[NL]Three: you, Duessel, and me.[A][NL]But my place among you was stolen,[NL]and I was exiled from Grado.[A][09]You slaughtered people who had[NL]no intention of fighting.[X][A][NL]The emperor's punishment was[NL]just and warranted.[X][A][0C]Heh heh[X][16]...[X][16]heh heh heh[X][16]...[X][16][A][NL]After my fall from glory, only desire[X][NL]kept me alive. Desire for revenge.[A][NL]My hatred burned so fierce that I was[X][NL]only barely able to keep my sanity.[X][A][NL]That hatred keeps me warm still[X][NL]today. Oh, how it burns[X][16]...[X][16][A][09][16]......[16][A][8004][0C]Hear me, Glen, wyvern general[X][NL]of the Imperial Three.[A][NL]I live for battle. I crave it.[NL]I have no need for peace.[X][A][NL]That is why you must die.[X][A]
0x0A51	[0C][10]K[NL][0C]Cur! You're mad![A][0C][11][09][10]B[NL][09]A battle between generals[X][16]...[X][16][NL]Sends the spirit soaring, eh?[X][A][NL]Come, Glen! Entertain me![X][NL]Ha ha ha ha ha ha![A][09][11][0C][10]K[NL][0C]Urrgh[X][16]...[X][16][A][0C][11]
0x0A52	[0C][10]B[NL][0C]Go. The small fish are yours.[X][A]
0x0A53	[17][0C][10]B[NL][0C]Heh heh[X][16]...[X][16][A][NL]This is merely the beginning.[X][NL]Endless battle, war without end[X][16]...[X][16][A][02][NL]Heh heh[X][16]...[X][16]ha hahahahahaha![A]
0x0A54	[09][10][02][NL][0C][10]"[NL][09]You[X][16]... [16]L'Arachel![A][0C]Hello![A][NL]So it's true! Blessings[X][NL]do come in threes![A][09]L'Arachel, this place is dangerous.[X][NL]You should find safe haven elsewhere.[X][A][0C]Oh, you needn't worry about us.[X][A][NL]As you well know, my divine mission is[NL]to purge the land of these obscenities.[X][A][NL]I will show you the splendor that is[NL]L'Arachel in action! Bear witness![A][09]If you insist. At least let us[NL]join forces for the time being.[X][A]
0x0A55	[17][09][10]"[NL][0C][10]#[NL][09]Dozla.[A][0C]Gwah ha ha! What is it,[X][NL]Lady L'Arachel?[X][A][09]We're going to join these good people and[X][NL]eradicate these unclean monstrosities.[A][0C]Sounds fun! What would[NL]you have me do?[X][A][09]Oh, just carry on in your normal[NL]manner: destroy, destroy, destroy.[A][NL]But do be sure to enjoy yourself.[X][A][0C][800E][0C]Gwah ha ha! I am your[X][NL]obedient servant![X][A]
0x0A56	[0A][10][02][NL][0A][801E][0A][16]...[X][16]Hh[16]...[X][16]hh[16]...[X][16][A][0A][801C][08][10][04][NL][08]Perhaps we should rest, milady.[X][A][02][NL]Master Saleh, is it much farther?[X][A][0C][10] [NL][0C]We're close. It's only half a day ahead.[A][08]I would ask for a moment's rest[X][NL]before continuing.[A][NL]We are all exhausted. We can[NL]go no farther today.[A][0A]No, Seth. I'll be fine. We must[X][NL]not be delayed by my weakness.[A][08][11][08][10][0F][NL][1C][08]Whew[16]... [16]Hah[X][16]...[X][16][A][NL]I didn't realize we'd be[NL]climbing so high.[X][A][0A][800C][0A]Whoops![X][A][0C][16]...[X][16]As I warned you before we set out,[NL]the footing here can be treacherous.[A][08]Do you people truly live[NL]in this place?[A][NL]These barren crags seem unfit[X][NL]for human habitation[16]...[X][16][A][0C]Material wealth brings strife.[NL]We've no need of these things.[A][NL]In this, we are of one mind with[NL]the Great Dragon.[X][A][8004][0A]The Great Dragon?[X][A]
0x0A57	[08][10][02][NL][0D][10] [NL][0B][10]"[NL][09][10][04][NL][09][800C][0A]Ah! Princess Eirika,[NL]watch out![A][08]More monsters[X][16]...[X][16][A][NL]Master Saleh, do these creatures[NL]normally inhabit this region?[X][A][0D]No[16]... [16]Those things come from[NL]Darkling Woods.[X][A][NL]It's been a long time since they've[X][NL]wandered this far afield.[X][A][NL]It's as the elder says[16]...[X][16][NL]Evil omens take many shapes.[A][0B]It looks like those fiends have[X][NL]noticed us as well.[X][A][NL]We should move, Eirika.[X][A]
0x0A58	[0C][10] [NL][0C]I'm concerned for Ewan as[X][NL]well. I'll go with you.[X][A][NL]I hope he is safe.[A]
0x0A59	[0A][10]![NL][0A][800C][0A]Hey! Wa-wait a moment.[NL]We can work this out[16]...[X][16][A][0A][800B][09]You, uh, aren't interested in[X][NL]talking, are you?[X][A][09][800A][08][800A][08]Aaaaaa[16]...[X][16][A][08][8010]
0x0A5A	[0C][10]![NL][0C]Where'd all those freaks come from?[X][A][NL]I've got to get back and warn[X][NL]everyone[16]...[X][16][A][NL]But[X][16]...[X][16]I do wonder if Grandmother[NL]is all right.[X][A]
0x0A5B	[0E][10]![NL][0C][10] [NL][0C][16]...[X][16]Ewan.[X][A][0E][800B][09][17]Ah! Teacher![NL]I'm so glad to see you.[X][A][NL][17]I was beginning to think you'd[NL]all forgotten about me.[X][A][0C]It was careless of me to let you[NL]rush off on your own.[X][A][NL]And I can't let you stay here[X][16]...[X][16][NL]Will you come with me?[A][09][800B][09][17]Really? Can I?[A][NL]Woohoo![X][NL]I won't let you down![X][A][17]
0x0A5C	[17][09][10]![NL][0C][10][1C][NL][0C]Ewan! So this is where you've[X][NL]wandered off to![A][09]Oh, Tethys.[X][NL]I'm so glad to see you.[X][A][NL]I was beginning to think you'd[NL]all forgotten about me.[X][A][0C]Don't be foolish. I could never[X][NL]forget my little brother.[X][A][NL]Come on. We've got to[X][NL]get going.[A][09][800B][09]All right! And I've got something[X][NL]to show you, too.[X][A][NL]I know I've been hiding but[X][16]...[X][16][A][NL]Next enemy to show its face is gonna[NL]get a blast of magic![X][A][0C]You're such a rascal, Ewan.[X][A]
0x0A5D	[08][10] [NL][0B][10]U[NL][0B]Saleh? Is that you, Saleh?[A][NL]Tell me, is the Great Dragon well?[A][08]I'm sorry, Elder.[X][A][NL]I searched to the west,[X][NL]but I found nothing.[A][0B]Is that so[16]...[X][16][A][02][NL]Hm?[X][NL]Who's that with you?[A][08][11][0A][10][02][NL][08][10][0F][NL][1C][08]I am Innes, prince of Frelia.[X][A][NL]The circumstances of our journey have[X][NL]led us here. We would like to pass through.[X][A][0A]Please.[X][A][0B]Hmmm[16]...[X][16][A][NL]We of Caer Pelyn have turned away[X][NL]from the world outside.[X][A][NL]The Great Dragon alone holds all[NL]our honor and esteem.[X][A][NL]In this place, princes and[NL]paupers are equals.[X][A][NL]Do you have a problem with that?[A][08][16]...[X][16]No. I understand.[X][A][0B]Hm[16]... [16]Well then, be welcomed as[X][NL]guests in our homes.[A][NL]I see some of you are injured.[NL]You should use this rock moss.[A][NL]We have little beyond what we need,[X][NL]but we will prepare food and bedding.[X][A][NL]You can rest as long as you like.[X][A][08]We've no wish to trouble you. We'd just[X][NL]as soon pass straight through.[A][0B]Don't let your pride drive you[NL]to foolishness.[X][A][NL]That girl there looks like she's[NL]ready to collapse any moment.[X][A][NL]She's ill from the height of the mountain.[NL]Saleh, prepare some tea for the lass.[X][A][0A][17]Thank you, Elder[16]...[X][16][A][17][0B][17]Call me Grandmother, child. That[NL]is what the villagers call me.[A][17]
0x0A5E	[0A][10][02][NL][08][10]"[NL][0D][10] [NL][0B][10]U[NL][0A]Uh[16]... [16]Grandmother, may I[NL]ask you a question?[X][A][NL]This Great Dragon[X][16]...[X][16][A][0B][17]Ah, the inquisitiveness of youth.[X][A][NL]Come, lass, listen to my words.[X][A][NL]The Great Dragon is[X][16]...[X][16]a blessing, one[X][NL]that watches over all mankind.[A][NL]Why, in days long past, when the[NL]Demon King appeared[X][16]...[X][16][A][17][0A]Demon King? Are you speaking of the[X][NL]legend of the Sacred Stones?[A][NL]The hero Grado used the power of the five[X][NL]Sacred Stones to defeat and seal away[X][16]--[16][A][0B]No, no, that's not right at all.[A][NL]Ah, how quickly did mankind forget[NL]its debt to the Great Dragon.[X][A][NL]To hear the story now, one would think[NL]humans alone brought about victory.[X][A][NL]That is a gross mistelling of the tale.[X][A][NL]Only through the Great Dragon's strength[NL]could the Demon King be sealed away![A][0A]The Great Dragon and the Demon King[X][16]...[X][16][A][0B]Mankind may have forgotten its debt,[NL]but the Great Dragon never forgets.[X][A][NL]It watches over the bones of the Demon[NL]King in Darkling Woods.[X][A][NL]It keeps the Demon King's dark brood[NL]from swarming the world of men.[X][A][NL]The Great Dragon's vigilance alone has[NL]kept us safe from their blind rage.[X][A][0A]Is that so? I'm[X][16]... [16]I'm[X][NL]sorry, I never knew[X][16]...[X][16][A][0B]Hmph. You don't need to know everything,[NL]but you should remember that.[X][A][0A]Yet, Grandmother, we encountered[NL]those creatures on the way here.[A][NL]And they have begun to appear in[NL]the lands we live in as well.[X][A][NL]What does this mean?[A][8004][0B]Ah[16]... [16]You have seen the effects of the[NL]omen that has appeared in the south.[A][02][NL]There is an energy there that has[X][NL]fouled the air and darkened the sky.[A][NL]The Great Dragon left Darkling Woods and[NL]went south to investigate.[A][NL]We of the village wished to protect the[X][NL]Great Dragon, and so I sent my grandson,[A][NL]Saleh, along as well.[X][A][NL]But they became embroiled in battle, and[NL]the Great Dragon disappeared.[X][A][NL]Since that time, there's been no sign of[NL]the Great Dragon either here or abroad.[X][A][NL]We grew worried and directed Saleh to[X][NL]look for any trace of the Great Dragon.[X][A][NL]I am worried that the source of that[NL]foul energy may be responsible.[X][A][0A]A foul energy[X][16]...[X][16][A][NL]From the south?[X][A][NL]Myrrh said something[NL]similar to this, too.[X][A][NL]Is the Great Dragon you speak[X][NL]of[16]...[X][16]one of the Manakete?[A][0B]Manakete?!?[X][A][NL]How dare you speak so[X][NL]of the Great Dragon![A][0A]I-I'm sorry.[A][0B]But if you've seen the noble Myrrh,[X][NL]perhaps I can proceed more quickly.[X][A][NL]You see, our Great Dragon took the[NL]form of Mistress Myrrh in her travels.[A][NL]And you tell me that you have seen[NL]the Great Dragon yourself, lass?[A][0A]Yes. Myrrh was with my brother.[X][A][0B]What?![A][NL]Where is this brother[X][NL]of yours!?[A][0A]He leads a force of men against[X][NL]Grado. Myrrh rides beside him.[A][0B]Saleh, this is urgent![A][NL]You must leave for Grado at once[NL]and rescue the Great Dragon![A][0D]Understood. I will[16]...[X][16][A][08]Oh, where are you off to?[X][A][NL]If you're going to Grado, the swiftest[NL]route takes you through Jehanna.[A][NL]It would be to your advantage to[NL]join us in our journey for a time.[A][NL]It's far safer than being on your own.[A][0D]You have a point[16]...[X][16][A][NL]Mistress Eirika, protecting[X][NL]the Great Dragon is my duty.[A][NL]Please allow me to travel[X][NL]with you on the road ahead.[X][A]
0x0A5F	[0A][10][02][NL][08][10][0F][NL][0D][10] [NL][0B][10]U[NL][08]We are in your debt, Matron.[A][0B]Not at all. All of our guidance[X][NL]comes from the Great Dragon.[A][NL]Saleh.[A][0D]Yes, I know.[A][NL]The road to Jehanna lies here.[A][0D][11][0A]Grandmother, thank you so[X][NL]much for everything.[A][0B]I know you'll help the Great Dragon,[NL]but please look after Saleh as well.[A][NL]He's not very personable, but he's[NL]the only grandchild I have.[X][A]
0x0A60	[0A][10][02][NL][08][10][0F][NL][0B][10]U[NL][1C][0B]Hm?[X][NL]And who might you be?[X][A][08]I am Innes, prince of Frelia.[X][A][NL]The circumstances of our journey have[X][NL]led us here. We would like to pass through.[X][A][0A]Please.[X][A][0B]Hmmm[16]...[X][16][A][NL]We of Caer Pelyn have turned away[X][NL]from the world outside.[X][A][NL]The Great Dragon alone holds all[NL]our honor and esteem.[X][A][NL]In this place, princes and[NL]paupers are equals.[X][A][NL]Do you have a problem with that?[A][08][16]...[X][16]No. I understand.[X][A][0B]Hm[16]... [16]Well then, be welcomed as[X][NL]guests in our homes.[A][NL]I see some of you are injured.[NL]You should use this rock moss.[A][NL]We have little beyond what we need,[X][NL]but we will prepare food and bedding.[X][A][NL]You can rest as long as you like.[X][A][08]We've no wish to trouble you. We'd just[X][NL]as soon pass straight through.[A][0B]Don't let your pride drive you[NL]to foolishness.[X][A][NL]That girl there looks like she's[NL]ready to collapse any moment.[X][A][NL]She's ill from the height of the mountain.[NL]Let me prepare some tea for the lass.[X][A][0A][17]Thank you, Elder[16]...[X][16][A][17][0B][17]Call me Grandmother, child. That[NL]is what the villagers call me.[A][02][NL]Oh, yes[X][16]... [16]Tell me, did you happen to[NL]meet Saleh on your way here?[A][NL]He should be returning anytime now.[X][A][17][0A][16]......[16][NL]Master Saleh, he[16]--[16][A][08]That man is dead. He fell[X][NL]fighting abominations.[A][0B]Is that so?[X][A][NL]Worthless fool[16]...[X][16][NL]That he should die before me.[X][A][0A][16]......[16][A]
0x0A61	[0A][10][02][NL][08][10][0F][NL][0B][10]U[NL][1C][0A]Uh[16]... [16]Grandmother, may I[NL]ask you a question?[X][A][NL]This Great Dragon[X][16]...[X][16][A][0B][17]Ah, the inquisitiveness of youth.[X][A][NL]Come, lass, listen to my words.[X][A][NL]The Great Dragon is[X][16]...[X][16]a blessing, one[X][NL]that watches over all mankind.[A][NL]Why, in days long past, when the[NL]Demon King appeared[X][16]...[X][16][A][17][0A]Demon King? Are you speaking of the[X][NL]legend of the Sacred Stones?[A][NL]The hero Grado used the power of the five[X][NL]Sacred Stones to defeat and seal away[X][16]--[16][A][0B]No, no, that's not right at all.[A][NL]Ah, how quickly did mankind forget[NL]its debt to the Great Dragon.[X][A][NL]To hear the story now, one would think[NL]humans alone brought about victory.[X][A][NL]That is a gross mistelling of the tale.[X][A][NL]Only through the Great Dragon's strength[NL]could the Demon King be sealed away![A][0A]The Great Dragon and the Demon King[X][16]...[X][16][A][0B]Mankind may have forgotten its debt,[NL]but the Great Dragon never forgets.[X][A][NL]It watches over the bones of the Demon[NL]King in Darkling Woods.[X][A][NL]It keeps the Demon King's dark brood[NL]from swarming the world of men.[X][A][NL]The Great Dragon's vigilance alone has[NL]kept us safe from their blind rage.[X][A][0A]Is that so? I'm[X][16]... [16]I'm[X][NL]sorry. I never knew[X][16]...[X][16][A][0B]Hmph. You don't need to know everything,[NL]but you should remember that.[X][A][0A]Yet, Grandmother, we encountered[NL]those creatures on the way here.[A][NL]And they have begun to appear in[NL]the lands we live in as well.[X][A][NL]What does this mean?[A][8004][0B]Ah[16]... [16]You have seen the effects of the[NL]omen that has appeared in the south.[A][02][NL]There is an energy there that has[X][NL]fouled the air and darkened the sky.[A][NL]The Great Dragon left Darkling Woods and[NL]went south to investigate.[A][NL]We of the village wished to protect the[X][NL]Great Dragon, and so I sent my grandson,[A][NL]Saleh, along as well.[X][A][NL]But they became embroiled in battle, and[NL]the Great Dragon disappeared.[X][A][NL]Since that time, there's been no sign of[NL]the Great Dragon either here or abroad.[X][A][NL]We grew worried and directed Saleh to[X][NL]look for any trace of the Great Dragon.[X][A][NL]I am worried that the source of that[NL]foul energy may be responsible.[X][A][0A]A foul energy[X][16]...[X][16][A][NL]From the south?[X][A][NL]Myrrh said something[NL]similar to this, too.[X][A][NL]Is the Great Dragon you speak[X][NL]of[16]...[X][16]one of the Manakete?[A][0B]Manakete?!?[X][A][NL]How dare you speak so[X][NL]of the Great Dragon![A][0A]I-I'm sorry.[A][0B]But if you've seen the noble Myrrh,[X][NL]perhaps I can proceed more quickly.[X][A][NL]You see, our Great Dragon took the[NL]form of Mistress Myrrh in her travels.[A][NL]And you tell me that you have seen[NL]the Great Dragon yourself, lass?[A][0A]Yes. Myrrh was with my brother.[X][A][0B]What?![A][NL]Where is this brother[X][NL]of yours!?[A][0A]He leads a force of men against[X][NL]Grado. Myrrh rides beside him.[A][0B]I see[X][16]...[X][16][NL]The Great Dragon is protected.[A][NL]Saleh would be pleased[16]...[X][16][A]
0x0A62	[0A][10][02][NL][08][10][0F][NL][0B][10]U[NL][08]We are in your debt, Matron.[A][0B]Not at all. All of our guidance[X][NL]comes from the Great Dragon.[A][NL]I'll have someone from the village[NL]lead you to the road to Jehanna.[A][0A]Grandmother, thank you so[X][NL]much for everything.[A][0B]When you meet your brother, please ask[NL]that he watch over the Great Dragon.[A][NL]More than anything we hope and[NL]pray that she will remain safe.[X][A]
0x0A64	[09][10]![NL][0C][10][02][NL][09][800B][09][17]Ah, hello![A][17][0C]Ewan! How wonderful.[NL]So you're safe, are you?[A][09][17]Yep. I took care of a whole mess[NL]of those things.[A][NL]More of 'em might show up at any time,[NL]so I'll just follow you to the village.[X][A][NL]That's all right, isn't it?[X][A][17][0C]I guess so[16]...[X][16][A][NL]It's probably safer than leaving[NL]you here by yourself.[X][A][NL]Let's stick together, Ewan.[X][A][09][800B][09]Wahoo![A]
0x0A65	[09][10]![NL][0C][10] [NL][0C]Ewan[16]... [16]You're safe.[A][09][800B][09][17]Oh, Teacher! It's you![A][NL]You probably had to fight a[X][NL]ton of creatures to get here![X][A][NL]You're the best! I hope I can[X][NL]study with you forever.[X][A][17][0C]I've told you before[16]...[X][16][NL]My mission is my life.[A][NL]If you wish to learn magic, you'd[X][NL]be better served by another.[A][09]No way. I wanna be just like you. Why[X][NL]would I go study somewhere else?[A][NL]Wait[16]... [16]You've gotta go out on[NL]a mission again, don't you![X][A][NL]Take me with you! I've practiced a lot. I can[X][NL]already use all the magic you taught me![A][0C][16]......[16][A][NL]Well, you seem quite adamant.[X][NL]All right. You may accompany me.[A][NL]I think being with me might be[NL]safer than remaining on your own.[X][A][09][800B][09][17]Yahoo![A][17]
0x0A66	[09][10]![NL][0C][10][1C][NL][09]Oh, Sister![X][A][0C]Ewan![X][A][NL]Are you all right?[A][09]Yeah.[X][A][NL]I tried to fight those monsters.[A][NL]And you know what? I killed four[NL]of 'em! With my magic![A][NL]That's pretty good, huh?[A][0C]What am I going to do with you?[X][A][NL]Anyway, it's not safe here.[X][NL]Come with me, Ewan.[X][A][09][800B][09][17][16]......[16][A][NL]You-you don't believe me[16]...[X][16][A][NL]You watch and see. I'll show[NL]you how far I've come![A][17]
0x0A67	[09][10]![NL][0C][10][FF][FF][09]You were one of the people with my[NL]teacher, weren't you?[X][A][NL]You think I can fight at your side? I can[X][NL]use the magic my teacher taught me.[X][A][NL]Well, what do you say?[A]
0x0A68	[09][10][13][NL][0C][10]B[NL][09]My brother is[X][16]...[X][16]dead?[X][A][NL]That can't be![NL]That's impossible![A][0C]There's no mistake.[X][NL]Look for yourself.[A][NL]I've brought his corpse with me.[NL]That's him right over there, isn't it?[A][09]No[16]...[X][16][A][NL]Brother[X][16]...[X][16][A][0C]Not a pretty sight, eh? You'll be hard[NL]pressed to ready that for a proper burial.[A][NL]But listen, Cormag. There's no reason for[X][NL]you to grieve.[A][NL]After all, who better than you to replace[X][NL]your brother in His Majesty's service?[A][NL]Picture it: General Cormag, the new and[X][NL]improved Sunstone, eh?[A][09]Who did this[16]...[X][16][A][NL]Who is responsible? Who!?[X][A][0C]Glen's last orders were to find[X][NL]and subdue Eirika.[A][NL]'Tis a pity I was delayed. I arrived[NL]to witness the final blow myself.[X][A][NL]I watched Eirika run her blade right[NL]through his chest and then flee.[A][09]Eirika?![A][NL]Where is she now?[X][A][0C]Hm? What would you do if I told you?[NL]Without orders from His Majesty[X][16]...[X][16][A][09]ANSWER ME![A][0C][16]...[X][16]In the eastern mountains of Carcino.[A][NL]The forests are thick in that region.[X][NL]It won't be easy finding her, but[X][16]...[X][16][A]
0x0A69	[09][10]B[NL][09]Gone already?[X][A][NL]I've sent a gift your way, Eirika,[NL]but I trust you can handle it.[A][NL]You're my girl after all. I need you[NL]to be strong for me[X][16]...[X][16][A][02][NL]Heh heh[X][16]... [16]Ha ha ha ha ha![X][A]
0x0A6A	[0B][10][02][NL][0D][10][0F][NL][0E][10]i[NL][0E][800B][1C][09]Messenger! Messenger![X][A][NL]I bring word from Frelia![X][A][0D]Go on. What news do you bring?[A][09]Prince Innes![X][NL]You're alive and well![A][02][NL]When the reinforcements rode into Carcino,[NL]you were nowhere to be seen[X][16]...[X][16][A][NL]We thought perhaps the enemy forces[X][NL]had reached you and[X][16]...[X][16][A][NL]It's good to see you well, milord.[A][0D]I'm sorry to have troubled you.[X][A][NL]But remember, the duty I bear is a harsh[NL]master. It will not let me die easily.[A][09]Of course. Prince Innes[X][16]...[X][16][A][0D]Yes, what word do you bring[X][NL]of Frelia? Speak![X][A][09]Yes, Your Highness![X][A][NL]Frelia has invaded Carcino and engaged[NL]the traitor Pablo's mercenary army.[X][A][NL]With aid from Elder Klimt, we are crushing[NL]the foe where we find them.[X][A][NL]Pablo's faction is retreating ever[NL]southward, toward Jehanna[X][16]...[X][16][A][0D]Towards Jehanna?[A][NL]They must be planning to join[X][NL]with the Grado forces there.[A][0B]Pardon me, but I must know[16]...[X][16][A][NL]Do you have word of my brother?[X][A][09]Yes.[A][NL]Prince Ephraim has forced the surrender[X][NL]of Grado's fortress at Rigwald.[X][A][NL]He is now marching onward toward[NL]the imperial capital.[X][A][0B]Toward the capital[16]...[X][16][A][0D]That fool[X][16]... [16]Emperor Vigarde himself and his[X][NL]imperial guard are in the capital.[A][NL]It's too strong a force[X][16]...[X][16][NL]Even for Ephraim.[X][A][0B]No[16]...[X][16][NL]I believe in my brother.[A][NL]I know he fights still.[X][NL]This bracelet tells me so.[A]
0x0A6B	[09][10][02][NL][0F][10]"[NL][0F][800F][0D]Ah, Eirika. Is it time to go already?[X][A][09]L'Arachel.[A][NL]We're going to break through the Grado[NL]lines and join the army of Jehanna.[X][A][NL]You should keep to the rear where it's[NL]safe[16]...[X][16][A][0D][800E][0C]No, I will stay with you.[X][A][NL]Confronting evil boldly is the sworn[NL]duty of any ally of justice.[A][NL]And it may be that Grado's goal is the[NL]Stone of Jehanna[16]...[X][16][A][NL]I cannot stand by and let it[NL]be destroyed.[X][A][09]L'Arachel?[A][NL]Where did you come by[X][NL]such information?[X][A][0C]Hm?[X][A][NL]That[16]...[X][16]uh, well[16]...[X][16]the[X][16]...[X][16]wind[NL]whispered to me in the night.[X][A][09]The wind? Whispered to you?[X][A][0C]Yes, that's right.[NL][16]...[X][16]And according to that gentle breeze,[A][NL]there are knights riding this way[X][NL]from Rausten even as we speak.[A][NL]If we can but hold out until they arrive,[X][NL]the battle will surely be ours.[X][A][NL]Come, Eirika. Let us be on our way.[X][A][0C][11][09]W-wait a moment.[NL]L'Arachel? Who are you?[X][A]
0x0A6C	[09][10];[NL][0C][10]C[NL][0C]They should be arriving anytime now.[NL]Are you ready, Aias?[A][09]Mm.[X][NL]Everything's in place.[A][NL]This Princess Eirika supposedly[X][NL]defeated General Glen.[A][NL]I wonder[16]... [16]If it's true, then she's a[NL]foe to be reckoned with, and no doubt.[A][NL]Still, there's no reason to worry.[NL]I can best her. I know it.[A][0C]You'll take her, I've no fear.[A][NL]We fought as mercenaries together,[NL]and I know what you're capable of.[A][NL]I could search the continent over and[X][NL]not find a man to match your skills.[A][09]I'm honored to hear you say that.[X][A][NL]But I've no interest in the titles[NL]and trappings of Grado's Imperial Army.[X][A][0C]Don't say that. You're glad you came[NL]with me, right?[X][A][NL]You know we were both sick to death[X][NL]of living like desert rats.[X][A][NL]I'm going to be a king one day.[X][NL]This war is just the beginning.[X][A][09]Ah[16]... [16]It starts again.[A][0C]Word has it that the Knights of Rausten[X][NL]are riding from the north. They're mine.[A][NL]I can trust this mess to your capable[X][NL]hands, can't I, Aias?[X][A][09]You remember what they called me[NL]when we were mercenaries, don't you?[A][NL]I was never once wounded on the[X][NL]field of battle. Not once[X][16]...[X][16][A][NL]My skill is not garish and loud like yours,[X][NL]but I've never known defeat.[A][0C]Yes, that is true.[A][NL]I'm depending on you, Aias.[X][A][0C][11][09][16]......[16][A][02][NL]All units prepare for battle.[X][A]
0x0A6D	[0C][10][04][NL][0A][10][02][NL][08][10]"[NL][1C][0C]Princess Eirika.[NL]The enemy is arrayed before us.[X][A][NL]We've word that Pablo's mercenary army[NL]is closing in from the rear.[A][NL]You must be cautious.[X][A][08]All we have to do is hold them off[NL]until the Knights of Rausten arrive.[A][NL]If we can do that, victory is as[NL]good as ours.[X][A][NL]Let's get started,[NL]shall we, Eirika?[X][A][0A]Indeed![X][A]
0x0A6E	[09][10]:[NL][0F][10]m[NL][0F][800F][0D]Elder Pablo, there's fighting ahead.[A][09]Grr[X][16]...[X][16]I've misread the situation.[X][A][NL]I can't believe I've been forced[NL]out of Carcino.[X][A][NL]It's those accursed Frelian knights[X][NL]riding down on us from the north.[X][A][NL]If things don't change quickly, I'll be[X][NL]forced to appeal to Grado for aid.[A][02][NL]We must prove ourselves worthy allies of[NL]Grado. We must have them in our debt![X][A][NL]First, I'll use my magic to bury those[NL]enemies in the distance.[A]
0x0A6F	[09][10][13][NL][09]Where is she?[X][NL]Where is she!?[A][02][NL]I will avenge my brother![X][A]
0x0A70	[09][10];[NL][09]Ah[16]... [16]So here you are.[NL]The princess Eirika.[A][09][11][0C][10][02][NL][0C]Who?[A][0C][11][09][10];[NL][09]You're not at all[X][NL]what I had expected[X][16]...[X][16][A][NL]I would test the arm that[X][NL]bested Glen.[A][09][11]
0x0A74	[09][10]:[NL][09]Argh[16]...[X][16][A][NL]It can't be[X][16]...[X][16]I[X][16]...[X][16][A][NL]You can't have my gold[16]...[X][16][NL]It's all[16]...[X][16]mine[16]...[X][16][A]
0x0A75	[08][10];[NL][08]Rausten knights?![X][A][NL]That means Caellach's[X][16]--[16][A][NL]Curses[16]... [16]All troops![X][NL]Retreat at once![A]
0x0A76	[08][10]k[NL][08]Rausten knights?![X][A][NL]No[16]... [16]All troops![X][NL]Retreat at once![A]
0x0A77	[09][10]o[NL][09]Forward the lances! Show[NL]them the might of Rausten![A]
0x0A78	[0A][10][02][NL][0A]The Knights of Rausten![X][A][NL]Just as L'Arachel said[16]...[X][16][NL]Reinforcements have arrived in Jehanna![X][A][0E][10]"[NL][0E][800A][08][17]What I'd like to know is[NL]what took them so long![X][A][NL]However, it seems that all[NL]has worked out in the end.[A][17]
0x0A79	[0A][10]"[NL][08][10]#[NL][0B][10][02][NL][0F][10]o[NL][0F][800F][1C][0D]Princess! Knights of Rausten,[X][NL]2nd battalion, reporting for duty![A][0A][17]Well done.[NL]You may lift your eyes.[X][A][17][0B]Princess?[X][NL]L'Arachel, you're a[X][16]--[16][A][0D][8011][0A]What? Oh, you mean[16]...[X][16][A][NL]Don't be silly. This is nothing.[NL]Please don't concern yourself.[A][08]I do believe, milady, that your[X][NL]disguise has been penetrated.[X][A][1D][0A]Oh[16]...[X][16]I suppose there's naught to be[NL]done about it now.[A][02][NL][17]Very well, Eirika. You've found[X][NL]me out![X][A][NL]The beauteous wanderer who's been your[NL]boon companion is none other than[X][16]...[X][16][A][NL]the jewel of the theocracy of Rausten,[NL]Princess L'Arachel herself![X][A][NL]I was acting under divine order to[NL]strike down evil in this land.[A][17][0B][16]......[16][A][NL]Is that so?[X][NL]But why did you[X][16]...[X][16][A][1C][0F][800F][0D]The truth is[16]...[X][16][A][NL]The princess was enflamed by the words of[X][NL]the court troubadour, Saaga[X][16]...[X][16][A][NL]She forced us to allow her to journey[X][NL]forth anonymously on a quest for justice.[X][A][0B]I-I see[X][16]...[X][16][A][1D][0D]Princess.[X][A][NL]This is from King Mansel.[X][A]
0x0A7A	[0A][10]"[NL][08][10]#[NL][0B][10][02][NL][0A][17]What's this? War funds?[X][A][NL]Oh, what a grand uncle.[X][NL]He's just so thoughtful.[A][17][15][0A][17]Princess Eirika of Renais.[NL]Rausten will not yield to Grado.[A][NL]Together, let us defeat the empire[NL]in the name of righteousness![X][A][17][8004][0D][10][04][NL][0D]Princess Eirika. Prince Innes.[NL]I've received word from the front.[A][NL]The palace of Jehanna was attacked by[X][NL]Grado forces and has surrendered.[X][A][8004][08][10][0F][NL][08]What?[X][NL]How did that[16]...[X][16][A][0B]And the queen?[NL]Is she safe?[A][0D]That remains unknown.[X][A][08]She may yet live.[X][NL]We must hurry.[A][0D]The palace has already been[X][NL]occupied by imperial troops.[A][NL]The Grado army is being led by[NL]Lyon, the imperial prince.[A][0B]Lyon?![A][0A]What is it, Eirika?[X][A][0B]It's nothing[16]...[X][16][A][02][NL][16]...[X][16]Lyon[16]...[X][16][A]
0x0A7B	[0A][10]"[NL][0B][10][02][NL][0F][10]o[NL][0F][800F][0D]Princess! Knights of Rausten,[X][NL]2nd battalion, reporting for duty![A][0A][17]Well done.[NL]You may lift your eyes.[X][A][17][0B]Princess?[X][NL]L'Arachel, you're a[X][16]--[16][A][1C][0D][8011][0A]What? Oh, you mean[16]...[X][16][A][02][NL][17]Oh, there's no point in this[NL]charade any longer[16]... [16]You're right![X][A][NL]The beauteous wanderer who's been your[NL]boon companion is none other than[X][16]...[X][16][A][NL]the jewel of the theocracy of Rausten,[NL]Princess L'Arachel herself![X][A][NL]I was acting under divine order to[NL]strike down evil in this land.[A][17][0B][16]......[16][A][NL]Is that so?[X][NL]But why did you[X][16]...[X][16][A][0F][800F][0D]The truth is[16]...[X][16][A][NL]The princess was enflamed by the words of[X][NL]the court troubadour, Saaga[X][16]...[X][16][A][NL]She forced us to allow her to journey[X][NL]forth anonymously on a quest for justice.[X][A][0B]I-I see[X][16]...[X][16][A][1D][0D]Princess.[X][A][NL]This is from King Mansel.[X][A]
0x0A7C	[0A][10]"[NL][0B][10][02][NL][0A][17]What's this? War funds?[X][A][NL]Oh, what a grand uncle.[X][NL]He's just so thoughtful.[A][17][15][0A][17]Princess Eirika of Renais.[NL]Rausten will not yield to Grado.[A][NL]Together, let us defeat the empire[NL]in the name of righteousness![X][A][17][8004][0D][10][04][NL][0D]Princess Eirika. Prince Innes.[NL]I've received word from the front.[A][NL]The palace of Jehanna was attacked by[X][NL]Grado forces and has surrendered.[X][A][8004][08][10][0F][NL][08]What?[X][NL]How did that[16]...[X][16][A][0B]And the queen?[NL]Is she safe?[A][0D]That remains unknown.[X][A][08]She may yet live.[X][NL]We must hurry.[A][0D]The palace has already been[X][NL]occupied by imperial troops.[A][NL]The Grado army is being led by[NL]Lyon, the imperial prince.[A][0B]Lyon?![A][0A]What is it, Eirika?[X][A][0B]It's nothing[16]...[X][16][A][02][NL][16]...[X][16]Lyon[16]...[X][16][A]
0x0A7D	[09][10];[NL][0C][10]C[NL][0C]Hey, Aias.[A][09]Caellach[16]...[X][16][A][0C]That was something awful.[X][A][NL]I never expected to see[X][NL]you get beaten so roundly.[A][09]Yes. It was a complete failure.[X][A][NL]The Rausten knights arrived far more[NL]quickly than I'd anticipated.[X][A][NL]But it doesn't matter, does it?[X][NL]Whether I won or lost?[A][NL]You were planning on abandoning[X][NL]me from the start, weren't you?[X][A][0C][16]...[X][16]Yeah, sorry.[A][NL]I'm not going to let things[X][NL]end for me here.[A][NL]I want to rise[16]... [16]To climb[NL]higher and higher.[A][02][NL]I will not be chained to my past.[X][NL]I will not be chained to you.[X][A][NL]I truly apologize, but you die[NL]here. Good-bye, my friend.[A]
0x0A7E	[09][10][06][NL][0C][10][19][NL][09]Oh, who are you?[A][0C]What? What?[X][A][09]Are you one of the locals? This is[NL]a dangerous spot. You should hide.[A][NL]Here, come with me.[X][A][0C]But[X][16]... [16]But I'm[X][16]...[X][16][A][09]I'm Franz, a Knight of Renais.[A][NL]What's your name?[X][NL]What are you doing here?[A][0C]I-I'm Amelia.[X][A][NL]I'm[X][16]... [16]Actually, I'm a Grado soldier.[NL]I'm supposed to be fighting you.[A][09]Really?[X][A][NL]So, uh, you're my enemy?[A][0C][16]...[X][16]I guess[X][16]...[X][16][A][NL]Are you[X][16]...[X][16][A][NL]Are you going to make[X][NL]me your prisoner?![A][09]No! No, I wouldn't do that.[X][A][NL]But[X][16]...[X][16]this is a problem.[A][0C]What should we do?[A][09]First of all, you must listen to[NL]me and do as I say.[X][A][NL]We'll talk to Princess Eirika later.[A][0C]What? NO![X][A][NL]My commander told me Eirika's a[X][NL]cruel and merciless fiend who[X][16]--[16][A][09]Oh, that's utter nonsense.[A][NL]I've never heard the princess[X][NL]utter an unkind word to anyone.[X][A][NL]I understand why you're frightened.[X][NL]You think we're the enemy.[A][NL]But if you'd only trust me[16]...[X][16][NL]Will you come with me?[A][0C]Mm[16]...[X][16][A][NL]Well, all right.[NL]I'll trust you, Franz.[A]
0x0A7F	[09][10][02][NL][0C][10][19][NL][09]Who are you?[A][0C]What? What?[X][A][09]Are you from around here?[X][A][NL]You should find someplace to hide.[NL]These men are after me. It's not safe.[A][0C]But[X][16]... [16]But I'm[X][16]...[X][16][A][09]Yes?[A][0C]I'm a Grado soldier. I'm here to[NL]stop the princess of Renais[X][16]...[X][16][A][09]Huh?[A][NL]You're with Grado?[A][0C]And you're Princess Eirika?[X][A][NL]But the commander said Eirika's[X][NL]a cruel and merciless fiend[X][16]...[X][16][A][09]What? No, I'm[X][16]...[X][16][A][NL][16]...[X][16]I don't know what Grado's[X][NL]officers have been telling you, but[X][16]...[X][16][A][NL]Our two countries are at war, so I[NL]suppose they can say what they want.[A][0C][16]...[X][16]Mistress Eirika[X][16]...[X][16][A][NL]I, uh, I surrender.[X][NL]I won't fight you.[A][09]Huh?[A][0C]I became a soldier because I admired[NL]General Duessel's sense of honor.[X][A][NL]But the general has been very opposed[X][NL]to this war from the beginning[16]...[X][16][A][NL]And now I see you, and you look so[NL]sad about all of this.[A][NL]I don't know what's right anymore.[A][02][NL]I'm just a soldier, but I want to[X][NL]decide for myself.[A][NL]I want to understand the truth[NL]myself, to see it with my own eyes.[X][A] [X][09][16]...[X][16]I see.[A][NL]So[16]...[X][16]does this mean you're coming with us?[X][NL]I suppose I should ask your name then.[A][0C]Amelia. Amelia of Silva.[A]
0x0A81	[09][10]-[NL][0C][10]P[NL][0C][16]...[X][16]I yield.[NL]The point is yours, Eirika.[X][A][NL]You're swift, aren't you?[X][NL]Compared to you, I'm[16]--[16][A][NL]I've been bested at fencing by a woman.[X][NL]Pitiful crown prince, am I not?[X][A][09]That's not true[X][16]...[X][16][A][0C]Oh, no, Eirika. It is. The people[X][NL]need a strong ruler.[A][NL]They don't want a weakling like me. They[NL]want the strength you and Ephraim share.[A][02][NL]My body is frail. I prefer to spend my[NL]time locked away in the castle, reading[X][16]...[X][16][A][NL]I think my father would be better served[NL]if someone else took my place.[A][NL]I'm sure all of our retainers feel[NL]the same[16]...[X][16][A][09]You're wrong, Lyon.[X][A][NL]An emperor without compassion will[NL]never hold the people's love.[X][A][NL]And one day, your compassion will[X][NL]surely save us all.[X][A][NL]I believe that.[X][A][17][0C]Eirika[16]... [16]Thank you.[A][02][NL]Yes.[NL]I[X][16]...[X][16]I will do my best.[A][NL]Even though I lack your strength,[X][NL]there must be some good I can do.[X][A][09]There is.[X][A][0C]By the way, Eirika[16]...[X][16][A][NL]If it please you, would you[X][NL]accept this?[A]
0x0A82	[09][10][02][NL][0C][10][04][NL][0C]Princess Eirika?[NL]Is there something wrong?[X][A][09]N-no.[X][NL]It's nothing.[X][A][8004][0C]Jehanna Hall has been completely[NL]occupied by Grado soldiers.[X][A][NL]I'm sorry to report that Queen[NL]Ismaire is already[16]...[X][16][A][0C][11][0B][10][0F][NL][0B]And the one giving orders to the troops[X][NL]in the palace is Crown Prince Lyon?[X][A][0D][10]"[NL][0D]What is there to give us pause?[X][A][NL]Should we not storm the palace and[NL]retake it by strength of arms?[A][0B]Frelia's spy network reports that Prince[NL]Lyon is an initiate of dark magic.[A][NL]If this is true, even approaching him[X][NL]will be a serious challenge.[A][NL]I'd heard the prince dislikes violence.[X][NL]However, it could all have been a ruse.[X][A][09][16]......[16][A][0B]Still, if we don't retake the palace,[X][NL]we've no hope of defeating Grado.[X][A][NL]We must rescue the queen, no matter[X][NL]the cost[16]...[X][16][A][09]I understand. Let's go![X][A]
0x0A83	[09][10]V[NL][0C][10]<[NL][0C]Queen Ismaire[X][16]...[X][16][NL]Please do not resist.[X][A][NL]I have no desire to see[X][NL]you harmed.[X][A][09]Carlyle[X][16]... [16]Why have you betrayed us?[X][A][NL]After all these years of loyal service[NL]as Jehanna's most decorated commander[X][16]...[X][16][A][02][NL]Without you, I could not have ruled these[X][NL]long years since my husband's passing.[A][NL]It was through your unwavering support[NL]alone that I still sit upon the throne.[X][A][NL]You are the cornerstone of Jehanna. You[X][NL]have held my trust more than any man.[X][A][NL]So tell me why. Why have you betrayed[X][NL]us? Why have you betrayed me?[X][A][0C]Your Highness[X][16]-- [X][16]No[16]...[X][16][NL]My queen[16]... [16]Ismaire[X][16]...[X][16][A][NL]It is your own fault.[X][A][02][NL]You are too lovely, my queen.[X][A][09]Carlyle[X][16]...[X][16][A][0C]The first time I met you,[X][NL]twenty years ago now[16]...[X][16][A][NL]I saw you in the garden[X][NL]of this very palace[X][16]...[X][16][A][NL]and I was bewitched.[A][NL]Your pale beauty far surpassed[NL]that of any flower.[X][A][02][NL]I was in the grips of an[NL]unforgivable desire[X][16]...[X][16][A][NL]You were the wife of my king, to[NL]whom I'd sworn life and loyalty.[A][NL]I told myself a grand lie that day.[X][A][NL]I told myself I could be happy simply[X][NL]serving you as your most loyal knight.[A][09][16]......[16][A][0C]After years of duty, years of service,[NL]years of[16]...[X][16]of silence[16]...[X][16][A][NL]I became aware once more of the feelings[NL]I'd buried deep within myself.[A][NL]How could I leave this world without[NL]expressing my true desires?[X][A][NL]Could anything be more desolate?[NL]More devoid of meaning?[X][A][NL]That is when I made my decision.[A][NL]I would follow my heart and claim[X][NL]your hand as my own.[A][09]Carlyle[X][16]... [16]You forget yourself.[A][NL]You ruin our country and kill our[X][NL]countrymen.[X][A][NL]Did you think I would be pleased? Did[X][NL]you think I would love you for this?[A][0C]I need no country. I care[X][NL]nothing for my countrymen.[A][NL]I can see nothing but you.[NL]If you would only be mine[X][16]...[X][16][A][09]Carlyle[X][16]...[X][16][A]
0x0A84	[09][10]k[NL][0C][10]$[NL][09]To arms, mercenaries. We're under attack![X][A][NL]You there! Ready your weapons![A][0C]What?!? No, no, no. That[NL]was never part of the deal.[X][A][NL]The only fight I'm here for is with[X][NL]the locks of the treasure chamber.[A][09]Hah[X][16]... [16]Don't get so excited.[X][A][NL]I doubt you mercenaries will see any[NL]action at all once we soldiers've finished.[X][A][09][11][0C]Yeah, great. You go do that.[A][NL]Whew[16]... [16]With all these soldiers around,[X][NL]I shouldn't have to lift a finger.[A][NL]I'll just sit here and wait for them[NL]to win the day. Then, I collect my pay![X][A][NL]No more being ordered around by that selfish[NL]princess and her moronic bodyguard.[X][A][NL]This is the life.[X][NL]Lady Luck loves me.[X][A][02][NL]But something doesn't feel right[16]...[X][16][A]
0x0A85	[09][10]<[NL][0D][10]F[NL][0B][10]C[NL][0B]Hey, Carlyle![X][A][NL]Impressive work you've done[X][NL]here. My compliments.[X][A][09][16]...[X][16]I gave you everything I promised.[X][NL]I opened the hall to your forces.[X][A][0B]Yes. The palace is mine.[A][NL]My palace[X][16]...[X][16][A][NL]Oh, how I do like the[X][NL]sound of that.[A][09]Do whatever you want with the[X][NL]royal treasury.[X][A][NL]The only treasure I wish to leave[X][NL]here with is the queen of my heart.[X][A][0B]Oh, yeah, about [93]your queen[94][16]...[X][16][A][NL]There's been a change of plans.[X][A]
0x0A86	[0B][10]V[NL][09][10]<[NL][0C][10]C[NL][1C][0B]Ah![X][A][0C]Don't move, Carlyle.[A][NL]You twitch, and the queen dies.[X][A][09]Blackheart! What is the[X][NL]meaning of this?[A][0C]Calm down. You'll get her back as[X][NL]soon as I'm done with her.[A][NL]Jehanna's Sacred Stone is around[NL]here somewhere.[X][A][NL]I've got to find it and destroy it.[X][A][NL]I need this woman to guide me to[NL]its hiding place.[X][A][09]Do not lay a hand on my queen![A][0C]Don't get so incensed.[NL]I'm not going to harm her.[A][NL]I'm not like that freak Valter.[X][NL]I'm kind to women.[A][NL]But if you make a wrong move, you'll[NL]lose your prize. Understood?[A][09]Yes[X][16]...[X][16][A][0C]There are some annoying pests outside[X][NL]who think to win back the hall.[X][A][NL]I want you to take care of them. Lose,[NL]and the queen will never be yours.[A][09][16]......[16][A][NL]If my queen comes to any[NL]harm in your care[X][16]...[X][16][A][0C]Yes, of course. I know all about[NL]the might of your sword arm.[A][NL]As long as the Sacred Stone is[NL]destroyed, you'll get all you ask for.[A]
0x0A87	[09][10]C[NL][0C][10]F[NL][0C][16]......[16][A][09]Greetings, Prince. Let's get going.[X][A][0C]Caellach[16]... [16]You will put an end[X][NL]to this.[A][NL]Destroying the Sacred Stones[NL]is[16]...[X][16][A][02][NL]Ugh[X][16]...[X][16]ack[X][16]...[X][16][A][09]What's this? Are you still ill?[X][NL]You know, you're not very princely.[X][A][NL]C'mon. Follow me.[X][A][0C]Caellach[16]...[X][16][A]
0x0A8B	[09][10]V[NL][0C][10]C[NL][0C]This is as good a place as any.[X][A][NL]All right, Your Majesty.[NL]Hand over the Sacred Stone.[X][A][09][800A][08][16]...[X][16]I know nothing of the[X][NL]Sacred Stone's keeping place.[X][A][0C]Don't waste my time. My partner[X][NL]here sees everything.[X][A][NL]When the rebellion began, you went[NL]straight to the palace altar.[X][A][NL]You had hoped to prevent us from[NL]smashing the Sacred Stone.[A][NL]But you have the Stone of Jehanna[X][NL]with you right now, don't you?[A][08][16]......[16][A][0C][800D][0B]Hand it over. Cooperate,[NL]and I'll let you live.[A][08][16]...[X][16]I cannot.[X][A][0B]Oh, give it up, will you?[X][NL]I've no time for games.[X][A][NL]If you resist, I'll just kill[X][NL]you and take it anyway.[X][A][0D][10]F[NL][0D]H-hold![X][A][NL]You mustn't harm her, Caellach[16]...[X][16][A][0B]Shut up, Prince. My orders come[X][NL]from higher than you.[X][A][NL]You're not going to start[X][NL]disobeying his word, are you?[X][A][0D][16]......[16][A][0B]Last chance.[A][NL]Give me your[NL]Sacred Stone.[X][A][08][16]...[X][16]I cannot.[X][A][0B]Ha ha![NL]A queen to the end.[X][A][NL]I like you.[X][NL]You've got guts.[A][02][NL]Good-bye.[X][A][0D]Ah![X][A]
0x0A8C	[0C][10]C[NL][0C]And here's the Sacred Stone.[A][NL]That makes two for me. I'm on[X][NL]a roll now.[X][A]
0x0A8D	[0E][10]V[NL][0D][10]F[NL][0B][10]C[NL][0B]And another Sacred Stone[NL]has been destroyed.[X][A][NL]Grado, Frelia, and[NL]now Jehanna[X][16]...[X][16][A][NL]Only two stones remain.[X][A][0E]Uuh[X][16]...[X][16]ahh[X][16]...[X][16][A][0D][800C][0A]Ah[16]...[X][16][NL]What should I do?[X][A][NL]C-Caellach[16]...[X][16][NL]You must help her.[A][0B]Leave her.[A][NL]Let her last breath be a harsh and ragged[X][NL]rasp. She's not long for this world.[A][NL]Why, if you really wanted to help her,[NL]you'd deliver the final blow yourself![A][15][0A][11][0A][10]F[NL][0A]N-no.[X][NL]I couldn't.[X][A][0B][16]...[X][16]What a joke.[A][NL]I have a little work to wrap up[X][NL]in the hall before we leave.[A][NL]You should hit the road pretty[NL]soon, too, Prince.[A][0B][11][0A][16]......[16][A]
0x0A8E	[09][10][02][NL][0D][10][0F][NL][0B][10]"[NL][09]I wonder where[NL]Queen Ismaire is.[X][A][0D]I heard she was in the throne[X][NL]room, but there's no sign of her.[X][A][NL]And there's no Sacred Stone, either.[A][0B]We must search quickly.[X][A]
0x0A8F	[08][10][02][NL][0B][10]F[NL][0B]Ah[16]...[X][16][A][08]Lyon![X][A][0B]Eirika[16]...[X][16][A][0B][800E][08][800B][09]Wait, Lyon![X][NL]Don't run away![X][A][NL]My brother and I have been[NL]so worried about you[16]...[X][16][A][NL]We know more than anyone the[NL]gentleness of your spirit.[A][NL]Your father is deranged, isn't he?[NL]That's why Grado invaded Renais, right?[X][A][NL]Tell me, Lyon[X][16]... [16]Please[16]...[X][16][NL]Tell me what has happened.[A][0C]I'm sorry, Eirika.[A][NL]I've wanted to see you and[NL]Ephraim for so long now[X][16]...[X][16][A][NL]I wanted to see you so that[X][NL]I could apologize.[A][NL]The invasion of Renais[16]...[X][16][NL]I couldn't stop it.[X][A][NL]I'm sorry, but I still cannot[X][NL]talk to you. Not yet[16]...[X][16][A][09]You[X][16]... [16]You have a reason, don't you?[X][A][0C]Mm[16]...[X][16][A][NL]I can't talk about it now, but[16]...[X][16][A][NL]I promise I will tell[X][NL]you everything someday.[X][A][09]I see[X][16]...[X][16][NL]I believe you, Lyon.[A][02][NL]I must tell you, I'm a little relieved.[X][A][NL]I was afraid you'd changed as much as[X][NL]your poor father has. I'm so glad.[A][0C]Me, too, Eirika[X][16]...[X][16][A][NL]No, you have changed.[X][A][NL]You're even more beautiful[NL]than you were before.[X][A][09]L-Lyon[16]...[X][16][A][0C]I'm sorry, I have to go.[NL]But please remember this.[X][A][NL]This war started because I was[NL]too weak to stop it, but[16]...[X][16][A][NL]I'll always be your friend.[X][A][0C][11][09]Lyon[16]...[X][16][A]
0x0A90	[09][10][02][NL][0C][10]"[NL][0C]Eirika, what are you doing? It seems[NL]Queen Ismaire has been found.[X][A][NL]This way![X][A][09]Y-yes. Coming![A]
0x0A91	[0E][10][02][NL][08][10][0F][NL][0D][10][04][NL][0B][10]W[NL][1C][08]Queen Ismaire[X][16]...[X][16][A][NL]Is she[16]...[X][16][A][0D]We're too late.[X][A][NL]Her injuries are[16]... [16]She[X][NL]will not last much longer.[A][8004][0B][16]...[X][16]Jo[16]...[X][16]Joshua[16]...[X][16][A][02][NL][16]...[X][16]Joshua[16]...[X][16][A][0E][800C][0A]Queen Ismaire![A][0B][801E][0B]Oh, Joshua[16]...[X][16][NL]Where is[16]...[X][16]that boy[16]...[X][16][A][0A]Queen Ismaire[X][16]...[X][16][A][0B]Please forgive me, Joshua[X][16]...[X][16][A][NL]I was a foolish mother[16]...[X][16][A][NL]I was so intent on being queen that[X][NL]I spared no time to be your mother.[X][A][02][NL]But I loved you nonetheless[X][16]...[X][16][NL]Please understand[X][16]...[X][16][A][0A][11][08][11][1D][0A][10]*[NL][08][10][02][NL][1C][0A][16]......[16][A][NL]I know, Mother.[X][A][08]Joshua[16]...[X][16][A][0B]Joshua[16]...[X][16][A][NL]It really is you[16]...[X][16][NL]Joshua[16]...[X][16]my son[16]...[X][16][A][0B][801D][0B][801E][0A]I'm sorry, Mother. I should never have[NL]left you. I've no excuse[16]...[X][16][A][NL]I wanted to see the world as a man, not[X][NL]as a prince. I wanted to be worthy.[X][A][NL]I planned on returning to your side[X][NL]afterward[X][16]...[X][16][A][NL]I was so foolish. If I'd been here,[X][NL]I could have[16]--[16][A][0B]No, it's fine.[NL]You're here now[X][16]...[X][16][A][NL]Listen to me, Joshua.[X][A][02][NL]The Stone of Jehanna has[16]...[X][16][NL]been destroyed.[X][A][NL]The one who tempted Carlyle is[NL]responsible[X][16]...[X][16][A][0A]What?[X][A][NL]Who was it?[X][A][0B][16]...[X][16]Carried a dark stone[16]...[X][16][A][NL]It is[X][16]...[X][16]the origin of all this[16]...[X][16][A][NL]It should not exist[X][16]...[X][16][A][02][NL]Joshua[16]...[X][16]you must[16]...[X][16][A][NL]Our country[X][16]...[X][16]our people[16]...[X][16][A][0A]I understand, Mother.[X][A][0B]Thank you[X][16]...[X][16]Joshua[16]...[X][16][A][NL]I have something[16]...[X][16][NL]Something I must give you[X][16]...[X][16][A][0A]This is[X][16]...[X][16][A][0B]It's one of the Sacred Twin relics,[X][NL]unique to House Jehanna[X][16]...[X][16][A][NL]He who would rule our land[NL]must possess it[X][16]...[X][16][A][NL]I've watched over it since your[X][NL]father passed away.[X][A][NL]I kept it safe and waited for this[NL]day to come[X][16]...[X][16][A][0A]Mother[16]...[X][16][A][NL]I have it now.[A][NL]I understand its meaning[16]...[X][16][A][0B]Joshua[16]...[X][16][A][NL]My[16]...[X][16]dear, sweet child[X][16]...[X][16][A][0B][801D][0B][11][0A]Mother[16]...[X][16][A]
0x0A92	[0A][10][0F][NL][08][10][02][NL][0B][10]*[NL][0D][10]"[NL][1C][0B]It's been more than ten years.[A][02][NL]I'd grown tired of the formality of[X][NL]palace life, so I[X][16]...[X][16]just left.[A][NL]I wrote a farewell and left the palace,[X][NL]taking nothing with me.[X][A][NL]I felt I could never understand the people[NL]while I stayed sequestered in a castle.[X][A][NL]I abandoned my identity and roamed[NL]the continent, working where I could.[X][A][NL]I wanted only to be worthy of becoming[NL]king. I knew one day I would return.[A][02][NL]Gods, I was so foolish! I was such[NL]a child, I see it now.[A][NL]Was I simply rebelling against my mother?[X][NL]Punishing her for tending to her duties?[A][08][16]......[16][A][0B]I was a fool, yes, but I learned much[X][NL]over these ten years.[X][A][NL]I have learned about the hearts of our[NL]people, how they need to be governed.[X][A][NL]I have learned how our country needs[NL]to change and to grow.[A][NL]I have learned much, but I've lost[NL]much more. Mother[X][16]...[X][16][A][08]Prince Joshua[X][16]...[X][16][A][0B]I made a promise. I want to continue[NL]what she began.[X][A][NL]I will help defeat Grado. I will defend[X][NL]Jehanna and her allies.[X][A][NL][16]...[X][16]I know it doesn't sound like me, but[16]...[X][16][A][0A]On behalf of Frelia, I came to Jehanna[NL]with a letter to the throne.[A][NL]I give it to you.[X][A][NL]Prince Joshua of Jehanna[16]...[X][16][NL]Let us fight together.[A][0D][17]Renais, Frelia, Rausten, and Jehanna.[X][A][NL]Four nations[16]...[X][16]united![X][A][17][08]Yes, I suppose that's true. And[X][NL]my brother is with us as well.[A][NL]And if it were possible[X][16]...[X][16][A][02][NL]Lyon[16]... [16]I wish you could be[X][NL]here with us, too.[A]
0x0A93	[0B][10][02][NL][0D][10]*[NL][09][10]j[NL][09]Fire![X][A][NL]Fires have broken out[X][NL]all through the hall![X][A][0D]What?[X][A][09]The curtains were soaked in oil, with[X][NL]torches set about the hall. It's a trap![A][NL]Someone did this during all the fighting.[X][A][NL]You must flee! Quickly, before the[NL]flames engulf us all![X][A][09][11][15][8004][09][10][04][NL][09]Princess Eirika.[NL]We must evacuate[16]...[X][16][A][0B]I know.[X][NL]Joshua, we must go. Now.[A][0D]No[16]...[X][16][A][NL]Mother[16]... [16]Forgive me.[X][A]
0x0A94	[0E][10][02][NL][08][10][0F][NL][0D][10][04][NL][0B][10]W[NL][1C][08]Queen Ismaire![A][NL]Is she[16]...[X][16][A][0D]We're too late.[X][A][NL]Her injuries are[16]... [16]She[X][NL]will not last much longer.[A][8004][0B][16]...[X][16]Jo[16]...[X][16]Joshua[16]...[X][16][A][02][NL][16]...[X][16]Joshua[16]...[X][16][A][0E][800C][0A]Queen Ismaire![A][0B][801E][0B]Oh, Joshua[16]...[X][16][NL]Where is that[X][16]...[X][16]child[X][16]...[X][16][A][0A]Queen Ismaire[X][16]...[X][16][A][0B]Missing[X][16]...[X][16]as always[X][16]...[X][16][A][NL]Of course[X][16]...[X][16][NL]Would that he were here.[A][NL]Who are[X][16]...?[16][A][0A]Eirika[16]...[X][16][NL]Princess Eirika of Renais.[A][0B]You must listen[X][16]...[X][16][A][02][NL]The Stone of Jehanna has[16]...[X][16][NL]been destroyed.[X][A][NL]The one who tempted Carlyle[X][NL]has crushed it[16]...[X][16][A][0A]Jehanna's Sacred Stone, too?[A][0B]The dark stone[16]... [16]Carried a dark stone[16]...[X][16][A][NL]It is[X][16]...[X][16]the origin of all this[16]...[X][16][A][NL]It should not exist[X][16]...[X][16][A][0A]A dark[16]...[X][16]stone?[A][0B]Princess Renais[X][16]...[X][16][NL]Eirika[16]...[X][16][A][NL]I have something[16]...[X][16][NL]Something you need take[X][16]...[X][16][A][0A]This[16]...[X][16][A][0B]It's one of the Sacred Twin relics,[X][NL]unique to House Jehanna[X][16]...[X][16][A][NL]He who would rule our land[NL]must possess it[X][16]...[X][16][A][NL]I've watched over it since my[X][NL]husband passed away.[A][NL]I've kept it safe, waited for the[X][NL]day I could give it to Joshua[X][16]...[X][16][A][NL]But[X][16]...[X][16]now[X][16]...[X][16][NL]I[X][16]...[X][16][A][0A]Queen Ismaire![A][0B]Joshua[16]...[X][16][A][NL]My[16]...[X][16]dear, sweet child[X][16]...[X][16][A][0B][801D][0B][11][0A]Queen[X][16]...[X][16]Ismaire[X][16]...[X][16][A]
0x0A95	[0C][10][02][NL][09][10]j[NL][09]Fire![X][A][NL]Fires have broken out[X][NL]all through the hall![X][A][0C]What?![A][09]The curtains were soaked in oil, with[X][NL]torches set about the hall. It's a trap![A][NL]Someone did this during all the fighting.[X][A][NL]You must flee! Quickly, before the[NL]flames engulf us all![X][A][09][11][15][8004][09][10][04][NL][09]Princess Eirika.[NL]We must evacuate[16]...[X][16][A][0C]I understand.[X][NL]Come on, everyone! Let's go![A]
0x0A96	[0B][10][02][NL][0B]Is everyone well?[X][NL]Did anyone get left behind?[X][A][0A][10]"[NL][0A]We all made it. It's so smoky that[NL]it's hard to tell, but we're here.[A][NL]What a cowardly act, setting[NL]fire to the palace hall.[A][NL]But we've escaped without injury.[X][NL]The enemy's trap has failed.[A][0D][10][0F][NL][0D][16]...[X][16]No, it hasn't.[A][NL]Assemble the troops now.[NL]The enemy is coming.[A][0A]What did you say?[X][A][0D]This is the reason for the fire.[NL]To drive us from the palace.[A][NL]They'll be attacking soon. No[X][NL]other plan makes sense.[X][A][0A]How is it that you know that?[X][A][08][10][04][NL][1C][08]Princess Eirika.[A][02][NL]I've just received word that Grado[NL]reinforcements are headed this way.[X][A][02][NL]There are two armies, led by Generals[X][NL]Valter and Caellach.[A][0B]No![X][A][0D]Two armies[16]...[X][16][A][NL]They're willing to send so many here[NL]and leave the capital defenseless?[A][0A]Why does everyone seem so distraught?[X][NL]It matters not who stands in our path.[A][NL]We shall smite them all with the[NL]power of righteousness![X][A][08]Princess Eirika[X][16]... [16]It's going to be[NL]very difficult for us to continue.[A][NL]One of Grado's generals alone is[NL]more than a match for us.[X][A][NL]Compound that with the exhaustion of[NL]our troops, and I'm not sure we can[X][16]--[16][A][0D]Bah[X][16]...[X][16][A][NL]With Jehanna Hall in flames, we've no place[X][NL]to hole up and dig in for a siege.[A][NL]We have to retreat. We have to win[NL]ourselves time to form a plan.[A][NL]Grado sent two generals[X][16]... [16]What could[NL]be happening in their capital?[A][NL]And what of Ephraim?[NL]Is he still alive?[A][0B][16]...[X][16]Brother[X][16]...[X][16][A]
0x0A98	[09][10]$[NL][0C][10][02][NL][09][17]Hey, that's a comely lass.[NL]Think I'll have a few words[X][16]...[X][16][05] Wait.[A][NL]Er, haven't I met you before?[X][A][17][0C]You[X][16]...[X][16][A][NL]You were traveling with[X][NL]L'Arachel before, weren't you?[A][09]Oh, yeah[16]... [16]Renais[16]...[X][16][A][NL]I've got to get[X][16]--[16][A][0C]L'Arachel is traveling with us.[X][A][NL]Shall I let her know you're here?[X][A][09]Uh, no! Wait a moment! You[16]...[X][16][NL]You don't have to bother her.[X][A][NL]Actually I wanted to ask you something.[X][NL]How would you like to hire me?[A][NL]The name's Rennac. I'm a world-class thief,[X][NL]and proud of it. A man of many talents.[X][A][NL]Lockpicks are for amateurs. I can pick[NL]chests and doors with my bare hands.[A][NL]And I'm better with a blade than[NL]most swordsmen.[X][A][0C]Uh[16]...[X][16][A][09]I'm a useful fellow to have around. And[X][NL]cheap, too! Only 9,980 gold![A][NL]Well, what do you think?[A][0C]9,980 gold?[X][A]
0x0A99	[09][10]$[NL][0C][10][02][NL][09]Oh, you again.[A][NL]How about it?[X][NL]Do you have 9,980 gold?[X][A]
0x0A9A	[0C]I'm afraid I only have[16]...[X][16][A][09]Oh, oh[16]... [16]I see.[A][NL]That's a bit surprising. I didn't[X][NL]figure you for having money problems.[X][A][NL]Such is life, eh? Come back and see[X][NL]me when you've raised the gold.[X][A]
0x0A9B	[0C]Should I hire him?[NL][18]
0x0A9C	[0C]Fine. I'll pay the 9,980 gold.[A][09]Very good! You know a bargain[X][NL]when you see one, don't you?[A][NL]Not at all like a certain pious[X][NL]princess I know.[A][0C]Were you speaking of L'Arachel?[X][A][09]Uh, no[16]... [16]Idle chitchat about that[NL]lass is bound to land me in hot water.[A][NL]Right, then! You're my new boss.[A][NL]Point out any doors or chests, and[NL]get out of my way![A]
0x0A9D	[0C]After a moment's thought[16]...[X][16][A][NL]There's no way you can be worth[X][NL]that much gold. Never mind.[X][A][09]Oh, no? What a shame. It's[NL]your loss. Truly, it is.[A][NL]Give a holler if you[NL]change your mind.[X][A]
0x0A9E	[09][10]@[NL][09]The Stone of Frelia has already[X][NL]been taken care of[16]...[X][16][A][NL]How is it the Stone of Renais[X][NL]continues to elude us?[A][15][09]Glen.[X][NL]Valter.[X][A][NL]Find the children of Renais.[A][NL]Find them and take from them[NL]the bracelets that they wear.[X][A][NL]Glen, take Eirika. Valter, take[X][NL]Ephraim. Find them. Conquer them.[X][A][0C][10]K[NL][0C]Yes, Your Majesty[X][16]...[X][16][A][0C][11][0C][10]B[NL][0C]Ha ha[X][16]...[X][16][17] Eirika, eh?[A][NL]She's a ripe little peach.[A][NL]And her brother, Ephraim[16]...[X][16][NL]He's better prey than I'd imagined.[X][A][NL]I can feel my blood rushing at the[NL]thought. This might be fun after all.[X][A][17][0C][11]
0x0A9F	[09][10]@[NL][09]Caellach.[X][NL]Riev.[X][A][NL]Shatter the remaining[X][NL]Sacred Stones.[A][NL]Caellach, take Jehanna.[X][NL]Riev, take Rausten.[X][A][NL]Go. Crush the Sacred Stones[X][NL]they house.[X][A][0C][10]H[NL][0C][17]Heh heh heh[X][17][16]... [16]As you will.[A][NL]I'll begin making arrangements for[NL]Rausten's downfall immediately[16]...[X][16][A][0C][11][0C][10]C[NL][0C]Bah! Why am I stuck with Jehanna?[X][NL]Accursed ill luck.[A][NL]I became a mercenary to escape that[X][NL]wretched place, and now I must go back?[X][A][0C][11]
0x0AA0	[09][10]@[NL][09]Duessel.[A][NL]Go to Frelia.[X][A][NL]Punish the Frelian army[X][NL]and their commander, Ephraim.[X][A][0C][10]%[NL][0C]Begging your pardon, Your Majesty[X][16]...[X][16][A][NL]Now that you've conquered Renais, what[NL]are your plans for her citizens?[A][NL]The country is in ruins. Thieves and[NL]bandits swagger about as if[X][16]--[16][A][09]Leave them[16]...[X][16][A][15][0C][800D][0B]But, sire[X][16]...[X][16][A][0D][10]?[NL][0D]Sir Duessel. The emperor[NL]has spoken. Please[16]...[X][16][A][0B][16]......[16][A][0B][11][09]Selena.[X][NL]Remain here in the capital.[X][A][NL]We shall have new orders[NL]for you shortly.[A][0D]Understood.[X][A]
0x0AA1	[0D][10]F[NL][0B][10]@[NL][09][10]%[NL][1C][09]Please, Your Majesty![X][A][NL]Grant me the privilege of[X][NL]a single question.[A][0B][16]......[16][NL][16]...[X][16]You vex us.[X][A][09]Your Majesty, you know that I will gladly[X][NL]lay down my life for an honorable cause![A][NL]But these orders[16]--[16]and all of our[NL]recent actions[16]--[16]they are not just![A][NL]If I saw any way in which this invasion[X][NL]protected Grado, I would hold my tongue.[A][NL]But now, Renais is left ungoverned to[X][NL]drown in chaos, and we gain nothing![A][NL]Why do you wage this war? What is it you[NL]hope to achieve?[A][NL]You've sent our men to fight and die for[NL]nothing! This isn't war[X][16]--[16]it's murder![A][0B][16]...[X][16]Duessel.[A][NL]This decision is ours to make.[A][NL]You have no voice in these matters.[X][A][09]Punish me if you must, Your Majesty,[NL]but I implore you![A][NL]Please rethink this!! If this[X][NL]continues, Grado will[X][16]--[16][A][0B]Duessel.[A][NL]Go to Frelia.[X][A][NL]Crush the Frelian army and he[X][NL]who leads them, Prince Ephraim.[X][A][09]Your Majesty![X][A][0B]Have you gone deaf?[X][A][02][NL]Duessel.[A][NL]Go to Frelia.[X][A][NL]Crush the Frelian army and he[X][NL]who leads them, Prince Ephraim.[X][A][09][16]......[16][A][NL]Yes, Your Majesty.[A][09][11][0D][16]......[16][A]
0x0AA2	[09][10]=[NL][0C][10]k[NL][0C]Commander Gheb![X][A][NL]We captured a pegasus knight[NL]snooping about outside.[X][A][0C][11][0B][10],[NL][0D][10]k[NL][0B][800D][0B]Let me go! Stop it![X][NL]That hurts![X][A][09][17]Ooooh[X][16]...[X][16][A][NL]You didn't tell me she was[NL]such a treat for the eyes.[A][NL]Heh heh[X][16]...[X][16][NL]This is a prize worth catching.[X][A][17][0B]I-I came for Ephraim.[X][A][NL]If you do anything to me,[X][NL]he will not be merciful.[A][09][17]Heh heh[X][16]... [16]I like her.[X][NL]Throw her in a cell.[A][NL]I'll spend the evening giving[X][NL]her a thorough interrogation.[X][A][NL]Heh heh heh[X][16]...[X][16][A][17][0B][800D][0B]You b-beast![A]
0x0AA3	[09][10][14][NL][0C][10][04][NL][0C]That is Fort Rigwald.[X][A][NL]It has stood unconquered for generations.[X][NL]Its defenses are legendary.[X][A][NL]It is the jewel of Grado's fortifications,[NL]and its walls have never been breached.[X][A][09]And if we don't capture it, any attack[NL]on the capital will be pointless.[X][A][NL]Tell me what you see, Seth.[X][NL]Do we have the power to take it?[A][0C]It's a daunting task.[X][A][NL]The enemy has the advantage of[NL]both terrain and numbers.[X][A][09]But what about in morale?[X][A][0C]Do you suspect the soldiers[X][NL]may be unwilling to fight?[A][09]Anything's possible.[A][NL]This war is a sudden thing, but Grado[X][NL]and Renais had long been friendly.[A][NL]Before these hostilities, our nations were[NL]allies[16]... [16]No, closer even than that.[A][NL]This is the emperor's war, but the hearts[X][NL]of the people are not so swift to change.[X][A][02][NL]For example, General Duessel, one of the[NL]Imperial Three they call Obsidian[X][16]...[X][16][A][NL]He was the one who taught me what I[X][NL]know about fighting with the lance.[X][A][NL]Duessel's sympathies are sure to remain[X][NL]with Renais[X][16]--[16]and with our cause.[X][A][NL]He is loyal to Grado, but he has no love[NL]of war. I'm sure he will speak with me.[X][A][0C][16]......[16][A][09]And more than that, Prince Lyon[X][NL]has been my friend for years.[X][A][NL]He can be timid at times and perhaps[NL]was unable to oppose his father in this.[A][NL]But I'm sure he detests this fighting[X][NL]and shares my opinions.[X][A][0C]Prince Ephraim[16]...[X][16][A][09]There must be some Grado soldiers within[NL]the castle who do not want to fight.[A][NL]If we can rush the fort and seize the[X][NL]throne room, I believe they will surrender.[X][A][0C][16]...[X][16]Optimism here may be deadly.[A][NL]Still, it's a far better plan than[NL]challenging the main army face-to-face.[X][A][09]Eirika is on her way to Rausten[X][NL]to help end this conflict.[A][NL]We cannot afford to wait here[X][NL]for much longer.[A][NL]We must take this fort and then[X][NL]press on to the capital itself.[X][A][NL]Let's go![X][A]
0x0AA4	[0E][10]m[NL][0B][10]k[NL][0E]Attack! We're under attack![X][NL][16]...[X][16]Looks to be Frelian troops.[X][A][NL]Their commander is[16]...[X][16][NL]Prince Ephraim of Renais![X][A][0B]Renais? This whole thing stinks.[A][NL]My younger sister and her husband[X][NL]were living in Renais[X][16]...[X][16][A][15][0B]What is the emperor thinking,[X][NL]starting this war? I think[16]--[16][A][0F][10]=[NL][0F][16]...[X][16]Hey.[A][0B]Ah![X][A]
0x0AA5	[09][10]k[NL][0C][10]=[NL][0C]Yeah, I heard you. Talking[NL]about not fighting, are you?[A][NL]Losing your nerve?[A][NL]The punishment for treason is[X][NL]harsh. You'll burn at the stake.[A][09]B-but[X][16]--[16][A][NL]It's not just me! Even General[NL]Duessel is opposed to this war![X][A][0C]Duessel? You'd side with that[X][NL]washed-up coward?[X][A][NL]And who is your commanding[NL]officer? Is it Duessel?[X][A][NL]Come on, out with it![X][A][09]Y-you are, Sir Gheb.[A][0C]That's right. So that should make it[NL]clear whose orders you follow, eh?[A][02][NL]You got that, dolts? If you do,[X][NL]then shut up and get in formation.[A][NL]No one cares whether you minnows[NL]live or die anyway. Got it?[X][A]
0x0AA6	[09][10][19][NL][0C][10]=[NL][09][800B][09]W-wait a moment![A][NL]That's a horrible[X][NL]thing to say![X][A][0C]And who are you supposed to be?[X][A][NL]Your name! Out with it![X][A][09]I-I'm Amelia[16]...[X][16][A][NL]I was assigned to this[NL]fort today![X][A][NL]I am a soldier of Grado.[NL]I am not a slave![X][A][0C][800D][0B][17]What's this now?[NL]You're a girl?[A][NL]You've got a lot of nerve talking[X][NL]like that to your commander, recruit.[X][A][NL]Looks like I'm going to have to teach[X][NL]you about the chain of command.[X][A][17][09][800A][08]Ah[16]...[X][16][A][0F][10]k[NL][0F][800F][0D]Commander Gheb![X][NL]Enemy troops approaching![X][A][0B]Grrr! Stinking interruptions[16]...[X][16][A][NL]Form up, you useless worms. Don't[X][NL]let those dogs near the throne.[X][A][02][NL]Grado cannot afford to lose a[X][NL]brilliant tactician of my stature![A][NL]No one will blink if any of you[X][NL]worthless toads dies. But if I die[16]--[16][A][NL]You should be happy to fight, kill,[X][NL]and die in my service![A]
0x0AA7	[0C][10][19][NL][09][10]k[NL][0C]I became a soldier to honor the emperor,[NL]General Duessel, and the people of Grado.[X][A][NL]But this[16]...[X][16]this is wrong![A][09]That's the lot of a soldier. We're pawns[NL]in the games of kings and emperors.[X][A][NL]We fight as ordered, and we die as[NL]ordered. That's it.[X][A][NL]C'mon, time to go.[A]
0x0AA8	[0C][10],[NL][0C]Oh, what a fool I've been[X][16]...[X][16][A][NL]I came all this way to help Ephraim,[NL]and I end up getting captured again.[A][02][NL]That General Gheb had the creepiest[X][NL]eyes[16]...[X][16]and that laugh! Oh![X][A][NL]Hurry, Ephraim[16]... [16]Please.[X][NL]Hurry and rescue me.[A]
0x0AAA	[09][10]=[NL][09]Wh-what was that?[X][A][NL]You piece of trash, what[NL]do you think you're doing?[A]
0x0AAC	[09][10][14][NL][0C][10][04][NL][0C]Prince Ephraim, the rest of the[X][NL]enemy troops have been routed.[A][09]Bring me one of the prisoners.[NL]I have a question I need answered.[A]
0x0AAD	[09][10][14][NL][0C][10]k[NL][0C][16]......[16][A][09]I'm going to ask you a question. If[X][NL]you've no wish to answer, remain silent.[A][NL]If you wish this conflict to end quickly,[X][NL]however, you will cooperate.[A][0C][16]......[16][A][NL][16]...[X][16]What do you want?[X][A][09]Why has Grado invaded Renais?[X][A][0C][16]...[X][16]I can't say.[A][NL]This war began on the[X][NL]emperor's orders.[X][A][NL]Soldiers like me haven't the[NL]foggiest idea what he's after.[A][09]Then tell me this:[NL]where is General Duessel?[X][A][0C]In the capital. The general's been[NL]opposed to this war from the start.[X][A][NL]He's been pleading with the emperor for[X][NL]days now, but the emperor ignores him.[A][NL]They say some are questioning the[X][NL]general's loyalty.[A][NL]He's putting his standing[X][16]--[16]and his life[16]--[16][NL]in danger by being so vocal.[A][09]Is that so[16]...[X][16][A][NL]Well, it appears General Duessel remains[NL]the same true man I knew before.[A][15][09]What about Prince Lyon? Where's[X][NL]he been through all of this?[A][NL]Why didn't he do anything to[NL]temper his father's aggression?[X][A][8004][0C][16]......[16][A][02][NL]According to rumors[X][16]...[X][16][A][NL]Emperor Vigarde was convinced to start this[X][NL]war by none other than the prince himself.[A][8004][09]What did you say?[X][A][02][NL]That's ridiculous![A][NL]I know Prince Lyon well. No one[X][NL]hates fighting more than he does.[X][A][NL]He would never do anything to[X][NL]trigger all this bloodshed![X][A][0C][11][0C][10][04][NL][0C]Prince Ephraim, please calm down.[X][A][09][16]...[X][16]I'm sorry.[A]
0x0AAE	[09][10][14][NL][0C][10][04][NL][09]We leave the prisoners and the[NL]fort to the Frelian troops.[X][A][NL]Seth, I intend for us to press[NL]on toward the capital.[A][NL]At some point, I expect we'll[X][NL]find either Duessel or Lyon.[A][NL]I'm sure we can convince them to[NL]join us in stopping Emperor Vigarde.[A][0C]Understood. But I have[NL]misgivings, my prince.[A][NL]General Duessel and Prince Lyon[X][NL]are both men of Grado.[A][NL]If we are forced into conflict[NL]with them[X][16]...[X][16][A][09]It won't happen.[A][NL]Duessel was my teacher, and I know[NL]he is a man of character.[X][A][NL]And I've known Lyon since we were children.[X][NL]He, Eirika, and I are old friends.[A][0C][16]......[16][A][09]I understand your concerns.[X][A][02][NL]If worse comes to worst and steel[X][NL]is drawn, I will not hesitate.[A][NL]I'll fight and kill anyone who[NL]thinks to oppose me.[A][02][NL]Are you satisfied, Seth?[A][0C]Yes[X][16]...[X][16][NL]I apologize for my rudeness.[A][NL]Your father is gone, and that[X][NL]means you are king of Renais.[X][A][NL]There is no other.[A][NL]I just ask that you not throw[X][NL]yourself into needless danger.[A][09]I hear you.[X][A][NL]The decisions I make affect[X][NL]more than my own life.[A][NL]Once this war is finished, I will[X][NL]rebuild Renais with Eirika.[X][A][NL]That is my mission.[X][A]
0x0AAF	[09][10][14][NL][0C][10]&[NL][09]Myrrh.[A][0C]What is it?[X][A][09]You must return to Frelia.[A][NL]I cannot take you any farther[X][NL]on this journey.[A][0C]What?[X][A][NL]No. I want to[X][NL]stay with you[X][16]...[X][16][A][09]No, Myrrh.[A][NL]I'm continuing on to the Grado capital.[X][NL]It's going to be very dangerous.[A][NL]I can't protect you[X][16]--[16]not as well as[NL]I'd like to, anyway.[A][0C]Everything comes from that direction.[X][A][NL]I can feel my lost dragonstone[16]...[X][16][NL]And that's not all.[X][A][NL]The dark energy still flows unchecked[X][16]...[X][16][A][02][NL]I cannot go home while it[X][NL]stains the air[16]...[X][16][A][09]But[X][16]...[X][16][A][0C]Please, Ephraim.[A][09][16]...[X][16]Very well. Ah, I simply[X][NL]cannot refuse you anything.[X][A][NL]Your eyes remind me too[X][NL]much of Eirika.[X][A][NL]You must not stray from my[NL]side, do you understand?[A][0C]Yes, I will not stray[X][16]...[X][16][A]
0x0AB0	[0C][10]?[NL][09][10]@[NL][09]Selena.[X][A][NL]Your orders.[A][0C]I am ready, Your Majesty.[X][A][NL]In your service, I am[X][NL]prepared to do[16]--[16][A][09]Duessel has left for Bethroen.[A][NL]Take a battalion and follow him.[A][0C]Understood. When I arrive, I will[X][NL]place my troops at his disposal.[A][09]No[16]... [16]You will not.[X][A][NL]You will strike[X][NL]Duessel down.[X][A][0C]Wha[X][16]...[X][16][A][09]Duessel is a traitor.[X][A][NL]He has abandoned his country[NL]and sided with Renais.[A][NL]The punishment for treason[NL]is death.[X][A][0C]B-but[X][16]...[X][16][A][NL]General Duessel a traitor?[NL]That's just not possible![X][A][NL]There must be a mistake[X][16]...[X][16][A][09][16]......[16][A][0C]No[16]... [16]I did not mean that you[X][NL]are mistaken, Your Majesty.[X][A][NL]But[X][16]...[X][16]but[X][16]...[X][16][A][09]Selena.[X][NL]You have your orders.[X][A][NL]You will execute Duessel.[X][A][0C][801D][06][0C][801C][0C][16]......[16][A][NL][16]...[X][16]Your Majesty.[X][A][NL]Will you allow me[X][NL]to ask you a question?[A][09][16]......[16][A][0C]When Your Majesty saw fit to[NL]make me a general,[A][NL]you shared with me some words of wisdom.[NL]I remember the moment quite clearly.[A][NL]You told me the role of an imperial general[X][NL]is that of the shield, not the blade.[X][A][NL]We are here to protect our citizens, you[NL]said[16]--[16]not to threaten our neighbors.[A][NL]I have never forgotten your words,[NL]Your Majesty.[X][A][NL]I have held them to my breast. They[X][NL]govern my every action as general.[A][NL]Your Majesty, that sentiment[NL]is still alive, and[X][16]--[16][A][09]Go.[X][A][09][11][0C][16]......[16][A][NL]I humbly acknowledge your orders.[X][NL]Your Majesty[16]...[X][16][A][02][NL]I am the empire's servant.[NL]I am Your Majesty's vassal.[X][A][NL]I am General Selena, the[NL]Fluorspar of the Grado Empire.[A]
0x0AB1	[0C][10][19][NL][09][10][06][NL][09]You[X][16]...[X][16]you're a girl?![X][A][0C]Ah! Don't make fun of me![X][NL]I'm a soldier of Grado![X][A][NL]Prepare yourself, Frelian dog![A][09]W-wait a minute![A][15][0C][800D][09][800A][8004][0B][11][06][08][800C][06][0C][10][19][NL][0C]Oof[X][16]...[X][16][A][0A]Are, are you all right?[X][A][NL]It's not surprising you fell[NL]over from that stance.[A][NL]Can you get up?[X][A][0C]Sh-shut up![X][A][0A]Did you hurt your knee?[X][A][NL]I know how it feels. I did it[X][NL]often enough as a recruit myself.[X][A][NL]To be honest, I still do it[X][NL]more than I should.[X][A][0C][16]......[16][A][0A]I'm Franz. I'm a Knight of Renais.[NL]What's your name?[X][A][0C]I'm Amelia.[X][A][0A]Amelia, do you think I could[NL]ask you to surrender?[X][A][NL]This may be odd, but I really[X][NL]have no desire to fight you.[A][0C][16]......[16][A][0A]I get the feeling you don't want[NL]to fight either. Am I right?[A][0C]I[X][16]...[X][16][A][NL]B-but[X][16]...[X][16][A][NL]I've heard Prince Ephraim takes female[NL]prisoners and uses them as palace slaves.[X][A][NL]If I surrender, will I be forced to[X][NL]work in the palace, too?[A][0A]N-no, don't be silly![X][A][NL]Prince Ephraim would never do such a[NL]thing[X][16]...[X][16][04]I think[X][16]...[X][16][A][0C]You think?[A][0A]No, he wouldn't! Of course not.[X][NL]You have my word of honor.[A][0C][16]...[X][16]Well, you seem sincere.[X][NL][17]I'll trust you, Franz.[A][17]
0x0AB2	[09][10][14][NL][0C][10][19][NL][09]You're a Grado soldier?[X][NL]But you're just a child.[A][0C]I am not a child![X][A][NL]I'm a soldier of Grado, and I will[NL]defeat every soldier of Frelia I meet![A][09]Is that so?[X][A][NL]Guess I'm ready then.[X][A][0C]Um[16]...[X][16][A][09][16]...[X][16]Is that the stance you're going to[NL]use? You'll drop your lance that way.[X][A][NL]I'm Prince Ephraim of Renais. Why don't[X][NL]you surrender and come with me?[X][A][0C]Wha-what are you going to do to me?![A][09]Calm down.[A][NL]As long as you don't try to stab me,[NL]I won't do a thing to harm you.[X][A][0C]You lie! You're a liar! Everyone knows[NL]about Prince Ephraim of Renais.[X][A][NL]He's a beast who attacks any[NL]woman he sees[X][16]...[X][16][A][09][16]......[16]Right, this has gone far enough.[A][NL]I am not going to hurt you. If you're scared,[X][NL]throw down your weapon and run away.[A][NL]But[X][16]...[X][16]if you're willing to listen,[NL]I'd like to ask for your help.[A][NL]You must realize this whole war is madness,[X][NL]right? Something is wrong in Grado.[X][A][09][11][0C][16]......[16][A][NL]I-I'm[X][16]...[X][16][A]
0x0AB3	[09][10][14][NL][0C][10],[NL][09]Tana?![A][NL]What are you doing here?[A][0C]I came here in hopes of[X][NL]helping you in some way.[A][NL]But while I was looking for[X][NL]you, I got captured by Grado troops.[A][09][17]Is that so? Well, I'm glad[NL]to see you're unharmed.[X][A][NL]Tana, you should head back[NL]to Castle Frelia immediately.[X][A][NL]King Hayden must be worried[X][NL]about you.[A][17][0C]No! Ephraim, I came all this[NL]way so I could help you![A][09]And yet, here I am, helping you.[A][0C]Ah, well[16]... [16]Yes, that may be true, but[16]--[16][A][NL]But I've been so worried about[NL]you, Ephraim![X][A][09]I see. Oh, please don't look at me[NL]with those teary eyes.[A][NL]If you're really determined to help,[NL]then you're welcome to come with us.[A][NL]But you must promise me not to try[NL]anything reckless.[A][0C][17]Ephraim[X][16]... [16]Thank you.[A][NL]I knew that you would[X][NL]understand how I feel.[A][17]
0x0AB4	[09][10][14][NL][0B][10]i[NL][0B]Please wait, Prince Ephraim.[NL]I have a message from Frelia.[X][A][NL]There's been an uprising in Carcino.[A][NL]Pablo is leading a force of renegade[NL]Grado supporters in rebellion.[A][09]In Carcino[16]...[X][16][A][NL]Any word of Eirika?[X][NL]Is my sister safe?[A][0B]The last word we received had Princess[NL]Eirika heading to assist Prince Innes.[A][NL]We've not heard from her since.[X][A][09][16]...[X][16]Blast.[A][NL]I sent Eirika to Rausten thinking[X][NL]it would be the safest mission.[X][A][NL]If I could, I'd pull out of here[NL]now and go look for her but[X][16]...[X][16][A][0B][11][0B][10][04][NL][0B]Prince Ephraim.[X][A][09][16]...[X][16]I know, I know. I mustn't let my[NL]emotions dictate my actions.[A][02][NL]If Carcino has allied itself with Grado,[NL]then defeating Grado is our best bet.[X][A][NL]We proceed as planned. Tell them that.[A][0B]Understood.[X][A][0B][11][0B][11][09]Be careful, Eirika.[X][A]
0x0AB5	[09][10][14][NL][09][16]...[X][16]What?![A][02][NL]Was that an earthquake?[X][A][NL]I think it's passed.[A][0B][10][04][NL][0B]Prince Ephraim.[X][A][09]I'm fine. There's nothing to worry about.[X][A][NL]I was surprised, that's all. You're not[X][NL]shaken in the slightest, are you?[X][A][0B]Actually, it surprised me as well.[A][NL]I'd heard that tremors such as those[NL]were commonplace in Grado.[A][NL]Apparently, they are usually weak and[X][NL]cause little, if any, damage.[X][A][09]Now that you mention it, I remember a[X][NL]while back, when I was first in Grado.[A][NL]Eirika and I were startled by a[X][NL]tremor just like that one.[A][NL]Lyon said he had grown used to them,[NL]and he just laughed.[A][0B][16]......[16][A][09]We don't have any time to tend[NL]to injuries just now.[X][A][NL]We must press forward. We must[NL]see to the capital.[X][A]
0x0AB6	[09][10]%[NL][09]I do not understand[X][16]...[X][16][A][NL]Why this course of action?[NL]What is the emperor thinking[16]...[X][16][A][0F][10]?[NL][0F]General Duessel.[A][0F][800E][09][16]...[X][16]Is that you, Selena?[A][NL]Are you to be assisting[X][NL]me in this[16]...[X][16]duty?[X][A][0C]Yes[X][16]...[X][16][A][NL]Frelia's army will be coming[NL]soon from the north.[A][NL]We're just waiting for the[NL]order to engage them.[X][A][09]Hm[16]... [16]Prince Ephraim leads[NL]the enemy forces, doesn't he?[X][A][0C]That is correct.[NL]Prince Ephraim of Renais.[X][A][09]Bah[X][16]...[X][16][A][0C]Renais is our enemy.[A][NL]General, please give the order to attack.[X][A][09]No. Order all units to hold.[NL]Do not initiate the attack.[X][A][NL]I want to speak with Ephraim first.[X][A][8004][0C][16]......[16][A][NL]So it's true.[X][A][NL]You plan to betray the empire and[X][NL]ally yourself with the enemy.[X][A][09]What?![A][8004][0C]General Duessel, you stand accused[NL]of treason of the highest order.[A][NL]Lay down your weapons, and follow[X][NL]my commands.[A][NL]If you fail to do so, if you resist in[NL]any way, I will execute you on the spot.[A][09]This is nonsense![X][A][NL]Who is behind this madness![X][A][0C]These are His Majesty's orders.[X][A][NL]The emperor has anticipated[X][NL]your treachery.[X][A][02][NL]Prepare yourself.[X][A][09]Impossible[16]... [16]His Majesty?[A]
0x0AB7	[09][10]?[NL][0B][10][13][NL][09]Cormag, you and I will[NL]bring that traitor down.[A][NL]Go around that fort to the southeast[NL]and drive into them from the sea.[X][A][0B]We're fighting General Duessel?[X][A][NL]But he's one of the cornerstones[NL]of the empire. How could[16]--[16][A][NL]He's been like a father to you[NL]and to my brother.[A][NL]Do you truly mean to kill him?[A][09][16]......[16][A][NL]If that is what my emperor commands,[NL]then yes. Without hesitation.[X][A][NL]Cormag, if you are a true knight[NL]of Grado, you will do the same.[X][A][0B][16]......[16][A]
0x0AB8	[09][10][14][NL][0C][10][04][NL][0C]Prince Ephraim, the Imperial[NL]Grado army is before us.[A][09]I know, but something's odd.[A][NL]They're chasing someone down.[X][NL]Is that a deserter?[X][A][02][NL]Wait![X][NL]That's[16]...[X][16]Duessel?![X][A][0C]Prince Ephraim, your orders.[A][09]We rescue Duessel![NL]Ride!!![X][A]
0x0AB9	[0B][10]B[NL][1C][0B]What's this? They've only just begun?[X][NL]What a disappointment.[A][NL]I so wanted to witness the comedy of two[NL]generals hacking away at each other.[A][09][10]?[NL][09]Valter[16]...[X][16][NL]What do you want?[X][A][0B]Ah, Selena. You're to return to the[X][NL]capital immediately.[A][NL]Duessel is no longer your concern.[A][NL]His Majesty has declared you untrustworthy.[X][NL]I've been sent to relieve you of command.[X][A][09]What?[X][A][0B]You've proven yourself incapable of dealing[X][NL]with a single old man[X][16]...[X][16][A][NL]I tell you, having to clean up your mess[NL]makes things difficult for me, Selena.[A][NL]Now then, Beran.[A][0D][10]>[NL][0D]Yes, sir.[X][A][0B]I'm leaving.[A][NL]I can't leave poor Eirika sad[X][NL]and lonely in Carcino.[A][NL]You're in command here for the[NL]duration of this conflict.[A][0D]I'll take care of things.[X][A][09]What do you think you're doing?![A][NL]I am here at His Majesty's bidding,[X][NL]and[X][16]...[X][16][A][0B]Did you not hear me? His Majesty's[NL]bidding has CHANGED.[A][NL]You, Selena, are not to be trusted.[X][NL]These are His Majesty's words.[A][NL]You share the same sentiments as Duessel.[X][NL]You could turn traitor, just as he has.[X][A][NL]You should feel honored. He could have[NL]ordered me to kill you where you stand.[X][A][09]Th-that's absurd![X][A][NL]His Majesty, he[X][16]...[X][16][A][NL]He knows I am trustworthy.[A][0B]Then return to the capital[NL]and sort it out.[A][NL]Go and ask your beloved master[NL]whether I speak the truth.[A][09]I[X][16]...[X][16][A][0B]What are you going to do, Selena?[X][A][09]I will return to the capital.[X][A][NL]I know better than to trust your word.[NL]I will speak with the emperor myself.[X][A]
0x0ABA	[0C][10]B[NL][09][10]>[NL][0C]Heh heh[X][16]... [16]Stupid woman.[X][A][NL]If Grado wins too easily,[X][NL]there'll be no more bloodshed.[A][NL]We must do what we can[NL]to extend the fun[X][16]...[X][16][A][02][NL]I believe it's time for me to[X][NL]return to my darling Eirika.[A][NL]It wouldn't do for Glen to[NL]arrive before me, would it?[X][A][NL]Take care of things here before[X][NL]I return to you. Understood?[A][09]Of course.[A]
0x0ABB	[0C][10][13][NL][0C]Tell me, Brother, what should I do?[X][A]
0x0ABC	[0C][10][13][NL][09][10]k[NL][09]Commander Cormag![X][A][0C]I know what I must do.[A][NL]I'm a sworn knight of Grado,[NL]and I have a duty to fulfill.[X][A][NL]Let's start by putting an end[X][NL]to that Frelian army. Move out![X][A]
0x0ABF	[09][10]>[NL][09]Bah...[NL]Savages, all of you![A][09][11]
0x0AC0	[09][10]>[NL][0C][10]k[NL][09]Grrr[16]... [16]They've held on for[X][NL]too long.[X][A][NL]If this continues, General[NL]Valter will have me[X][16]--[16][A][NL][16]...[X][16]Prepare a ship. We[NL]must flee. Quickly![X][A][0C]B-but General Valter[16]...[X][16][NL]He'll be so angry[X][16]...[X][16][A][09]We're doomed either way.[A][NL]General Valter will never[X][NL]forgive our failure here[16]...[X][16][A][NL]And if we stay, we'll be devoured[X][NL]like those other fools[16]...[X][16][A][NL]Our best bet is to give up[NL]and escape with our lives.[A][09][11][0C]Commander Beran! Wait![A]
0x0AC1	[09][10][14][NL][0C][10][04][NL][0C]Prince Ephraim. The remaining[X][NL]enemy troops have fled.[X][A][09]I see. And what of Duessel?[X][NL]Is he unharmed?[X][A][0C]Yes. This way.[A]
0x0AC2	[0A][10][14][NL][08][10]&[NL][0C][10]%[NL][1C][0C]Prince Ephraim[16]...[X][16][A][NL]You've grown to be quite[NL]the impressive commander.[X][A][NL]I remember what a stubborn young[NL]lad you were when I taught you.[X][A][0A]Any skill I have, I owe[X][NL]to you, Duessel.[A][NL]I'm curious, why are you being[NL]pursued by your own troops?[X][A][0C][16]......[16][A][8004][0A]Speak to me, Duessel.[X][A][NL]I want to put an end to this war.[X][A][NL]I'm sure you feel the same way.[X][A][8004][0C][16]......[16][A][NL][16]...[X][16]As you know, the emperor[NL]was once a man of compassion.[X][A][NL]He loathed war, and he worked to[NL]build peace across all nations.[X][A][NL]Then[16]...[X][16]one day that all changed.[X][A][0A][16]......[16][A][NL]But why? Why did he change?[X][NL]What happened?[A][0C]I wish I knew.[A][NL]But if you're looking for a[X][NL]likely cause, I have one.[X][A][NL]This all seems to have begun[NL]when Prince Lyon and the mages[A][NL]created a strange gemstone they[X][NL]referred to as the Dark Stone.[A][0A]The Dark Stone?[X][A][0C]That's what the clerics and the prince[NL]called it, at any rate.[X][A][NL]Now, I'm just a soldier. I don't know[X][NL]anything about these magic things.[A][NL]But they said the Dark Stone is more[NL]powerful even than the Sacred Stones.[X][A][0A]And the Sacred Stones had the power[X][NL]to defeat the Demon King.[X][A][NL]If the Dark Stone is stronger than[NL]they are[16]...[X][16][A][08][16]...[X][16]Ephraim.[A][0A]What is it, Myrrh?[A][08]The wave of evil I felt[X][NL]surging from the capital[16]...[X][16][A][NL]It hungers[16]... [16]It consumes.[NL]It envelops and transforms.[X][A][NL]This power can tarnish the purest[X][NL]of souls with its corruption.[X][A][0A]Are you saying this Dark Stone is[X][NL]responsible for the change in Vigarde?[A][NL]The timing fits, doesn't it? The[NL]stone is created, and then[16]--[16][A][NL]Duessel, where is the Dark Stone now?[X][A][0C]It's in the capital, with Prince Lyon.[A][NL]He's been carrying it with him ever[X][NL]since the day it was created.[X][A][0A]Understood. Duessel, I'm going[NL]to the capital.[X][A][NL]I must talk to Lyon. Maybe we[X][NL]can restore the emperor together.[X][A][0C][16]...[X][16]I'm going with you.[X][A][0A]But we'll be fighting Grado's[X][NL]army[16]--[16]your own men.[X][A][0C]I appreciate your concern, but I've[X][NL]already been branded a traitor.[X][A][NL]Prince Ephraim, if you mean to[NL]save my lord the emperor[16]...[X][16][A][NL]If you hope to restore him to[X][NL]his former self[X][16]...[X][16][A][NL]then I will pledge my loyalty[X][NL]to you until your cause is won.[X][A][15]
0x0AC3	[0A][11][08][11][09][10]o[NL][09]General Duessel![A][0C]Men, I owe each of you[NL]an apology.[X][A][NL]You've served me well,[NL]and I have betrayed you.[A][09]You speak nonsense, General![A][NL]We are your men, no matter[NL]what happens![X][A][NL]If you must leave Grado to[NL]fight with Frelia's men,[A][NL]then our place is at your side.[X][NL]Your road is our road![A][0C]My brave men[16]...[X][16][A][NL][17]Sniff[X][16]...[X][16][NL]Bah, I'm getting old.[X][A][NL]I'm a sentimental old fool.[X][A][17][09]We ask to be allowed to[X][NL]join the Frelian army.[A][NL]Prince Ephraim has many soldiers.[X][NL]He doesn't need us with him.[A][NL]Please, send us older soldiers[NL]off to fight with Frelia.[X][A][NL]And may the gods of war smile[X][NL]upon you, General Duessel.[A]
0x0AC4	[09][10][14][NL][0C][10][04][NL][0C]Prince Ephraim, we must now[X][NL]take to the seas.[X][A][NL]The Frelian army is readying[NL]a ship for us now.[A][NL]We have some time to rest[X][NL]until it's ready to set sail.[X][A][09]Right. We'll take a break,[NL]then. Tell the men.[X][A][NL]The road ahead is bound[X][NL]to be a rough one.[A]
0x0AC5	[09][10][14][NL][0B][10]"[NL][0B]Well, hello there![A][NL]Tell me, are you all[NL]waiting to board a ship?[A][09]Er, yes, we are[X][16]...[X][16][A][0B]I recommend that you abandon[NL]your plans, my friends.[X][A][NL]The locals are too frightened[X][NL]to set sail upon these seas.[A][09]Is there a storm coming in?[X][A][0B]No, no storm[16]--[16]demons.[X][A][NL]Some sort of phantom ship[X][NL]commands these seas now.[A][09]A phantom ship?[X][A][0B]Yes. But you needn't worry[NL]for long, my friends.[X][A][NL]I plan on purging the seas[NL]of that pesky ghost ship.[X][A][0D][10]$[NL][0D]Oh, no[16]... [16]Here we go again.[X][A][0D][11][0D][10]#[NL][0D][17]Gwah ha ha![X][NL]Well said, Princess L'Arachel![A][17][0B]I, L'Arachel, am destined to become[X][NL]the protector of the seas![A][NL]Fare thee well, strangers.[05][NL]Come, Dozla, we must find a ship.[X][A][0B][11][0D][17]Gwah ha ha! Sounds fun![X][NL]Come on, Rennac![A][17][0D][11][0D][10]$[NL][0D]Honestly, L'Arachel, do you even[NL]think before you set these plans?[X][A][NL]Oh, please[16]... [16]Someone end[X][NL]my misery![A][0D][11][09][16]...[X][16]What was all that about?[A]
0x0AC6	[09][10][14][NL][0C][10][04][NL][0C]Prince Ephraim, our[X][NL]ship has arrived.[X][A][NL]Let us prepare to board.[NL][16]...[X][16]Something troubling you?[A][09]No[16]... [16]It's nothing.[X][A][02][NL]All right. Here we go![A]
0x0AC7	[09][10][14][NL][0C][10]%[NL][09]Duessel![A][0C]Is that you, Prince Ephraim?[A][09]Why were those Grado men after you?[X][NL]What's going on?[A][NL]Wait, we can talk later. Let's get[NL]you to safety first.[A][NL]Come with us, Duessel.[A][0C][16]......[16][A][09]Duessel![A][0C]I am General Duessel, the Obsidian,[X][NL]of the Imperial Three[X][16]...[X][16][A][NL]This name and my service to His Majesty[X][NL]have been my life's blood.[A][NL]As of this moment it is all gone.[X][NL]I've no reason to continue[16]...[X][16][A][09]Duessel[X][16]...[X][16][A][NL]Enough of this rubbish![X][A][NL]You are my mentor! I will[X][NL]not let you die![A][0C][16]...[X][16]Prince Ephraim.[X][A][09]I know about the[NL]emperor's madness.[A][NL]How will your death serve[X][NL]Grado? Who will it help?[A][NL]What of your country? Its[X][NL]people? Its future!?[A][0C][16]......[16][A][09]You will live, Duessel.[X][A][NL]As a traitor[16]...[X][16][NL]In disgrace[X][16]...[X][16][A][NL]I know that for a man such as you[X][NL]this is more agonizing than death.[A][NL]But you will live nonetheless. You[NL]will live for something more important.[X][A][0C][16]......[16][A][NL]I understand.[X][A][NL]This old fool's[X][NL]life is yours.[A]
0x0AC8	[09][10]%[NL][0C][10][13][NL][09]Is that you, Cormag?[A][0C]Sir Duessel[X][16]...[X][16][A][NL]You have abandoned your country and[X][NL]your lord. I must take your life.[X][A][09]I know. I'm ready now.[A][NL]I have no duty anymore. But you, Cormag.[NL]You're a soldier of the empire.[X][A][NL]Follow your orders and fulfill your[X][NL]mission. I'm ready.[X][A][0C][16]......[16][A][09]Cormag![X][A][0C]To be honest, I'm confused.[X][A][NL]Must you truly die? Is your[X][NL]crime really deserving of death?[A][NL]I know my brother could have[NL]settled this, but[X][16]...[X][16][A][NL]I've come here to stop you, and[X][NL]yet I find that I cannot.[X][A][09][16]......[16][A][0C]You see, I couldn't believe you[X][NL]would ever truly turn traitor.[A][NL]And now I stand here, looking at[NL]you, Duessel of the Imperial Three.[X][A][NL]And you do not have the eyes of[X][NL]a traitor.[A][09][16]......[16][A][0C]No. I cannot turn my lance on[X][NL]you, the empire's faithful son.[X][A][NL]General Duessel[X][16]...[X][16][A][NL]Until this matter is sorted, you[NL]travel under my protection.[X][A][09]Cormag[16]...[X][16][A][NL]Forgive me[16]...[X][16][A]
0x0AC9	[09][10],[NL][0C][10][13][NL][09]Wait.[X][A][NL]Please stop fighting.[X][A][NL]I'm sure we can reach an[NL]agreement if we just talk.[A][0C]You are[X][16]...?[16][A][09]My name is Tana. You're from[NL]Grado, aren't you?[A][NL]Why are you fighting[NL]against General Duessel?[A][0C]That's none of your[X][16]--[16][A][09]Do you hate him?[A][0C][16]...[X][16]Do I hate him? This isn't some petty[NL]schoolyard squabble, girl.[A][NL]I'm a soldier of the empire, and[NL]I have my orders.[X][A][NL]I've been sent to punish a traitor,[X][NL]and that's what I aim to do.[A][09]Are you telling me that[X][NL]General Duessel's a traitor?[A][NL]Don't you know him? Do you[NL]think that's really true?[X][A][0C]What I think isn't at question.[X][NL]Faith does not dictate my actions.[A][NL]I have my orders.[X][A][09]Ephraim trusts your General Duessel.[NL]He's given him the benefit of the doubt.[A][NL]Have you chosen not to believe the[NL]reasons for his actions?[A][0C]Get out of my way![A][NL]I'll waste no more time[X][NL]with this duel of words![A][09]Wait![X][NL]Please[16]...[X][16][A][NL]Protect General Duessel.[A][NL]It would be tragic if he died[X][NL]before his motives became clear.[A][0C][16]...[X][16]Move, please.[X][A][NL]If you won't get out of the way,[NL]I'll have to move you by force.[X][A][09]Very well. If you must.[X][A][NL]But in exchange, I'm asking you[X][NL]to believe General Duessel.[X][A][0C][16]......[16][A][NL][16]...[X][16]You're an odd bird.[X][A][NL]To think I'd lose a fight not to a[NL]man's sword but to a woman's words[16]...[X][16][A][09]What?[X][A][0C]You win.[NL]I will protect General Duessel.[X][A][NL]But I plan on sorting this whole[NL]mess out with the general himself.[A][09]Do you mean that?[X][A][0C]I don't know if this is the[X][NL]right thing to do or not.[X][A][NL]But I think this is what my[X][NL]brother would have done.[A]
0x0ACA	[09][10]Y[NL][0C][10][FF][FF][09]This area of the ocean is often[X][NL]blanketed in a thick fog.[X][A][NL]I toiled under it myself for many[X][NL]hard years when I was still sailing.[A][NL]We always made sure we had torches[NL]and the like ready[16]...[X][16][A][02][NL]Oh, yes[X][16]...[X][16][NL]And there's this.[X][A][NL]This torch staff shines just as bright[NL]as any normal torch.[A][NL]Of course, if nobody you know can use[X][NL]it, it's just so much extra baggage.[A][NL]Will you take it?[X][A][NL]Oh, go ahead.[X][A][NL]I'm planning on resting my old bones[NL]here for good. My sailing days are done.[A]
0x0ACB	[09][10][1E][NL][09][16]...[X][16]No good.[A][0C][10][FF][FF][0C]What?[X][A][09][16]......[16][A][NL]This.[X][A][0C]Huh?[A][09]I found it.[X][A][NL]I can't use it yet.[X][A][NL]Good-bye.[X][A][09][11][0C]Uh[16]...[X][16][A]
0x0ACC	[09][10]Z[NL][0C][10][FF][FF][09]A strange man passed through here[X][NL]sometime back.[A][NL]He said something about looking[X][NL]for a girl with indigo hair[X][16]...[X][16][A][NL]I asked if she was his girl, but[NL]he said she wasn't.[X][A][NL]I hope he's found her by now.[X][A]
0x0ACD	[09][10]c[NL][0C][10][FF][FF][09]Do you know what I'm going to be[NL]when I get older?[X][A][NL]I'm going to be a splendid knight,[NL]just like General Selena.[X][A][NL]They call General Selena[NL]the Fluorspar, you know?[A][NL]She's really beautiful and[NL]really, really strong.[A]
0x0ACE	[0A][10]@[NL][08][10]F[NL][0C][10]?[NL][1C][0C]Your Majesty[16]...[X][16][NL]I have returned.[A][0A]Selena[16]...[X][16][A][NL]You coward. Why did you[X][NL]not execute Duessel?[A][0C]Forgive me[16]...[X][16][NL]It was that Valter[16]...[X][16][A][0A]Selena. Duessel has betrayed us.[NL]He has bent his knee to Ephraim.[A][NL]Are you a traitor, too?[X][A][0C]Never![A][NL]I am Your Majesty's vassal.[X][NL]I am yours, body and soul.[A][NL]Your Majesty, please,[X][NL]another chance, I beg you![A][NL]Any order you see fit to[NL]issue, I will complete![X][A][0A][16]......[16][A][08][16]......[16][A][NL]Selena.[X][NL]I have something for you.[X][A][NL]If I may, Father?[X][A][0A]Yes.[A][0C]What is it, Prince Lyon?[A][08]I want you to go to Za'albul Marsh[NL]and retrieve something for me.[A][NL]It is a dragonstone, a very[X][NL]special kind of rock.[X][A][0C]A dragonstone?[A][08]That's right. It's very rare. There[X][NL]are only two in the entire world.[X][A][NL]I've heard rumors of a collector[NL]there who has one for sale.[X][A][NL]It looks like nothing but a common[NL]gemstone. I need it for my research.[A][NL]If I have that stone[16]...[X][16]my[16]...[X][16][A][NL]Urg[X][16]...[X][16]gaa[X][16]...[X][16][A][0C]My prince, are you all right?[X][A][08]I'm fine. Don't worry about me.[X][A][NL]Now, please, find me the dragonstone.[X][NL]Will you approve my request, Father?[A][0A]Yes. Do as my son asks.[X][A][0C]Yes, understood.[A][NL]Your Majesty, I[X][16]...[X][16]would like to renew[X][NL]my oath of service to you here today.[X][A][NL]I pledge that I shall never again[X][NL]falter in my duty to you or to Grado.[X][A][NL]I beg your leave, my lord.[A][0C][11][08][16]......[16][A]
0x0ACF	[0C][10]&[NL][09][10][14][NL][0C][16]......[16][A][09]Is this the first time you've[X][NL]seen the ocean, Myrrh?[A][0C][800E][0C]Yes.[A][NL]It's so blue, so vast.[A][09]It is at that.[A][NL]You know, this is my first[NL]passage on a ship.[A][NL]I've never appreciated just[X][NL]how enormous the sea is.[A][0C]Really?[X][A][NL]I'd never have guessed you hadn't[X][NL]sailed before. You seem so calm.[A][09]If I'm to lead us, I can't allow[NL]any weakness to show through.[X][A][NL]I must appear competent and capable[X][NL]at all times, you understand?[X][A][0C][800D][0B]Ephraim[X][16]...[X][16][A][NL]Um[16]...[X][16][A][0F][10][04][NL][0F]Prince Ephraim.[X][A][09]Excuse me, Myrrh. We'll have[NL]to continue this later.[X][A][0B]Ah, all right.[A]
0x0AD0	[09][10][14][NL][0C][10][04][NL][09]What is it, Seth?[X][A][0C]There's a ship following us, just[X][NL]on the edge of the fog.[X][A][NL]Should I ready the company for[NL]battle?[X][A][09]Is it a Grado vessel?[X][A][0C]It's hard to say. The fog makes[X][NL]it difficult to see clearly.[A][NL]However, her crew seems not to[NL]be[16]...[X][16]human.[A]
0x0AD1	[0C][10]H[NL][0C][17]Heh heh heh[X][16]...[X][16][17][A][NL]Rise and rage, my precious[NL]children of darkness.[X][A][NL]Ruin the wood and ride the sea! Drown[X][NL]your foes, and devour their flesh![A][NL]Come celebrate the glorious rebirth of[NL]your lord and master, the Demon King![X][A][NL][17]Heh, heh, heh.[17][A]
0x0AD2	[09][10][14][NL][09]There![05][NL]The enemy is closing.[X][A][02][NL]Prepare for battle![X][A]
0x0AD3	[09][10][14][NL][09]They've pulled alongside us[X][16]...[X][16][NL]Those creatures are trying to board![A][NL]That's fine[X][16]--[16]it'll bring 'em within[NL]reach of my lance.[A][NL]Push them back! Board their ship[NL]and seize the blasted thing![A]
0x0AD4	[09][10][14][NL][09]What?[X][05][NL]Another ship?![A][NL]Stay calm, everyone! We[X][NL]take the fight to them![X][A]
0x0AD5	[0B][10]"[NL][0D][10]#[NL][1C][17][0B]Friends of justice! Allies of[X][NL]righteousness and order![A][NL]Know that I, L'Arachel, have arrived![X][A][NL]Now, I shall purge the seas of this[X][NL]vile vessel of villainy![A][0D]Gwah ha ha! Nice alliteration,[NL]Princess L'Arachel![X][A][0B][16]......[16][A][02][NL]Hm? I didn't hear Rennac's voice.[X][NL]How very odd.[X][A][NL]Dozla, where has Rennac run off[X][NL]to this time?[X][A][0D]Hmmm[16]... [16]He was with us at mealtime[NL]before we boarded, but[16]...[X][16][A][0B]That man can be such a distraction.[X][NL][16]...[X][16]Oh well, never mind![A][NL]Let's get started destroying[NL]these agents of chaos![A][0D][800F][0D]Gwah ha ha![X][NL]Leave it to me![X][A]
0x0AD6	[09][10][14][NL][0C][10][04][NL][0C]We've destroyed the remaining monsters.[X][NL]The ship appears to be empty.[X][A][0C][11][0C][10]"[NL][0C][17]And once again, the forces[NL]of righteousness prevail![X][A][17][09]Thank you. We owe our[X][NL]victory to you.[X][A][0C][17]Don't mention it.[X][A][NL]My name is L'Arachel.[X][A][NL]I'm on a never-ending quest to defeat[X][NL]evil in the name of virtue and order.[X][A][17][15][0C]Wait[16]... [16]Your face has a[X][NL]certain familiarity.[A][NL]I recently met a young woman[NL]who greatly resembles you.[A][09]Do you mean, Eirika?[NL]She's my sister.[A][0C]Eirika?[X][A][NL]Isn't that the name of the[NL]princess of Renais?[X][A][NL]And you have a very regal air[X][NL]about you yourself, don't you?[A][09]My name is Ephraim, Prince of Renais.[X][NL]We're fighting to end Grado's invasion.[X][A][NL]To be honest[16]...[X][16][A]
0x0AD7	[09][10][14][NL][0C][10]"[NL][0C][17]Oh my![A][NL]In that case, I [NL]must accompany you.[X][A][17][09]Do you understand that we alone[X][NL]are facing all the armies of Grado?[X][A][NL]We face untold numbers, and our odds[NL]of success are embarrassingly small.[A][0C]You clearly do not know who I am.[X][A][NL]Do not be startled by what I'm[NL]about to disclose to you[16]...[X][16][A][NL]I am the princess of Rausten,[X][NL]theocracy of the righteous![X][A][09]You're the princess of Rausten?[X][A][NL]Hm. You certainly don't have the[NL]bearing of a commoner, but[16]...[X][16][A][0C][800E][0C][17]Ah, of course. My natural nobility[NL]gives me away every time.[X][A][NL]Truth to tell, dire circumstances have[NL]led me to begin this journey in secret.[X][A][02][NL]Prince Ephraim of Renais, please be[X][NL]assured that Rausten is your ally.[A][NL]Let us stand together against the[X][NL]villainous Grado Empire![A][17][15]
0x0AD8	[09][11][09][10]#[NL][17][0C][16]...[X][16]Well, that's that, Dozla.[X][A][NL]We will now be traveling with[X][NL]Ephraim and his companions.[X][A][09]Gwah ha ha![X][NL]Understood![X][A][NL]For you, Princess L'Arachel, I would[NL]dive headlong into a sea of evil![X][A][NL]Why, I'd even tie myself up with ropes[NL]and chains first![X][A][0C]Such fabulous devotion! You are[X][NL]truly my most loyal attendant.[A][NL]Let us be off then.[X][A][09]Gwah ha ha![X][A]
0x0AD9	[09][10][14][NL][0C][10]"[NL][09]You are[X][16]...[X][16][A][0C]Fret not, O weary traveler,[X][NL]for I am here to save you![A][NL]I grant you the favor of[NL]my divine aid.[A][09]Who are you? What[X][NL]are you doing here?[X][A][0C]Ah! Can it be? Do you not know the[NL]tales of my deeds?[A][NL]Have you not heard of the beauteous[X][NL]young woman traveling to defeat evil?[X][A][09]No, I haven't.[A][0C][800F][0D][801D][0D]Oh[16]...[X][16][0D][801C][09]What is it?[X][A][0D][800E][0C]It's nothing[16]...[X][16][NL]Please pay me no mind.[A][NL]I just feel a bit like being[NL]alone and weeping for a while.[A][09]What? No, you can't[X][16]...[X][16][NL]This is no place for crying.[A][NL]I'm sure you've noticed, but[NL]we're under attack by monsters.[X][A][NL]If you can do anything to help,[X][NL]we would appreciate it.[X][A][0C][17]That's a good idea! I'll do it.[X][A][NL]Now, I want you to observe closely[NL]my graceful actions![A][17]
0x0ADA	[09][10]"[NL][0C][10]#[NL][17][09]Dozla.[A][0C]Yes? What is it, Princess L'Arachel?[A][09]We're going to be working[X][NL]together with those people.[X][A][NL]I want you to stay close by.[NL]Are you ready?[A][0C][800E][0C]Gwah ha ha![X][NL]Ready as always![A]
0x0ADB	[09][10][14][NL][0C][10][04][NL][0C]Prince Ephraim, we've[X][NL]docked in Taizel.[X][A][NL]There's no sign of enemy[NL]troops at this time.[A][09]Understood. Let's move quickly and prepare[NL]to go ashore.[X][A][NL]We've a straight road to the capital from[X][NL]here, but we'll be fighting for every step.[X][A][0C]Yes, and the fighting will only grow[NL]fiercer as we near the capital.[X][A][NL]If I may, my lord, I'd like to make[X][NL]a suggestion.[X][A]
0x0ADC	[0C][10] [NL][09][10]![NL][0C]This is the town, isn't it, Ewan?[X][A][09][17]Yep. Thanks a lot, Teacher.[X][A][NL]This is where Marisa is supposed to be.[X][A][NL]I have to tell her what's going on,[X][NL]or she'll end up working for free.[A][17][0C]What happened? I heard there[NL]was some mistake, but[X][16]...[X][16][A][09]Yeah, the mercenary guild got Marisa[NL]mixed up with someone else.[X][A][NL]I don't know where she was supposed[X][NL]to go, but they sent her here instead.[A][NL]I figured I'd better let her know[X][NL]about the mix-up, right?[A][NL]So what are you going to do now?[A][0C]I'm heading back to the village.[A][NL]I've looked near and far, but I haven't[X][NL]been able to locate the Lord Dragon.[A][NL]I must report my findings.[A][09]Oh, I see[X][16]...[X][16][A][0C]I'll be going now. Remember[X][NL]what I told you, Ewan[X][16]...[X][16][A][09][800B][09][17]I know, I know. Don't[X][NL]be reckless with magic.[X][A][17]
0x0ADD	[09][10]![NL][09]Well, I'd better get going[NL]and find Marisa.[A][NL]That looks like a good place[NL]to start asking around.[X][A]
0x0ADE	[0A][10][14][NL][0C][10][04][NL][0E][10]&[NL][0E]Ephraim[X][16]...[X][16][NL]From the east[X][16]...[X][16][A][0E][800A][0A][16]...[X][16]That won't do, Seth.[A][NL]I cannot approve of sending[X][NL]reservists to the front lines.[A][0C]But[X][16]...[X][16]the Grado army outnumbers our own by a[NL]tremendous amount.[A][NL]We have talented soldiers, but that counts[NL]for nothing against those numbers.[A][NL]Currently, we have some ready reservists[NL]in the rear, protecting our supply convoy.[A][NL]What good is defending our convoy if it[X][NL]comes at the cost of losing the front?[A][NL]We must abandon our rear guard and[NL]strengthen the van, or we've already lost.[A][0A]This is enemy territory. We[X][NL]cannot surrender the convoy![A][0C]But, Prince Ephraim[X][16]...[X][16][A][0A]Seth, I know you only want to improve[X][NL]the odds of our success.[A][NL]And I know you make these suggestions[X][NL]in part to protect me from harm.[A][NL]However, I have no intention of[X][NL]changing my mind in this. I[X][16]--[16][A][02][NL][16]...[X][16]Myrrh?[A][08][800A][08]Oh, pardon[16]...[X][16]me[16]...[X][16][A][NL]I-I[X][16]...[X][16][NL]It's nothing.[X][A][08][11][0A]Myrrh[X][16]...[X][16][A]
0x0ADF	[0A][10][14][NL][08][10][04][NL][0C][10]j[NL][0C]Prince Ephraim! It's a trap![A][NL]The city's crawling with Grado[NL]men! We're under attack![A][08]Prince Ephraim.[X][A][0A]All troops prepare to fight! To arms![X][A]
0x0AE0	[0C][10]C[NL][0C]Soldiers of Grado! You call yourself[NL]warriors? You're pathetic![A][NL]Fort Rigwald? You lost it! Your[X][NL]General Duessel? A traitor![X][A][NL]Where is the honor of the Grado Imperial[NL]Army? It wallows in filth and mud![A][NL]Is this the ending you envisioned?[NL]Is this how you would be remembered?[A][NL]Will you let the bards sing of how[NL]you fell to the renegade Ephraim?[X][A][02][NL]I think not![A][NL]Now get up and fight![X][NL]Kill them all![A][NL]And bring me Ephraim's head![A]
0x0AE1	[09][10]C[NL][0C][10]H[NL][0C][17]Heh heh heh[X][16]...[X][16][A][NL][17]Caellach. Interesting.[NL]What are you doing here?[A][NL]You were ordered to loose your dogs[X][NL]of war on Jehanna, were you not?[A][09]Keep silent, you decrepit sod.[NL]I told you, Jehanna's under control.[A][NL]My plan is in full effect.[NL]All we need do now is wait.[X][A][NL]You see, Jehanna is an overripe fruit.[A][NL]It's being devoured by worms from within.[X][NL]We can pluck it anytime we wish.[A][0C][17]Heh heh heh[X][16]... [16][17]Oh, how your[NL]plans seem to have gone awry.[X][A][NL]Even now, Eirika makes her[NL]way toward Jehanna.[X][A][NL]Your perfect fruit has turned[X][NL]to rot while you did nothing.[X][A][NL]It's time. You will return to[X][NL]the capital with me.[A][09]What?! Are you truly[NL]serious, you old goat?[A][NL]Glen[16]...[X][16][A][NL]No, it's that black-hearted Valter[16]...[X][16][NL]What's he playing at now?[X][A][0C]There's no call for that sort of talk.[NL]That one has his uses after all.[A][NL]You can leave the defeat of Ephraim[X][NL]to your subordinates.[X][A][NL]Oh yes, and you can use the troops[NL]I brought with me as well.[A][NL]It will, no doubt, be an interesting battle.[NL][17]Heh heh heh[X][16]...[X][16][A][02][NL][17]Let's go now, Caellach.[X][A][NL]You wouldn't want to hurt a certain[X][NL]someone's feelings, would you?[A][09]Bah.[NL]What else can I do?[X][A]
0x0AE2	[0C][10][14][NL][0C]More of those fiends?[X][A][NL]What's going on?[NL]Their movements[X][16]...[X][16][A][NL]It's[16]... [16]It's as though those creatures[NL]are cooperating with Grado's army[X][16]...[X][16][A]
0x0AE3	[09][10][14][NL][0C][10][04][NL][0C]The enemy troops have been defeated.[NL]We're taking care of the wounded now.[X][A][09]Understood. We'll rest in this city until[X][NL]we're prepared to advance.[A][NL]Replenish supplies and rest the troops.[X][A][NL]Remind every soldier that anyone who breaks[X][NL]the city's laws will be severely punished.[A][NL]Anything else?[A][0C]We should prepare defenses along[NL]the east in case of assault.[A][NL]The capital's not far, and fresh[NL]troops could be here at any time.[X][A][09]Good point. All right, set up[X][NL]three rotating watches. Then[16]--[16][A]
0x0AE4	[09][10]&[NL][09][16]...[X][16][A][02][NL]Pardon me, Ephraim[16]...[X][16][A]
0x0AE5	[09][10][14][NL][0C][10][04][NL][09]Myrrh's gone?[X][NL]Are you sure?[X][A][0C]Yes, she's been missing since this morning.[X][A][NL]There are no signs of a struggle.[X][NL]I feel she left of her own accord.[A][09]Where did she go? Didn't[NL]anyone see her?[X][A][0C]One of the guards reports having seen[X][NL]a young lady heading east.[A][NL]He said she seemed unsteady on her[NL]feet. It may have been her.[X][A][09]Prepare to move out.[NL]We head east.[X][A][0C]Prince Ephraim[16]...[X][16][A][8004][09]I'm not just acting on emotion, Seth.[X][NL]The capital lies to the east as well.[X][A][0C][16]...[X][16][A][09]Seth, you will obey your commander[NL]and sovereign, do you hear me?[A][NL]Listen, I know what you said is[X][NL]true. I am king in all but title now.[X][A][NL]I know I must place my duty as[NL]commander above my life as a man.[X][A][NL]And once I am crowned, I most[X][NL]certainly will do exactly that.[X][A][NL]However, I am not ready to divorce[NL]myself from my compassion just yet.[X][A][NL]I will find the balance somehow, the[NL]means to save my country and her people.[A][02][NL]That is the king I wish to become,[NL]and so that is the man I must be.[X][A][NL]I need your help in this, Seth.[X][A][0C][16]...[X][16]I understand, Prince Ephraim.[X][A][NL]If that is your decision, then I[NL]will do my best to assist you.[A][09]I'm counting on it.[X][A][15][09]Please be safe, Myrrh.[A]
0x0AE6	[0E][10]![NL][0C][10][1E][NL][0C][16]...[X][16]It's over.[A][NL]Looks like we lost.[X][A][0E][800A][08][800A][08][17]Ah, Marisa! I found you![A][17][0C]Ewan?[X][A][NL]What are you doing here?[A][08][800B][09]Marisa, the mercenary guild sent[NL]you here, didn't they?[A][NL]They assigned you to fight[NL]under Commander Gerik, right?[X][A][0C]That's right.[X][A][NL]But the chief's not here.[X][A][09][17]I know! It was all a mistake.[X][A][NL]Your commander's over there,[NL]working on another job.[X][A][NL]He wants you to join him.[X][A][17][0C][17]Really?[X][A][NL]He said that?[X][A][17][09][800B][09]Yep.[A][0C]I'm on my way.[A][09]Hey, wait! Wait![NL]Take me with you.[X][A][NL]This group's headed east, too.[NL]Let's stick with them for now.[A][0C]Very well.[A]
0x0AE7	[0E][10]![NL][0C][10][1E][NL][0E][800A][08][800A][08]There you are, Marisa.[A][0C]Ewan?[X][A][NL]What are you doing here?[A][08][800B][09]Marisa, the mercenary guild sent[NL]you here, didn't they?[A][NL]They assigned you to fight[NL]under Commander Gerik, right?[X][A][0C]That's right.[X][A][NL]But the chief's not here.[X][A][09]I know. It was all a mistake.[X][A][NL]Your commander's over there,[NL]working on another job.[X][A][NL]He wants you to join him.[X][A][0C][17]Really?[X][A][NL]He said that?[X][A][17][09][800B][09]Yep.[A][0C]I'm on my way.[A][09]Hey, wait! Wait![NL]Take me with you.[X][A][NL]This group's headed east, too.[NL]Let's stick with them for now.[A][0C]Very well.[A]
0x0AE8	[09][10]![NL][0C][10][FF][FF][09][800B][09][17]Er, hello. My name's Ewan. I'm[NL]training to be a sage.[A][NL]I need to find a woman by the name of[X][NL]Marisa. I don't know where she's gone.[A][NL]If you'll help me find her, I'll gladly[X][NL]travel with you.[A][NL]I'm a useful guy to know. In a pinch,[X][NL]I can use the magic I've learned so far.[A][NL]So what do you say? Do we have a deal?[A][17]
0x0AE9	[09][10]\[NL][0C][10][FF][FF][09]Ah[16]... [16]I wonder if that dancer[X][NL]will ever come this way again.[A][NL]I don't know why, but her dances[NL]really pepped me up.[A][NL]Even after a hard day's work, I felt[NL]as fresh as if I'd just woken up![X][A][NL]It sure would be nice if she would[NL]dance for me again someday.[X][A]
0x0AEA	[09][10]?[NL][0F][10]&[NL][09]So this is a dragonstone[16]...[X][16][A][NL]The description was accurate. It[NL]looks like an ordinary gemstone.[A][02][NL]If only His Majesty hadn't ordered me to[NL]bring this to the capital immediately[X][16]...[X][16][A][NL]I've heard reports that Prince Ephraim[NL]and a Frelian army have landed nearby.[A][NL]If I didn't have those blasted[NL]restrictive orders, I could[X][16]--[16][A][0F][16]...[X][16]Return it[X][16]...[X][16][A][09]What?[X][A][0F][800E][0C]The stone[X][16]... [16]Please.[X][NL]Return it to me.[A][09]You[X][16]... [16]You're[16]--[16][A][8004][0C]Return the stone to me[16]...[X][16][NL]Please[16]...[X][16]I'll do anything.[X][A][09]Why do you want the stone?[A][NL]Who are you? You're not from[NL]Grado, that's for sure.[X][A][0C]Without the stone, I[16]...[X][16][A][NL]Please, give it back to me.[X][A][09]Answer my questions![A][0C]My name is Myrrh. I come from[X][NL]Darkling Woods.[X][A][NL]I was betrayed, and my stone[NL]was taken from me.[A][NL]I was imprisoned, caged, to be[NL]transported somewhere.[A][NL]Prince Ephraim came to my rescue.[X][A][NL]I've been traveling in his care[X][NL]ever since.[X][A][09]You're with Ephraim?[A][NL]I can't let you leave. Maybe I should[X][NL]take you back to the capital with me.[X][A][0C]Wait[16]...[X][16][A][NL]You're from Grado?[A][NL]Tell me, has anyone around you[16]--[16][A][NL]Have you noticed any changes in[X][NL]the people around you recently?[X][A][09]Changes?[A][NL]What do you mean by that?[X][A][0C]Anyone near you[X][16]...[X][16][A][NL]Has anyone been transformed,[NL]either in spirit or demeanor?[X][A][NL]Does anyone act in such a way as to[X][NL]appear a different person altogether?[X][A][09][16]......[16][A][NL]How could you know[16]...[X][16][A][0C]The darkness is to blame.[X][A][NL]I've come here to stop it.[A][09][16]...[X][16]You will tell me more.[A][NL]If I find you are lying, I will[X][NL]punish you. Do you understand?[A][0C]Yes. Are you ready?[X][A][NL]I will tell you[X][NL]everything I know.[A]
0x0AEB	[09][10]?[NL][0C][10]&[NL][09][16]......[16][A][02][NL][16]...[X][16]I see.[A][NL]Myrrh, I think I understand[X][NL]everything you've told me.[A][0C]Good.[X][A][09]But I cannot believe it.[A][NL]How can I allow myself to believe[X][NL]it? If it's true, then[16]...[X][16][A][NL]then His Majesty is already[X][16]--[16][A][0C][800D][0B]Dame Selena[X][16]...[X][16][A][NL]What's that?[A][8004][09]It is a fluorspar[X][16]...[X][16][A][NL]His Majesty presented it to me[NL]when I was promoted to general.[X][A][NL]This gemstone is proof of my commission.[NL]It's one of Grado's treasures[X][16]...[X][16][A][NL]I received it years ago, but I remember[X][NL]that day like it was yesterday.[X][A][NL]His Majesty smiled so kindly. His voice[X][NL]was filled with dignity and affection[X][16]...[X][16][A][0B]Dame Selena, you love[X][NL]your emperor, don't you?[A][09]What are you[16]--[16][A][0B]I can see it.[X][A][NL]Dame Selena, I can see[NL]how much you treasure[X][16]...[X][16][A][09][801D][09][801C][09][16]......[16][A][NL]His Majesty is most compassionate.[A][02][NL]You see, I'm a commoner. I was raised in[NL]a desolate, impoverished village.[X][A][NL]My family couldn't afford our taxes.[NL]No one could. We were desperate.[A][NL]Some of us considered[X][16]...[X][16]horrible things[X][NL]to make enough money to survive winter.[X][A][NL]Then, supplies began to arrive. We were[X][NL]told they came from the emperor himself.[A][NL]He sent them to us, a poor frontier town[NL]who couldn't even afford to pay taxes.[A][0B][16]......[16][A][09]Neighboring kingdoms must have thought[NL]the emperor mad, I can only guess.[A][NL]But His Majesty did not care about[NL]his standing among kings.[X][A][NL]He cared for his people. He saved us.[X][A][0B][16]......[16][A][09]That spring, I went to the capital[NL]and became a soldier, then a knight.[A][NL]I wanted to dedicate my life to the[X][NL]emperor who had saved it.[X][A][NL]I felt I understood his dream.[NL]I felt I shared his vision[16]...[X][16][A][0B]Dame Selena[X][16]...[X][16][A][09]Myrrh, this wave of dark[NL]energy you spoke of[X][16]...[X][16][A][NL]Can its evil really change[NL]a person that completely?[X][A][0B]Yes[X][16]...[X][16][A][NL]All trace of this person would[NL]be consumed[X][16]...[X][16]destroyed.[A][09]How can the process be reversed?[A][0B][16]...[X][16]I'm sorry.[A][NL]That is[X][16]...[X][16]impossible.[X][A][09][801D][05][09][801C][09][16]...[X][16]I see.[A][0D][10]k[NL][8004][0D]Dame Selena.[NL]Enemy troops are heading this way![A][NL]We await your orders.[X][A][09]Understood. Tell the men[NL]we meet them head on.[X][A][15][0D][11][09]Myrrh. I release you.[X][A][NL]Return to Prince Ephraim's side.[A][0B]Dame Selena[X][16]...[X][16][A][09]I apologize, but I cannot return[NL]your dragonstone to you.[A][NL]I vowed never again to fail in[NL]my duty to His Majesty.[X][A][NL]If you want the dragonstone back,[X][NL]tell Ephraim he must defeat me.[X][A][0B]But that's[16]--[16][A][09]Go now! This place[NL]will soon run red![A]
0x0AEC	[0C][10]?[NL][0C]All troops to arms![X][A][NL]For the glory of Grado![X][A]
0x0AED	[09][10][14][NL][0D][10]"[NL][0B][10][04][NL][0B]Prince Ephraim, the Grado troops are[NL]lining up to the fore.[A][NL]Their commander is a Grado general[16]...[X][16][05][NL]It's Selena Fluorspar.[A][0D]Selena[16]...[X][16][05] I've heard she wields[NL]the power of the thunderstorm[X][16]...[X][16][A][NL]that she uses its might to attack[X][NL]from afar without mercy.[A][0B]Prince Ephraim, I urge you to exercise[NL]caution when faced with such magic.[X][A]
0x0AEE	[0B][10][1B][NL][0D][10][1C][NL][0E][10]&[NL][1C][0B]Prince Innes said they would[NL]be around here somewhere.[X][A][NL]Now where in the blazes[X][NL]is this Ephraim?[A][0D]From this distance, I can't tell[NL]which army is Frelia and which Grado.[X][A][NL]We'll have to move in closer if[X][NL]we're to sort this all out.[X][A][0E][800B][09]Ah[16]...[X][16][A][0B]Hm?[X][A][0D]Oh, what an adorable girl.[A][NL]It's all right. Come here[X][16]...[X][16][A][0B]You're a bit young to be on your[NL]own. Did you get lost then?[X][A][09][800A][08][16]......[16][A][0D]There's no reason to be afraid.[X][A][NL]This fellow's a bit scary to[NL]look at, but he's not so bad.[X][A][0B]Come now[16]... [16]Hmph.[X][NL]But she is right, you know.[X][A][NL]If you keep looking so scared, you're[X][NL]likely to hurt my feelings.[X][A][0D]Please, little one, tell us your name.[A][08]I am Myrrh.[X][A][NL]I wish to return to Ephraim's side.[X][A][0B]Ephraim?[A][NL]We're supposed to be guarding[X][NL]someone by that name[16]...[X][16][A][NL]Can you help us find him?[X][A][08]Yes[X][16]... [16]He's over there.[A][08][11][0B]Hey! Hold on![X][A]
0x0AEF	[09][10][14][NL][0F][10]&[NL][0F][800E][0C]Ephraim.[A][09]Myrrh! You're safe.[X][NL]Thank goodness.[X][A][0C]Ephraim[X][16]...[X][16][NL]I'm sorry.[A][NL]I[X][16]... [16]I[X][16]...[X][16][A][09]Myrrh[X][16]...[X][16][A][0C]It's because I forced you[X][NL]to bring me with you[16]...[X][16][A][NL]I didn't want to be a[X][NL]burden to you any longer.[X][A][NL]But all I've done is made[X][NL]you worry[X][16]...[X][16][A][NL]I'm[X][16]...[X][16]sorry[X][16]...[X][16][A][09]It's fine, Myrrh.[X][A][NL]I'm the one who should be sorry. I failed[X][NL]in my promise to watch over you.[A][NL]The battle's about to begin. I want you[X][NL]to move to the rear.[A][0C]Ephraim[X][16]... [16]Those aren't bad people.[NL]I spoke to one, and she listened[16]--[16][A][09]All right. I'll do my best[NL]to persuade them to join us.[A]
0x0AF2	[09][10][14][NL][0C][10]&[NL][0C]Dame Selena[X][16]...[X][16][A][09][16]......[16][A][02][NL]General Selena possessed[NL]a curious stone.[A][NL]Myrrh, is this the[NL]dragonstone you lost?[X][A][0C]Yes, it is.[X][A][NL]But I'm saddened by its return.[X][A][NL]My dragonstone is here and yet[16]...[X][16][A][NL]My heart is heavy with remorse[16]...[X][16][A][09]Myrrh[X][16]...[X][16][A][0C]Ephraim, can you tell me[NL]why this had to happen?[X][A][NL]Dame Selena was a good person.[A][NL]She was filled with joy when[NL]she spoke of the emperor.[X][A][NL]Why did Dame Selena[X][NL]have to die?[A][NL]Why did we have to take[X][NL]up arms against her?[A][09]I'm sorry[X][16]...[X][16][A][NL]If I could have convinced her to[NL]lay down her arms, I would have.[A][NL]It was simply not possible. I had[X][NL]no choice. She had to die.[A][NL]I know you don't approve, but you[X][NL]must know I have my reasons.[A][0C]My apologies[16]...[X][16][A][NL]Ephraim, I[16]...[X][16][NL]I am not seeking to blame you.[A][NL]It's just that[16]...[X][16]I grieve for her.[X][A][09][16]......[16][A][0C]I ventured out of the forest,[X][NL]chasing after that dark energy.[X][A][NL]I thought perhaps that I could[NL]negate its evil force.[A][NL]Is your cause so different from[X][NL]Selena's?[X][A][NL]How many good people must die[X][NL]alongside the wicked?[X][A][09]Myrrh[X][16]...[X][16][A][0C]What can we do to end this without[NL]any more good people dying?[X][A][09]I don't have any answer for you.[A][NL]But I will continue on toward the capital,[NL]and perhaps I will find one there.[A][NL]I will learn the truth behind this madness.[X][A]
0x0AF3	[09][10][14][NL][0C][10]?[NL][09]Are you Selena?[X][A][0C]Indeed I am. And you[NL]are Prince Ephraim.[X][A][09]I know you've spoken with Myrrh.[A][NL]Withdraw your troops. You must[NL]know the emperor is not rational![X][A][0C]Yes, I know.[A][09]Then why? Why do we still fight?[A][0C]I am a general of the empire.[X][NL]His Majesty's word is law.[A][09]That's ridiculous. You know the emperor is[NL]deranged, and yet you follow his orders?![X][A][NL]Is that truly loyalty?![X][A][0C]Prince Ephraim, you cannot understand.[A][NL]I know the path I'm given is foolish.[X][NL]Yet I am a knight, and I have no other.[X][A][09]Selena, please![X][A][NL]Surrender! I have no wish[X][NL]to see you die here![A][0C]Me? Die?[A][NL]Prince Ephraim, you misunderstand me.[X][NL]I have no intention of dying.[X][A][NL]Madness though it may be, I will be[X][NL]the one doing the killing today.[A]
0x0AF4	[09][10]%[NL][0C][10]?[NL][09]Well met, Selena.[X][A][0C]General Duessel[X][16]...[X][16][A][NL]I must offer you my apologies.[A][NL]I called you a traitor, but[X][NL]I was mistaken.[X][A][NL]Your loyalty never wavered,[X][NL]not for an instant.[X][A][09][16]......[16][A][0C]And yet you must know that I have[X][NL]no intention of withdrawing.[A][NL]So let us not waste words. Let us[X][NL]settle this with steel, my friend.[A][09]That's how it is to be, then? One[X][NL]of us dies by the other's hands?[A][0C]Yes. It's the path[NL]I've chosen.[A][NL]I have no regrets.[A][09]I see[X][16]...[X][16][A][NL]Well. I, too, must follow[X][NL]the path that I have chosen.[A][0C]Very well.[A]
0x0AF5	[0A][10][14][NL][0C][10][1B][NL][0C]Are you Ephraim?[A][0A]Yes, I am, but[16]...[X][16][A][0C]I'm Gerik, mercenary commander.[X][A][02][NL]Prince Innes bought our swords[NL]and sent us here to join you.[X][A][NL]Any problem with that?[A][0A]Innes sent you?[X][A][0C]Yeah, and the prince had a[NL]message for you as well.[A][NL]He said, [93]I've no need of assistance,[X][NL]Ephraim, but I'm sure you do.[94][A][NL]That's all. I figured you would[X][NL]know what he was talking about.[X][A][0A]Well, that's definitely from Innes.[X][A][NL]Regardless, your aid is welcome.[NL]Please join us in our fight.[A]
0x0AF8	[09][10]`[NL][0C][10][FF][FF][09]You must have gone through[NL]a lot to make it here.[A][NL]Did you come to warn us[X][NL]about the fighting going on?[A][NL]Thanks so much.[X][A][NL]Here, please take this staff.[X][NL]Oh, go on. Don't be shy.[A]
0x0AF9	[09][10]b[NL][0C][10][FF][FF][09]Dame Selena often visits our[NL]village when she's on patrol.[X][A][NL]She even came to our aid when[X][NL]we were attacked by bandits.[A][NL][16]......[16][A][NL]Please, I beg of you. Don't[X][NL]hurt Dame Selena.[X][A]
0x0AFA	[0C][10][14][NL][0C]The Grado capital[X][16]...[X][16][A][02][NL]It looks like it hasn't changed at[NL]all since the last time I was here.[X][A][NL]Eirika and I came here once long[NL]ago with our father.[A][NL]Duessel taught me the lance, and[NL]I studied history with Lyon.[A][02][NL]I never imagined I'd come back[NL]here armed for battle.[A]
0x0AFB	[09][10].[NL][0C][10]P[NL][0C][16]...[X][16]And so the hero Grado and his companions[NL]used the five Sacred Stones to seal away[A][NL]the evil of the Demon King, and his wicked[NL]soul was locked within the Stone of Grado.[A][NL]The Stone of Grado came to be known[X][NL]as the Fire Emblem.[X][A][NL]To this day, it's kept safe and honored[X][NL]as a national treasure of the empire.[X][A][NL][16]...[X][16]I think that's about it.[A][02][NL]For more on Grado's life, read [93]Founding[NL]Emperor Grado.[94] It's comprehensive.[X][A][09][16]...[X][16]It's so thick.[A][NL][16]...[X][16]And the letters are so small.[X][A][0C]But you have to read it. You don't want[X][NL]Father MacGregor to discipline you again.[X][A][09][16]...[X][16]I'm no good with books.[X][A][NL]The problem is they don't move.[X][NL]I get bored silly.[A][NL]I understand so much better when[NL]you explain it to me, Lyon.[X][A][0C]Yes, but[16]...[X][16]it's kind of weird to[X][NL]be helping you all the time.[A][02][NL]It's just that I admire you, Ephraim.[X][A][NL]I want to be strong, like you[X][16]--[16]brave[X][NL]and handsome[16]...[X][16][A][02][NL]I've got an idea. Why don't you teach[X][NL]me to wield a lance, Ephraim?[X][A][NL]I can't let my defeat to Eirika go[NL]unchallenged. I look foolish.[X][A][09]It's a deal.[NL]We practice tomorrow, though.[X][A][NL]If you want to beat Eirika, you[X][NL]have to take this seriously.[A][0C]Just go easy on me, all right?[A]
0x0AFC	[0C][10][14][NL][08][10]&[NL][08]Ephraim[X][16]...[X][16][A][NL]Aaaah![A][08][800A][0C][800E][15][8004][0C]Another tremor[16]...[X][16][NL]They happen a lot, don't they?[A][15][0C][800D][0B]Are you all right, Myrrh?[X][A][08]Yes, I was startled.[A][NL]Ephraim, this place[X][16]...[X][16][NL]Did it always shake like this?[A][0B]Yeah, Grado's been prone to[X][NL]earthquakes for a long time.[A][NL]Tiny tremors like that happen[X][NL]all the time. Don't worry.[A][08]Really?[X][A][NL]Um, Ephraim?[A][08][800B][0B]What is it?[X][A][09]I can feel it[X][16]--[16]from inside the[X][NL]castle, I can feel the darkness.[A][NL]I feel a broad pool of darkness[X][NL]deep within its walls.[A][0B]Perhaps it's coming from the[NL]throne room.[A][NL]That's where Emperor Vigarde,[X][NL]the man who started this, is.[X][A][NL]Let's go.[X][A]
0x0AFD	[0C][10]F[NL][09][10]@[NL][0C]Father[16]...[X][16][A][09][16]......[16][A][0C]Father[16]...[X][16][NL]Have we been foolish?[X][A][NL]When you died, I couldn't[X][NL]accept the loss[X][16]... [16]I[X][16]...[X][16][A][NL]If only I'd been stronger[X][16]...[X][16][A][NL]Urgh![X][A]
0x0AFE	[0A][10]@[NL][0C][10]k[NL][0C]Your Majesty! Enemy soldiers[NL]are headed this way![A][NL]Oh, Prince[16]--[16][A][08][10]J[NL][1C][08][16]...[X][16]Hi. What's wrong? Why such an[X][NL]unusual expression on your face?[A][NL]I'd rather you didn't look upon me[NL]as though I were some horrid beast.[X][A][0C]I[X][16]...[X][16]I beg your pardon[X][16]...[X][16][A][08]Did you say we were under attack?[X][A][NL]I want all of you to strike the foe.[NL]Bring your weapons to bear on Ephraim.[A][NL]Is that acceptable, Father?[X][A][0A]Do[16]... [16]Do as he says.[A][0C]Understood! Right away, Your Majesty![X][A]
0x0AFF	[0C][10]J[NL][09][10]@[NL][0C][16]......[16][A][NL]Command Grado, Emperor Vigarde[16]...[X][16][A][NL]Destroy Ephraim[X][16]...[X][16][A][09][16]......[16][A]
0x0B00	[0C][10]$[NL][0C]Ha ha! The spectacular capital of Grado.[NL]The richest city on the continent.[A][NL]With my expert eye, I judge this card[X][NL]to be an incomparable treasure.[X][A][NL]Once this is all done, I think I'll[X][NL]just scamper off on my own[16]...[X][16][A]
0x0B01	[0C][10][14][NL][0C]Vigarde![A][NL]Why did you invade Renais?[NL]Why did you kill my father?[X][A][0C][11][09][10]@[NL][09][16]......[16][A][09][11][0C][10][14][NL][0C]Answer me, Vigarde![X][A][15][0C][16]...[X][16]So you really have lost hold[NL]of your senses, haven't you?[A][0C][11][09][10]@[NL][09][16]......[16][A][09][11]
0x0B02	[09][10].[NL][09]You dare charge at me?[A][NL]Allow me to show you[NL]the Empire's might![A][09][11]
0x0B05	[09][10][14][NL][0C][10][04][NL][09]What? Is this[X][16]...[X][16][A][NL]Vigarde's corpse[16]--[16]it[16]...[X][16][NL]It disintegrated.[X][A][0C]It must be some type of dark magic.[X][A][NL]Regardless, the capital has been captured.[A][NL]I'll lead a patrol through the castle.[NL]There may be enemy soldiers remaining.[A][09]I'll go with you.[X][A][NL]Lyon may be somewhere[X][NL]within the castle.[A]
0x0B06	[09][10]J[NL][0C][10][14][NL][09][17]Hello, Ephraim.[X][A][NL]I've been waiting for you. Looks[NL]like you've beaten my father.[X][A][02][NL]I thought you might[X][16]...[X][16][05][NL]You really are powerful, aren't you?[A][17][0C]Lyon![X][NL]Is that you?[A][NL]Lyon, you must tell me! What[NL]has happened here in Grado?[X][A][09][16]......[16][A][0C]Why are you in this place?[A][NL]Your father[X][16]... [16]Emperor Vigarde,[NL]why didn't you stop him?[A][NL]Don't tell me you're caught[X][NL]up in this madness, too![A][NL]Answer me, Lyon![A][NL]You always told me you wanted[X][NL]what your father wanted[X][16]--[16]peace![A][09]I[X][16]...[X][16][A][NL]I[X][16]...[X][16]I[X][16]...[X][16][A][NL]Urgh![X][A][02][NL][17][8004]Let me tell you something, Ephraim.[X][A][NL]I've been waiting for this moment[X][NL]for a very, very long time.[X][A][17][0C][16]...[X][16][A][09]I will make the world Grado's[X][16]--[16][NL]No, MY plaything.[X][A][NL]I've been planning this my whole life.[NL]Why else would I befriend you and Eirika?[X][A][02][NL]I needed to learn where and how to[NL]attack and destroy Renais[X][16]...[X][16][A][NL][17]Thanks to the two of you, I learned[X][NL]all I needed to know.[X][A][NL]While you feigned compassion for my[X][NL]weakness and scorned me in your hearts.[X][A][17][0C]What?![NL]Lyon[16]...[X][16][A][NL]You're wrong. We never[16]--[16][A][09]And then my chance arrived.[X][A][NL]I replaced my useless father, readied[X][NL]my tools, and set my plan in motion.[A][NL]I began by destroying Renais[16]...[X][16][NL]And then I murdered your father.[A][0C]You[X][16]...[X][16][A][NL]You lie, Lyon![NL]You could never[X][16]--[16][A][09][17]Shall I tell you a story? Would you like[NL]to hear of your father's last moments?[A][NL]You'll laugh really. Your father's such[X][NL]a weakling, and yet he tried so hard[16]...[X][16][A][17][0C]Lyon![X][A][NL]No more insults to my father,[X][NL]or I may forget myself![X][A][09][17]Oh, are you angry, Ephraim?[X][A][NL]But, not even you can stop me now.[A][02][NL]The Stones of Frelia and Renais are dust,[X][NL]and Jehanna's is soon to follow[X][16]...[X][16][A][NL][16]...[X][16]Which leaves only two more[16]...[X][16][A][NL]I will destroy them one at a time[X][16]...[X][16][NL]I shall see my dream fulfilled[16]...[X][16][A][17][0C]What?![A][09]Ephraim, you are in my way.[X][NL]Therefore[X][16]...[X][16][A][NL]Ergh[16]...[X][16][A][02][NL][16]...[X][16]How bothersome.[X][A][NL]I truly do wish to be your opponent,[NL]but I'm not yet at full strength.[X][A][NL]Let's meet again, shall we?[X][NL]Assuming you live, of course.[X][A][02][NL]I'll grant you the honor of dying at[NL]my hand. Like father, like son, eh?[X][A]
0x0B07	[0C][10][14][NL][0C][16]......[16][A]
0x0B08	[0C][10]j[NL][0C]Reporting in, sir![NL]We've found a cell in the back.[X][A][NL]There were captives[X][16]...[X][16][A]
0x0B09	[0D][10][04][NL][0B][10][14][NL][0E][10])[NL][1C][0E]Who is it?[A][0D]Ah![X][A][0E][800A][08]Has my execution been[X][NL]moved up on the schedule?[X][A][NL]Wait. You're not a Grado[NL]soldier. Who are you?[X][A][0B]I am Ephraim of Renais.[X][NL]And who are you?[A][08]That's an odd question for an[X][NL]executioner. My name is Knoll.[A][NL]Until recently, I was one of Grado's[NL]top researchers in arcane matters.[A][0D]So why is it you are locked up here?[A][08][16]......[16][A][0B]You need not answer if you do not wish to.[NL]Tell me, what is Lyon attempting to do?[X][A][NL]I still have things I intend to ask him.[A][08]You wish to speak to Prince Lyon?[X][A][NL]You really don't know anything,[X][NL]do you?[X][A][0B]What do you mean?[X][A][NL]Is there something wrong with[X][NL]Lyon? What do you know?[X][A][08][16]......[16][A][NL]I'll tell you all I know, if[NL]you would like.[X][A][NL]However, I think you will not[X][NL]thank me once you hear it.[A][15][08]It all began one year ago[X][16]...[X][16][NL]That was when the emperor died.[X][A][NL]The emperor's health worsened,[NL]and then he[X][16]...[X][16][A][0B]Hold.[X][NL]What are you about?[X][A][NL]One year ago? That's before Grado's[X][NL]invasion of Renais began.[X][A][NL]And I just saw the emperor.[X][NL]I killed him with my own hands.[X][A][08]Allow me to continue in the order[X][NL]in which everything occurred.[X][A][NL]One year ago, the emperor died of[X][NL]the illness that had plagued him.[X][A][NL]Prince Lyon was devastated. He[NL]fell into an endless despair.[X][A][NL]He felt unworthy to take the throne,[NL]unable to rule without his father.[A][0B][16]......[16][A][08]He then began to look for a way to[NL]overturn his father's demise.[X][A][NL]He wanted to resurrect him[16]--[16][A][0B]Wait, resurrect him?[A][08]Yes.[A][NL]As you know, the Stone of Grado is[NL]possessed of[16]...[X][16]unique powers.[A][NL]It was once used to seal away the Demon[X][NL]King, and it alone held the dark one's soul.[A][NL]It burned within with the Demon King's[NL]rage, and we called it the Fire Emblem.[X][A][02][NL]Prince Lyon and a team of mages skilled in[NL]ancient lore hoped to harness its energies.[X][A][NL]I remember the joy in Prince Lyon's eyes[NL]when he spoke of using it to save lives.[A][0B]Lyon[16]...[X][16][A][08]Prince Lyon told us he intended to use[NL]the Fire Emblem to restore the emperor.[X][A][NL]His death had been kept from the public,[NL]but rumors were beginning to fly.[X][A][NL]We knew we had to hurry, before the people[NL]learned the truth of the emperor's death.[X][A][NL]Prince Lyon dedicated himself to research,[NL]skipping meals, foregoing sleep[X][16]...[X][16][A][NL]And then[16]...[X][16][A][0B]What happened?[A][08]I wasn't there, so I did not[NL]witness it firsthand.[X][A][NL]By the time I arrived, the[NL]deed had already been done.[X][A][02][NL]The Fire Emblem had been[NL]shattered, split in two.[A][NL]One was a Sacred Stone,[X][NL]and the other[X][16]...[X][16][A]
0x0B0A	[0A][10]P[NL][0C][10]/[NL][0C]Prince Lyon![NL]What's happened?[A][NL]Prince[16]...[X][16][A][0A]Oh, hello, it's you[X][16]...[X][16][NL]What was your name again?[X][A][NL]Ah, yes. Knoll. You're one[NL]of my researchers.[A][02][NL]I've glad tidings for you.[NL]My father is back.[A][0C]The emperor?[A]
0x0B0B	[0A][10]O[NL][08][10]P[NL][0C][10]/[NL][1C][0A][16]......[16][A][08]Come, Father[16]...[X][16][A][NL]Open your eyes.[X][A][0A][801E][0A][16]......[16][A][0C]Your[16]... [16]Your Majesty![X][NL]This is incredible![X][A][NL]Prince Lyon, what miracle[X][NL]is this? It cannot be![A][NL]What[16]--? [16]What is that stone?[X][A][08]This? This is the Dark Stone. It bears[NL]even more power than any Sacred Stone.[A][NL]I extracted and condensed all of the[NL]magic bound within the Fire Emblem.[X][A][NL]The Dark Stone's power is what gave[X][NL]my father back the spark of life.[X][A][0C]The Dark Stone[16]...?[16][A][08]Now that the Dark Stone is mine, I[NL]have no need for this empty husk.[X][A]
0x0B0C	[0A][10]O[NL][0A][801E][08][10]P[NL][0C][10]/[NL][1C][0C]P-Prince Lyon! The Sacred Stone[X][16]...[X][16][NL]What have you done?[X][A][08]They are all in the way.[NL]The Sacred Stones, I mean.[A][NL]Four more remain, and they[NL]must all be destroyed.[A][15][08]The only stone we need now[NL]is this Dark Stone of mine.[X][A]
0x0B0D	[09][10])[NL][0C][10][14][NL][0C][16]......[16][A][09]After that[16]...[X][16][A][NL]His Majesty ordered the invasion of[X][NL]Renais, as Prince Lyon asked him to.[A][02][NL]Father MacGregor grew concerned with[NL]Prince Lyon's health.[X][A][NL]He tried several times to dissuade him[NL]from his path.[A][NL]Prince Lyon executed him personally.[A][02][NL]I, too, was branded a traitor and arrested.[X][NL]My execution was scheduled for tomorrow.[A][0C]Lyon[16]...[X][16][A][NL]Where is he now?[A][09]Would that I knew.[A][NL]Prince Lyon frightens me now.[X][A][NL]He is[X][16]...[X][16]transformed[X][16]...[X][16][A][0C]He's[16]...[X][16][A][02][NL]Lyon is my friend.[A]
0x0B0E	[09][10])[NL][09]This way, Prince Ephraim.[X][A][NL]I believe it's here[X][16]...[X][16][A][0C][10][14][NL][0C]What is it?[X][NL]What is this place?[X][A][09]This is the former resting place of[X][NL]the Stone of Grado, the Fire Emblem.[A][NL]We've kept the Sacred Twins of Grado[NL]here as well.[X][A][NL]If we're still lucky, they may still[NL]be here.[A][0C]The Sacred Twins[16]...[X][16][A][NL]Those are the ancient weapons once[NL]wielded by the founders of our nations.[X][A][NL]Let's see if I remember my studies[16]...[X][16][A][NL]Emperor Grado's were the magic tome[X][NL]Gleipnir and Garm, the black axe.[X][A][09]That is correct.[NL]You know your history well.[X][A][0C]Yeah, it's something I learned[NL]long ago from Lyon.[X][A][09][16]......[16][A][0C]Well, let's see if they're[NL]still here, shall we?[X][A]
0x0B0F	[0A][10][04][NL][0A]Prince Ephraim.[X][A][NL]Here[16]... [16]I've found the[NL]Sacred Twin relics.[X][A][0C][10][14][NL][0C]And here they are[X][16]...[X][16][A][NL]Yet I don't understand.[X][A][NL]The Sacred Stone was destroyed,[X][NL]but these were left untouched?[A][NL]Why?[A][08][10])[NL][08]I know not[16]...[X][16][A][NL]Perhaps[X][16]... [16]No, never mind.[X][NL]It's an idle thought.[X][A][02][NL]Prince Ephraim, please take[X][NL]these relics with you.[A][0C]Is that all right?[A][08]Yes. I want you to have them. And maybe[X][16]...[X][16][A][NL]Maybe someone else wanted you to have[X][NL]them as well.[X][A]
0x0B10	[0C][10][14][NL][09][10]i[NL][09]Prince Ephraim![X][A][0C]You've come at a good time, soldier.[NL]I want you to take a message to Frelia.[X][A][NL]Actually[16]...[X][16][A][09][800B][09]We've received dire news from Jehanna![A][NL]It's about Princess Eirika and[NL]Prince Innes[16]...[X][16][A][NL]They're under attack by Grado forces[NL]led by Tiger Eye and Moonstone.[X][A][0C][800D][0B]Eirika[16]...[X][16][A][0D][10][04][NL][1C][0D]Caellach Tiger Eye and[NL]Valter Moonstone[16]...[X][16][A][NL]They're supposed to be the most[X][NL]powerful of Grado's imperial generals.[A][NL]For them to have abandoned the capital[NL]and lead the battle into Jehanna[16]...[X][16][A][09]The Knights of Rausten have ridden to[X][NL]the eastern front to aid Frelia, but[A][NL]the enemy attacks have been brutal.[X][NL]I fear for their survival.[A][0B]We march for Jehanna immediately![X][NL]We will rescue Eirika.[A][09]B-but even if we leave now, we[NL]will not make it in time[16]...[X][16][A][0B]We'll make it. Rest easy on that.[X][A][02][NL]Eirika is my sister. That one will[NL]never lay down her blade.[X][A][NL]And I am Eirika's brother. There is[X][NL]no way I'll let my sister die![A]
0x0B11	[09][10]$[NL][0C][10][14][NL][0C]You there, hold.[A][09]Huh?[05] [X][16]...[X][16]You're a man. Sorry,[NL]pal, but I'm not interested in men.[X][A][0C]What are you doing here in the castle?[A][NL]You seem to be weighed down a bit.[NL]Helping yourself to the treasure?[X][A][09][17]Ha! I've no idea what you're[NL]talking about.[A][02][NL]Now, wait a minute[16]...[X][16][A][NL]You couldn't be[X][16]...[X][16][NL]Aren't you Prince Ephraim?!?[A][17][0C]Hm? I'm Ephraim, but[16]...[X][16][A][09]I-I thought so. You're the one[NL]they call the Beast of Renais[X][16]...[X][16][A][NL]I've heard tales of how you've looted[X][NL]and pillaged your way across the land[X][16]...[X][16][A][0C]What?[X][A][09]H-hold on! Calm down! You won't[X][NL]get any treasure by killing me.[X][A][NL]If you want these goods, it'll[NL]cost you. 10,000 gold.[A][0C]10,000 gold?[A][09]Yeah[16]...[X][16][NL]Is that too high?[X][A][NL]Fine, then you get my sword[X][NL]as well. I'll join your army.[X][A][NL]So that's me and the treasure for[X][NL]only 9,980 gold! What do you say?[X][A][0C]You know, I have no idea how I[NL]got pulled into this conversation.[A][NL]9,980 gold, eh?[X][A]
0x0B12	[09][10]$[NL][0C][10][14][NL][09]What? You again?[A][NL]How about it? Gathered[NL]up 9,980 gold yet?[A]
0x0B13	[0C]I don't have that kind of money.[A][09]What? You're lying now, aren't you?[X][A][NL]Rumor has it you've stored away so[NL]much gold, you groan from its weight[16]...[X][16][A][0C][11][15][09]Whoa! H-hold on a moment![X][A][NL]You're not going to kill me just because[NL]you can't afford my price, are you?[X][A]
0x0B14	[0C]I haven't decided yet[X][16]...[X][16][NL][18]
0x0B15	[0C]Here's 9,980 gold.[NL]Is this sufficient?[X][A][09]Huh?[A][NL]M-may I really take it?[X][A][0C]Sorry?[05][NL]You set the price yourself, didn't you?[X][A][NL]Now that I've hired you, I intend to[NL]get my money's worth.[X][A][09]You[X][16]...[X][16]aren't going to stab me once[NL]I've taken your money, are you?[X][A][NL]Once the fighting's all done, you won't[X][NL]burn me at the stake or anything?[X][A][0C][16]...[X][16]What rumors are these people[NL]spreading about me?[X][A]
0x0B16	[0C]Sorry, but I don't actually[X][NL]have the gold to hire you.[A][09]What? You're lying now, aren't you?[X][A][NL]Rumor has it you've stored away so[NL]much gold, you groan from its weight[16]...[X][16][A][0C][11][15][09]Whoa! H-hold on a moment![X][A][NL]You're not going to kill me just because[NL]you can't afford my price, are you?[X][A]
0x0B17	[09][10][02][NL][0C][10][04][NL][0C]Princess Eirika,[NL]are you well?[X][A][09][16]......[16][A][0C]Princess Eirika![A][09][16]...[X][16]Oh[16]...[X][16]Seth?[X][A][0C]Yes, it's me.[X][A][NL]Please, you must rest. If we[NL]continue like this, you'll[16]...[X][16][A][09]No[16]...[X][16]it's all right.[X][NL]We're all suffering[X][16]...[X][16][A][NL]We're still completely surrounded[X][NL]by Grado's armies[X][16]...[X][16][A][NL]We may all die at any moment[16]...[X][16][NL]I can't lose focus now.[X][A][NL]Has anything changed?[X][A][0C]Unfortunately, no. On every front, our[NL]forces meet with defeat upon defeat.[A][NL]Rausten's knights are scattered and worn,[X][NL]and the enemy is closing in around them.[A][NL]And this accursed sand[16]...[X][16][A][NL]Most of the units can't get proper[NL]footing and are being slowed down.[A][NL]Mounted units are having the worst time,[NL]as their movement is severely limited.[A][NL]Princess Eirika[X][16]...[X][16][06][NL]I ask that you leave for safety.[A][NL]We'll use flying units and magic users[NL]to hold the foe here.[X][A][09]No. I will not retreat.[X][A][NL]If I give up now[16]...[X][16][NL]My brother would not forgive me.[A][NL]I'm the princess of Renais. I will[NL]fight, either to victory or to death.[X][A][15][09]Brother, I[16]...[X][16][A]
0x0B18	[09][10]H[NL][0C][10]B[NL][09]Valter[16]...[X][16][NL]You should stop playing around.[X][A][NL]If you don't finish off Eirika's[NL]forces swiftly[16]...[X][16][A][NL]Her brother's left the capital. He[NL]should be arriving here shortly.[A][NL]You don't want to be fighting her[X][NL]still when he arrives. Trust me.[A][NL]We are equals here in Grado's army.[X][NL]Would you like me to assist?[A][0C]All you need to do is vanish,[X][NL]you disgusting old man.[X][A][NL]Eirika is mine.[X][NL]I won't let you have her.[X][A][NL]She is so strong, so beautiful[16]...[X][16][NL]She's the prey I've dreamed of.[X][A][09][17]Heh heh heh[X][16]...[X][16][A][NL][17]Your fangs are still sharp, eh?[X][NL]Good. Very good.[A][02][NL]Ah, Valter[16]... [16]You're a beast.[X][A][NL]You're bound to no country. You[X][NL]care nothing for friend or foe.[X][A][NL]Kill a man, claim a woman[X][16]... [16]You live[NL]for nothing more, you wretched beast.[X][A][NL]That's your strength. That's what makes[X][NL]you stronger than any man alive.[A][NL]A beast acts without remorse. Man's[X][NL]morality cannot win. It's nature's way[16]...[X][16][A][NL]The stage is all yours, Valter. Do[NL]not fail to get the girl's bracelet.[A][NL]Our master demands it[X][16]...[X][16][A][09][11][0C]The time is nigh, Eirika[16]...[X][16][A][02][NL]Come to me![X][A]
0x0B19	[09][10][14][NL][09]There's Jehanna Hall[16]...[X][16][NL]It's nothing but a ruin now.[A][NL]Blast! I don't know what's[NL]happened, but[X][16]...[X][16][A][NL]I'd better get to Eirika and the[NL]others as soon as possible.[X][A][0C][10][04][NL][0C]I've discovered which of Grado's generals[X][NL]lead the forces surrounding the hall.[X][A][NL]Valter the Moonstone and[NL]Caellach the Tiger Eye.[X][A][NL]Two of the strongest of the empire's[NL]generals, with near-peerless forces.[A][NL]Above all else, we must rescue Princess[X][NL]Eirika, and yet[X][16]...[X][16][A][NL]If you fall, Prince Ephraim, we're all[NL]finished. And this accursed sand[16]...[X][16][A][NL]Most of the units can't get proper[NL]footing and are being slowed down.[A][NL]Mounted units are having the worst time,[NL]as their movement is severely limited.[A][NL]Some of us can move better than[X][NL]others, though[16]...[X][16][A][NL]A combination of magic wielders and sky[X][NL]riders should give us some advantage.[X][A][NL]Whatever we do, we must move cautiously.[A][09]I understand. This is just[NL]like the battle for Renvall.[A][NL]We either rescue Eirika or[NL]defeat all the enemy troops.[A][NL]If we accomplish either goal,[X][NL]victory is ours.[A][02][NL]Let's move![X][A]
0x0B1A	[09][10]F[NL][0C][10]C[NL][09]How goes it, Caellach?[A][0C]Ah, Prince Lyon.[A][NL]Thank you, Your Highness, for gracing[X][NL]me with[X][16]...[X][16]your royal[16]...[X][16]er[16]...[X][16][A][09]You can stop. There's no need for you to[NL]put on airs.[A][NL]You were made general for your military[X][NL]prowess, not your flowery speech.[X][A][0C]And an honor it is.[X][A][NL]You know, Prince Lyon, you've got a lot of[NL]nerve.[A][NL]You've really worked over your dear friend[NL]the princess of Renais. Are you satisfied?[A][09]Is there some reason you ask?[X][A][0C]No, not really.[X][A][NL]I just wanted to see how[NL]you'd react. That's all.[A][09]She[X][16]... [16]Eirika has always been[NL]a very important person in my life.[X][A][NL]Both she and her brother have been[NL]friends of mine for a long time.[A][NL]Tell me, Caellach, do you have any[NL]friends to speak of?[A][0C]Huh?[NL]Yeah, I got one.[A][NL]An old mercenary I fought with, went[NL]by the name of Joshua.[A][NL]He was a fool and a scoundrel, but[NL]now that he's gone, I miss the lad.[X][A][NL]I don't know where he's at or what[NL]he's doing, but[X][16]...[X][16][A][09]Do you miss that life? Do you ever want[X][NL]to be a mercenary again, to see him?[A][0C]Nope. The time we worked together was[X][NL]fun and all, but[16]... [16]No.[X][A][NL]I don't want to end up another no-name[NL]mercenary lying dead in a ditch.[A][NL]I'd rather serve the Grado Empire[X][NL]and make a name for myself.[X][A][NL]I'm going to see how far my axe will[NL]take me. And then, one day[16]...[X][16][A][09]One day, you'll kill me and be[NL]emperor in my stead. Is that it?[A][0C]Uh[16]... [16]That's[16]...[X][16][A][09]It's all right. Think whatever you[NL]like if it helps you do your duty.[A][NL]As long as you do what I assign you[X][NL]to do, I'm happy.[X][A][NL]But for now, I'm going. You know[NL]what you need to do.[A][0C]Yep, leave it to me.[A][NL]I am General Caellach, the Tiger Eye[NL]of the Grado Imperial Army, after all![A][NL]Once my prey is within my reach,[NL]I never let it escape.[A][NL]Too bad for the princess, but they've[X][NL]no chance at winning. None at all.[A]
0x0B1B	[09][10][14][NL][09]That building beyond the dunes[NL]is Jehanna Hall.[A][NL]I expect that's where we'll find[NL]Eirika and her companions.[A][NL]Duessel, Knoll.[X][A][NL]It's time we rescued Eirika.[NL]I'll need all your strength.[A][0B][10]%[NL][0B]Of course, Your Highness.[X][A][NL]I've pledged my service and[X][NL]my axe. You shall have both.[A][0D][10])[NL][0D]Princess Eirika[X][16]... [16]She's a[X][NL]friend of Prince Lyon's, isn't she?[X][A][NL]I'll do what I can to help you.[X][A][NL]I feel like that is what Prince[X][NL]Lyon would want.[A][09]The enemy's numbers are great, but[NL]we do not need to face them alone.[A][NL]We must move quickly to join forces[X][NL]with Eirika and her company.[A][NL]I'm sure Seth and Innes will be[X][NL]there waiting for us.[X][A][NL]Let's move![X][A]
0x0B1C	[09][10][02][NL][09]Prince Innes[16]...[X][16][NL]And Saleh.[A][NL]I'm sorry. I'm absolutely[X][NL]powerless here[16]...[X][16][A][0B][10][0F][NL][0B]Eirika, you have nothing to apologize for.[NL]We're not defeated yet.[X][A][NL]Jehanna Hall has fallen, that much is true.[X][A][NL]But if we can hold out until Ephraim arrives,[X][NL]we still have a chance of victory.[A][0D][10] [NL][0D]And reports place Lady Myrrh at[X][NL]Prince Ephraim's side.[A][NL]It is my duty to protect her.[X][A][NL]I will not die without having[X][NL]fulfilled my obligation to her.[X][A][09]You're right[16]...[X][16][NL]I made a promise, too.[A][NL]I told Ephraim I would live to see[NL]him again.[A][NL]We have to pull together. All of us. We[X][NL]just have to hold out a little longer.[A][NL]If we pool our strength now, I vow that we[NL]will all live to see our friends again.[X][A]
0x0B1E	[09][10]B[NL][09]Hello again, Ephraim.[X][A][NL]I let you flee once, but this[X][NL]time, there's no escape.[A][09][11][0C][10][14][NL][0C]Escape?[X][NL]I'm not going anywhere.[X][A][NL]I came here for you.[NL]I came to defeat you.[X][A][0C][11][09][10]B[NL][09]What's this?[A][NL]A scurrying little mouse[NL]that roars like a lion?[X][A][NL]Are you saying this time[NL]will be different than last?[A][NL]Will you finally provide me[X][NL]with some amusement?[A][09][11][0C][10][14][NL][0C]I'll do far more than that.[X][A][NL]I'll provide you with a messy[X][NL]end to your sorry life.[X][A][0C][11]
0x0B1F	[09][10]B[NL][09]What now, Cormag?[X][A][NL]Have you betrayed your[NL]oaths and your emperor?[X][A][09][11][0C][10][13][NL][0C]I have.[X][A][NL]I can no longer serve Grado.[A][NL]But I must know the truth,[NL]Valter, and you will tell me.[X][A][NL]You're the one who murdered[X][NL]my brother, aren't you?[X][A][0C][11][09][10]B[NL][09][16]...[X][16]Hmph.[X][A][NL]No reason for lies, seeing as[X][NL]you're nothing but a traitor.[X][A][NL]You're right, Cormag![X][A][NL]I was the one who cut your[NL]brother down.[X][A][NL]He was just like you, a[X][NL]weak, pitiful fool.[X][A][09][11][0C][10][13][NL][0C][16]......[16][A][02][NL]Ha[16]...[X][16]ha ha ha[16]...[X][16][A][0C][11][09][10]B[NL][09]Why do you laugh, dolt?[X][A][09][11][0C][10][13][NL][0C]How can I not?[A][NL]I've dreamt of revenge,[X][NL]chased it for days[16]...[X][16][A][NL]And now, it's here before me![X][A][NL]Oh, Valter[16]... [16]Your death[NL]will be slow and agonizing.[X][A][0C][11]
0x0B21	[0C][10]*[NL][0C]Caellach.[X][A][0C][11][09][10]C[NL][09]Hey![NL]If it isn't Joshua.[X][A][NL]It's been a long time.[NL]Have you been well?[X][A][09][11][0C][10]*[NL][0C]I've been all right. Still[NL]working as a mercenary.[X][A][NL]When did you get all proper[X][NL]and join the Grado army?[A][0C][11][09][10]C[NL][09]Didn't I tell you?[A][NL]I wasn't about to waste my[NL]life as a nameless soldier.[X][A][NL]Still, I think back on those[NL]days a lot lately[X][16]...[X][16][A][NL]My axe and your sword[X][16]...[X][16][A][NL]The two of us were a deadly[X][NL]pair, eh?[X][A][09][11][0C][10]*[NL][0C][16]......[16][A][0C][11][09][10]C[NL][09]By the way[16]...[X][16][NL]I know all about you, Joshua.[X][A][NL]Who you really are I mean.[NL]The prince of Jehanna, huh?[X][A][NL]When did you plan on sharing[NL]the wealth, you sneaky dog?[X][A][09][11][0C][10]*[NL][0C]Listen[16]...[X][16][A][NL]You can't reduce a nation to[NL]loot waiting to be divided.[X][A][NL]And more importantly, I made[NL]a vow to my mother.[X][A][NL]I'm going to succeed her as[X][NL]ruler of my homeland.[X][A][02][NL]Hey, Caellach[X][16]...[X][16][A][NL]You're the one who killed[X][NL]my mother, aren't you?[A][0C][11][09][10]C[NL][09]Yeah[16]... [16]Sorry 'bout that.[X][NL]Things happen, you know?[A][NL]C'mon, Joshua,[NL]don't hate me.[A][NL]This is war. There's nothing[NL]you can do about it.[A][NL]Besides, grudges get in the[X][NL]way of work, right?[X][A][09][11][0C][10]*[NL][0C]That's true.[NL]It's as you say.[A][NL]Listen, Caellach[16]...[X][16][NL]I've got to kill you now.[X][A][NL]Don't hold it against me.[X][A][0C][11][09][10]C[NL][09]You arrogant[16]...[X][16][NL]You haven't changed a bit![A][NL]I've always wanted to show[NL]you who's better, Joshua.[X][A][NL]And I'm even stronger than[NL]I used to be.[X][A][NL]I'm gonna wipe that smug look[X][NL]off your face for good![X][A][09][11]
0x0B22	[09][10]O[NL][09]You can come[NL]quietly in chains,[A][NL]or be left here [NL]to rot away.[A][NL]But it looks like [NL]you've made your choice.[A][NL][09][11]
0x0B27	[0C][10][02][NL][09][10][14][NL][0C][800D][0B]Brother![A][09]Eirika![X][A][0B]Oh, Ephraim[X][16]...[X][16][NL]I've missed you so.[X][A][09]And I've missed you.[A][NL]I can't tell you how happy[NL]I am to see you safe.[X][A][15][09]Oh, I almost forgot. I have[X][NL]something to give you.[A][0B]What are these?[X][A][09]These are called Sacred Twins. We[X][NL]took these relics from Grado.[X][A][NL]The dark tome Gleipnir and[NL]the black axe Garm[16]...[X][16][A][02][NL]I doubt either of us can use them, but[16]...[X][16][A][NL]Why not see if one of your companions can[X][NL]use them. They might have better luck.[A][0B]They're from Grado?[X][A][NL]Does this mean Grado Keep[X][NL]has fallen?[X][A][09]Yes. I conquered the capital and[NL]defeated Emperor Vigarde.[X][A][NL]But still[X][16]...[X][16][A][0D][10]"[NL][0D]Eirika, may I make[NL]a suggestion?[X][A][NL]We've been able to[NL]join forces here so[X][16]...[X][16][A][NL]How about if we all get together[NL]and trade information.[A][NL]There are people on both[NL]sides waiting after all.[A]
0x0B28	[0C][10][02][NL][09][10][14][NL][09][800C][0A]Eirika![X][A][0C]Brother![A][0A]You've done well, Eirika.[X][A][0C]Thanks to you, Ephraim.[X][A][NL]Ah[16]... [16]Wait a moment.[NL]I've something to give you.[X][A][0A]These are[X][16]...[X][16][A][0C]These are the Sacred Twin[X][NL]relics of Jehanna.[A][NL]The ice sword Audhulma and[NL]the wind blade Excalibur.[X][A][0A]Jehanna's Sacred Twins?[X][A][NL]But it seems like we were[X][NL]too late[16]...[X][16][A][NL]Jehanna Hall has fallen.[A][0C]Yes, and Queen Ismaire died[X][NL]resisting Grado.[A][08][10]"[NL][08]Now that we have, at last, been[X][NL]reunited once again,[A][NL]perhaps this would be a good[NL]time to share information.[A][NL]I'm sure we all are most anxious[NL]to learn of what has happened.[A]
0x0B29	[08][10][02][NL][0A][10][14][NL][0B][10][0F][NL][0D][10]"[NL][0A]I see unfamiliar faces among you here,[NL]so allow me to introduce myself.[A][NL]I am Ephraim, Eirika's brother and[NL]crown prince of Renais.[X][A][0D]I'm Princess L'Arachel of Rausten.[NL]The pleasure is mine, of course.[A][0A]I'll begin by telling you of[NL]how we've fared in our mission.[X][A][NL]We seized the Grado capital and[X][NL]defeated her emperor, Vigarde.[A][NL]Grado's capital guard have, to a man,[X][NL]surrendered and laid down their arms.[X][A][NL]Pockets of resistance remain, but the[X][NL]war itself is over.[X][A][0B]Is that so?[X][A][0A]However, something remains that[X][NL]still bothers me.[X][A][NL]A Grado man named Knoll told me about[X][NL]something called a [93]Dark Stone.[94][A][15][0A]Their mages had uncovered lore that led[X][NL]them to craft a powerful magic stone.[X][A][NL]This Dark Stone may have been the[X][NL]catalyst of Grado's transformation.[X][A][NL]It seems to be the source of that black[X][NL]wave of energy Myrrh described.[X][A][15][0A]Vigarde died some time ago, but the power[X][NL]of the stone played him like a puppet.[A][NL]The war and everything that passed since[NL]was planned by the Dark Stone's master.[X][A][0B]Well? Who is it?[A][8004][0A][16]...[X][16]I still can't believe it,[X][NL]but I'll tell you nonetheless.[A][NL]According to Knoll, the man behind[NL]this is Lyon, the imperial prince.[A][NL]He said Lyon's got the Dark Stone.[A][0B]Figures it's Prince Lyon[16]...[X][16][A][08]No, that doesn't make any sense.[A][NL]Ephraim and I know Lyon better than[X][NL]that. We've been friends for years.[X][A][NL]Lyon's not the sort of person who[X][NL]could start a war like this.[A][0B]But, Eirika[X][16]...[X][16][A][08]I saw Lyon recently.[A][NL]Ephraim, you might know this, but after[X][NL]I abandoned the sea route to Rausten,[X][A][NL]I traveled overland with Prince[X][NL]Innes to Jehanna.[X][A][NL]We ran into trouble with Grado's[NL]forces, and I chanced upon Lyon.[A][NL]He didn't share the details of his[NL]situation, but he intimated that[A][NL]he was on our side. Despite all[X][NL]appearances, he was on our side.[A][NL]So Lyon[X][16]...[X][16][A][0A]Eirika,[X][NL]I also met Lyon.[A][08]Did you really?[X][A][0A]Yes. But, he was like a[X][NL]completely different person.[A][NL]To be honest, he didn't seem[NL]to be completely[16]...[X][16]human.[A][08]Ephraim[X][16]...[X][16][NL]What are you saying?[A][0A]I'll tell you what I saw.[X][A][NL]I found Lyon inside Grado Keep.[X][A][NL]This is what he told me:[NL]He said he was behind this war.[X][A][NL]He said he'd befriended us solely so that,[NL]one day, he could invade Renais[X][16]...[X][16][A][NL]He told me he killed our father.[A][08]That[16]... [16]That can't[16]...[X][16][A][0A]I know. I can't believe it either.[NL]I refuse to believe it.[X][A][NL]How could he have planned all[X][NL]this since he was a child[X][16]...[X][16][A][NL]I simply can't fathom it.[X][A][15]
0x0B2A	[0A]I've heard Lyon changed when he acquired[NL]the Dark Stone.[X][A][NL]I've no interest in magic, but[16]...[X][16][NL]There was something uncanny about him.[A][NL]It seemed almost as though he were being[NL]controlled by something himself.[A][08][16]......[16][A][0B]The two of you might find this hard[X][NL]to accept, but[16]...[X][16][A][NL]The state of Prince Lyon's heart matters[NL]little. He has the Dark Stone.[A][NL]That rock is the cause of all that's[NL]happened. The prince must be stopped.[X][A][8004][0D]Not yet. There is something[X][NL]that needs doing first.[X][A][08]L'Arachel?[A][0D]Prince Ephraim, I do believe you[NL]felt it as well.[A][NL]The Dark Stone held by Prince Lyon[16]...[X][16][NL]It exudes a malefic miasma[16]...[X][16][A][NL]We might be able to handle Prince Lyon[NL]alone, but that stone is beyond our ken.[A][08]Then what do you suggest?[X][A][0D]The Sacred Stones.[A][08]The Sacred Stones?[A][0D]We've all heard the legend of the[X][NL]five Sacred Stones.[X][A][NL]They alone possessed the power to[X][NL]seal the Demon King away forever.[X][A][NL]So, of course, to dispel demonic[NL]magic, we must use the Sacred Stones![X][A][0B]You expect us to pin the outcome[NL]of this war on some fool legend?[A][0A][16]...[X][16]Not just the legend.[NL]We also have hope.[A][15][0A]According to Lyon,[A][NL]he has already seen to the destruction of[X][NL]Grado's, Frelia's, and Jehanna's stones.[A][08]Hm. That explains something[X][16]...[X][16][A][NL]Grado forces attacked me, intent on[X][NL]destroying the Stone of Renais.[X][A][NL]If that could be the reason they[NL]chose to invade Renais[16]...[X][16][A][NL]The power of the Sacred Stones may[NL]be greater than we'd ever known.[A][0D]Yes, exactly![X][A][NL]If we acquire a Sacred Stone, we'll be[NL]able to oppose the Dark Stone's might![A][0B]But three of the stones have been[X][NL]shattered, and our options are few.[X][A][NL]Do you suppose that, during the[X][NL]invasion of Renais[16]...[X][16][A][0A]No, I don't think so.[X][A][NL]The Stone of Renais is hidden by the[NL]power of Eirika's and my bracelets.[X][A][08]Grado has made many attempts[NL]to take our bracelets.[A][NL]Every one has failed, and so[NL]the stone may still be safe.[A][0A]We have to confirm that, of course.[X][A][NL]We've defeated Grado, and we must[X][NL]turn our eyes to our homeland.[A][NL]It's time to return to Renais.[A]
0x0B2B	[09][10]&[NL][0D][10] [NL][0D][800E][0C]Lady Myrrh.[X][A][09]Saleh[X][16]...[X][16][A][0C]I'm grateful to see you well.[X][A][NL]The people of Caer Pelyn will[X][NL]be overjoyed that you're safe.[A][09]I must apologize to you, Saleh.[X][A][NL]You were there to protect me from[X][NL]the very start of my journey.[X][A][NL]When we were attacked, I was[NL]separated from you, and[X][16]...[X][16][A][NL]I'm so sorry to have worried you.[X][A][0C]Lady Myrrh.[X][A][NL]As long as you are safe, we have[NL]nothing to be worried about.[A][NL]It will be my honor to serve you[NL]until your mission is complete.[X][A][09]Thank you, Saleh.[X][A]
0x0B2C	[09][10][14][NL][09]Eirika![X][A][0C][10][02][NL][0C]Brother?[A][NL][0C]Is that really you? You're[NL]not some phantom, are you?[A][09]No, it's really me.[X][A][NL]Hold.[X][NL]Enemies approach.[X][A][09][11][0C][16]...[X][16]Ephraim.[A][NL]Even when we were children, you[X][NL]were always there to protect me.[A]
0x0B2D	[09][10][14][NL][0C][10][04][NL][0C]Prince Ephraim.[X][A][09]It's good to see you, Seth.[X][NL]You've served Eirika well.[A][NL]I knew my sister would be safe[NL]as long as you were with her.[X][A][0C]No, she's safe only because you[X][NL]came to our aid today.[A][NL]Our situation still is not one[NL]to promote optimism, but[16]...[X][16][A][09]Yes, this is the crux of the war.[X][A][NL]The majority of Grado's strength[NL]is arrayed before us[16]...[X][16][A][NL]We're going to win, Seth.[X][A][0C]Yes, sir.[X][A]
0x0B2E	[09][10][14][NL][0C][10][16][NL][09]Forde![A][0C][17]Ah, greetings, Prince Ephraim. Your[X][NL]timing is flawless, as ever.[A][NL]Riding in at the nick of time with your[X][NL]armor shining and your lance ready[16]...[X][16][A][NL]It must be nice to be the dashing hero.[X][NL]I'd like to try it someday.[X][A][17][17][09][16]...[X][16]That's just like you, Forde.[A][NL]You make even a crisis such as this[X][NL]seem like a stroll in the garden.[X][A][0C]They say that's one of my best traits.[A][NL]You know, Prince Ephraim, you've changed[NL]since the last time I saw you.[A][NL]You're more[X][16]--[16]how should I put it?[16]--[16]kingly?[X][NL]Is that even a word?[A][09]You've changed a bit, too. It looks[X][NL]like the journey has made you strong.[X][A][NL]What say we show the Grado stragglers[X][NL]how tough we've become? Let's go![X][A][0C]Music to my ears, milord.[X][A]
0x0B2F	[09][10][14][NL][0C][10][18][NL][09]Kyle![X][A][0C]Prince Ephraim![X][A][09]You've done a great service in[NL]protecting Eirika all this time.[A][NL]Assigning you the task was the[NL]right thing to do.[A][0C]It was no task[16]--[16]it was an honor. I shall[NL]continue to protect her as best I can.[A][NL]Until your orders for me change, my[X][NL]prince, I'll guard her well.[A][09]We'll do so together, Kyle, because[X][NL]this is where we join our forces.[X][A][NL]Let's you and I finish off these[NL]last remnants of Grado's army.[A][0C]Yes, sir![X][A][09]It looks like you've had plenty of[NL]chances to improve your swordsmanship.[A][NL]I expect you to surprise me out there.[A][0C]You've grown yourself, milord.[A][NL]You've the dignity of a king now.[X][NL]Like your father before you.[A][09]D-do you mean that?[X][NL]You must be mistaken.[X][A][0C]I am not! It is precisely why I am,[X][NL]now and forever, your loyal servant![A]
0x0B30	[09][10][14][NL][0C][10][0F][NL][0C]It's been a long time, Ephraim.[X][A][09]Innes, is that you?[X][A][0C]You arrived sooner[NL]than I'd expected.[A][NL]Eirika is safe. You've[NL]no need to worry.[X][A][09]I've heard that you've been[X][NL]watching over Eirika.[X][A][NL]I should like to offer you[NL]my gratitude.[X][A][0C]It's not necessary. Besides,[NL]there's still a war to be won.[A][NL]We can't rest easy till every last[NL]Grado soldier's been defeated.[A][09]You're right. Let's go![X][A]
0x0B31	[09][10]%[NL][0C][10][13][NL][0C]General Duessel.[A][09]Cormag![X][A][NL]You're[16]...[X][16]here[16]...[X][16][A][0C]I turned my back on Grado to[NL]avenge my murdered brother.[X][A][NL]I never imagined I'd see you[NL]abandon Grado's army, though.[X][A][09][16]...[X][16]Circumstance has made[X][NL]me a traitor, it seems.[X][A][NL]It's ironic. Two men who threw away[X][NL]their country, riding side by side.[X][A][0C]Mm.[X][A][NL]General Duessel, I would consider it[NL]an honor to serve under you again.[A][09]No, I'm a man with no country.[NL]I'm no longer a general of Grado.[X][A][0C]And I'm the same. Really, when[NL]you look at it, nothing's changed.[A][NL]Then I simply choose you as the[X][NL]man I ride with and protect.[A][09]Cormag[16]...[X][16][A]
0x0B32	[0C][10][02][NL][09][10][04][NL][09]Princess Eirika,[NL]are you well?[X][A][0C]Seth![X][NL]If you're here[16]...[X][16][A][09]Prince Ephraim is safe as well.[X][A][NL]Princess Eirika, we will stop the[X][NL]remaining enemy soldiers here.[A][NL]Would you please take caution and[X][NL]think of your own safety?[X][A][0C]Thank you, Seth.[A][NL]You've saved me so many times[X][NL]since the fall of Renais[16]...[X][16][A][09]It is my duty. Let's go,[NL]Princess Eirika.[A]
0x0B33	[0C][10][02][NL][0E][10],[NL][0E][800B][09]Oh, Eirika![X][NL]Here you are![X][A][0C]Tana![X][NL]You've come as well?![X][A][09]Yes, I came all the[X][NL]way with Ephraim.[X][A][NL]I'm just so happy to[NL]see you're safe.[A][0C]Tana. Thank you so much[X][NL]for coming to my aid.[X][A][09]Well, of course I came.[X][NL]That's natural.[X][A][NL]We're friends after all![A]
0x0B34	[0C][10][0F][NL][09][10],[NL][09]B-Brother.[A][0C]Tana?[X][NL]Why are you here?[X][A][NL]I told you to remain at[X][NL]Castle Frelia.[A][09]Don't talk to me like that.[X][A][NL]I'm a fully sworn knight[NL]of Frelia, you know?[A][NL]I came all the way here[X][NL]with Prince Ephraim.[A][0C]What? With that man?[A][09]Brother![NL]Ephraim's a good person.[A][NL]We can talk about this later.[X][NL]I still see enemy troops about.[X][A][NL]I think we should join forces[X][NL]and fight together.[X][A][0C]Working together is, of course,[X][NL]the best strategy.[A][NL]But don't do anything foolish, Tana.[NL]Who knows what Father would think.[A][09]I understand.[X][A][NL]You try not to be overly[NL]heroic yourself, Brother.[X][A]
0x0B35	[0C][10] [NL][09][10]![NL][09]Ah! Teacher.[A][0C]Ewan? What are[NL]you doing here?[X][A][09]I came with Prince Ephraim[NL]and his friends.[A][NL]I've done a lot of good[X][NL]work, Teacher.[A][0C]Is that so[16]...[X][16][A][NL]Well, if you all hadn't shown[X][NL]up, I'm sure we'd be dead now.[A][NL]You've saved us, Ewan. Thank[NL]you. I am in your debt.[X][A][09]Do you mean that?[X][A][NL]As a reward, will you teach[X][NL]me some more powerful magic?[A][0C][16]...[X][16]I suppose I should at that.[X][NL]But all in good time, Ewan.[X][A][09]Yahoo![A]
0x0B36	[09][10]_[NL][0C][10][FF][FF][09]Jehanna Hall[16]...[X][16]has fallen.[X][A][NL]I wonder what's become of Queen[X][NL]Ismaire.[A][NL]You there[X][16]...[X][16][NL]Take this, and do some good with it.[A]
0x0B37	[09][10]][NL][0C][10][FF][FF][09]All the highest generals in Grado's army[NL]receive titles named after gemstones.[X][A][NL]The emperor currently has six gemstones[X][NL]fighting in his service.[A][02][NL]Caellach, the Tiger Eye, commands the[X][NL]forces fighting here.[X][A][NL]The Moonstone, Valter, is taking part in[NL]this battle as well.[A][NL]Glen, also known as the Sunstone, died[NL]in the mountains of Carcino.[A][NL]Selena Fluorspar was killed in[NL]western Grado.[A][NL]Duessel, whom they call Obsidian,[X][NL]is missing in action[16]...[X][16][A][NL]The Blood Beryl, whose real name is[X][NL]Riev, has also gone missing.[A][02][NL]Hm?[X][NL]How do I know all this?[X][A][NL]I know I may look young and naive,[NL]but this is my job.[X][A][NL]I'm here to pass this information[X][NL]along and help you out.[X][A][NL]And it's good information, too, so[NL]don't waste it.[X][A]
0x0B38	[09][10][[NL][0C][10][FF][FF][09]According to this ancient document[16]...[X][16][A][NL][16]...[X][16]There was a huge battle here[NL]long, long ago.[X][A][NL]Every day, I'm out here digging up ancient[NL]weapons and artifacts out of the sand.[A][NL]There are still more to be found,[X][NL]of that you can be sure.[A][NL]It's even said a long-dead sage left a[NL]copy of Metis's Tome out here[X][16]...[X][16][A][02][NL][17]Oh! But I won't give that to anyone[X][NL]if I find it. Not a chance![X][A][17]
0x0B39	[08][10][02][NL][0A][10][14][NL][0C][10][04][NL][08]Brother[X][16]...[X][16][A][0A]What has happened to our home? What[X][NL]has happened to Castle Renais?[A][NL]How did it come to be so ruined?[NL]So desolate?[A][0C]Spies report that the castle is[X][NL]being held by the traitor Orson.[A][8004][0A]Orson[X][16]...[X][16][A][NL]In retrospect, I realize he's[X][NL]been acting odd for a while now.[A][NL]He seemed so[16]...[X][16]dispirited.[X][A][0C]His wife passed away some six[X][NL]months back.[A][NL]The loss may have been too much[X][NL]for his mind to bear.[X][A][NL]His love and devotion for his wife[NL]were well known among the knights.[A][08][16]......[16][A][0C]Now, he sits alone in the king's[NL]former bedchambers.[X][A][NL]He makes no effort to govern.[X][A][NL]No one is allowed to enter the[NL]chambers, and he takes no meals.[A][08]What could he possibly be doing?[A][0C]I do not know. The spies had no[X][NL]insight into his behavior.[A][NL]He does nothing to deal with the dark[X][NL]creatures and bandits roaming the land.[X][A][NL]Reports say all of Renais is engulfed[X][NL]in chaos.[X][A][NL]Region after region is revolting, and[X][NL]Orson's reign is already crumbling.[X][A][NL]Left alone, it may very well collapse[X][NL]under the weight of its own neglect.[A][0A]We cannot allow the situation[X][NL]to reach that point.[A][15][0A]We're going home, Eirika.[X][NL]We're going to the castle.[A][08]I hear you, Ephraim.[A]
0x0B3A	[0A][10][14][NL][08][10][02][NL][0F][10]&[NL][0F][800F][0D]Um, Ephraim?[A][0A]What is it, Myrrh?[A][0D][800E][0C]I-I will fight with you.[A][NL]Now that Selena has returned[NL]my dragonstone to me[16]...[X][16][A][NL]I'll do what I can until its[NL]power runs out.[X][A][NL]Let's take back your home.[A][08]Are you sure about this?[A][0C]For the two of you[16]...[X][16][NL]I simply want to help.[A][0A]All right. I understand. But[NL]you must make me a promise.[X][A][NL]You are never to stray from[X][NL]our sides. Got that?[A][0C][800E][0C]Of course[X][16]...[X][16][A]
0x0B3B	[17][0A][10]D[NL][0A]What is it, Monica?[X][A][NL]You seem so happy today.[A][15][0A]Of COURSE I know what today is.[X][NL]I'd never forget your birthday![X][A][NL]I have a present for you, dear.[X][NL]I think you'll like it[16]...[X][16][A]
0x0B3C	[08][10]F[NL][0B][10]m[NL][1C][0B]Huh? Who do you think you are?[A][NL]These are the chambers of Orson,[NL]steward of Renais.[A][NL]There's no place here for a street[NL]urchin like you, boy.[X][A][0D][10]k[NL][0D]You[X][16]... [16]You fool![X][A][NL]This is Prince Lyon![A][0B]What? This whelp is[X][16]...[X][16][A][NL]I-I beg your forgiveness![X][A][08][16]......[16][A][NL]It's all right.[X][A][NL]I'm not the sort of person[NL]others hold in esteem[X][16]...[X][16][A]
0x0B3D	[0C][10]k[NL][09][10]m[NL][09]You know something? That Orson[16]...[X][16][NL]He gives me the creeps.[X][A][NL]What do you think he's doing back there?[A][NL]I've heard lots of bizarre rumors from[NL]the master of the mess hall.[A][NL][16]...[X][16]Do you think he needs help?[X][NL]Could he be dangerous?[A][0C]I don't care. I'm here for the money.[X][NL]As long as I get paid, I'm happy.[X][A][NL]But on the subject of rumors, have you[NL]heard the stories of the secret treasure?[X][A][NL]There's supposed to be some fabulous[NL]wealth hidden in Castle Renais.[X][A][NL]I tell you, if I find it, I'm gone.[X][A]
0x0B3E	[0C][10]k[NL][09][10]m[NL][09][16]...[X][16]Who in the world is that?[X][NL]What a creepy-looking man.[A][0C]Shh[X][16]... [16]He can hear you.[A][09]You want to talk about creepy, that[X][NL]Orson's the one who chills my hide.[X][A][NL]What do you think he's doing back there?[A][NL]I've heard lots of bizarre rumors from[NL]the master of the mess hall.[A][NL][16]...[X][16]Do you think he needs help?[X][NL]Could he be dangerous?[A][0C]I don't care. I'm here for the money.[X][NL]As long as I get paid, I'm happy.[X][A][NL]But on the subject of rumors, have you[NL]heard the stories of the secret treasure?[X][A][NL]There's supposed to be some fabulous[NL]wealth hidden in Castle Renais.[X][A][NL]I tell you, if I find it, I'm gone.[X][A]
0x0B3F	[0A][10]D[NL][0F][10]H[NL][0F][17]Heh heh heh[X][16]...[X][16][A][17][0A][16]......[16][A][0F][800F][0D]It does my heart good to see you looking[NL]so happy, Orson.[A][NL]See what joy your treachery has brought[X][NL]you? I told you treason would be sweet.[X][A][0A][16]...[X][16]Get out.[A][NL]This is Monica and my place. I will[X][NL]not have our home disturbed by anyone.[A][NL]I did as you asked. I betrayed Renais.[NL]My promise has been kept.[X][A][0D][17]Heh heh heh[X][16]...[X][16][17] How long are you[X][NL]going to continue this nonsense?[A][NL]Eirika and Ephraim have joined forces.[A][NL]Even now, their united forces march[X][NL]toward the capital, toward you.[X][A][0A]Eirika?[X][A][0D]You can't imagine they'll forgive[X][NL]you for your treachery, can you?[A][NL]I expect the sin of your betrayal has[X][NL]shattered your entire family's name.[A][NL]And after all you did to free your wife[X][NL]from the cold clutches of the grave[X][16]...[X][16][A][NL]It's a shame that she'll be sent back[X][NL]there dangling from the hangman's noose.[A][0A]No! That can't happen[X][16]--[16][A][0D][17]Heh heh heh[X][16]...[X][16][NL][17]Oh, but it can, and it will.[A][NL]Unless you do something to stop it. You[X][NL]understand what is required, don't you?[X][A][NL]You have your orders, Orson.[NL][17]Heh heh heh[X][16]...[X][16][A][17][0D][11][0A][16]...[X][16]Monica, I'm sorry. I have something[X][NL]I must do. Please wait for me here.[X][A][NL]Oh, darling, don't look so sad. I'll be[X][NL]back soon, and then I'll never leave.[X][A][NL]I must do this to protect our happiness.[NL]You understand that, don't you?[X][A][NL]All right then. I'll be back.[X][A]
0x0B40	[0A][10]D[NL][17][0F][10]F[NL][0A]What is it, Monica?[X][A][NL]You seem so happy today.[A][15][0A]Of COURSE I know what today is.[X][NL]I'd never forget your birthday![X][A][NL]I have a present for you, dear.[X][NL]I think you'll like it[16]...[X][16][A][0F]Orson.[A][0A][16]......[16][A][17][0F][800F][0D]Do you still recognize me, Orson, or[NL]are you entirely lost to this world?[A][NL]Yes, it's me, Prince Lyon.[A][NL]I'm the one to whom you are indebted[NL]for resurrecting your beloved wife.[X][A][0A][16]...[X][16]Get out.[A][NL]This is Monica and my place. I will[X][NL]not have our home disturbed by anyone.[A][NL]I did as you asked. I betrayed Renais.[NL]My promise has been kept.[X][A][0D]Yes, and I'm very grateful to you.[A][NL]I came by today to offer you a[NL]piece of advice. Nothing more.[A][02][NL]Ephraim is coming, Orson.[X][A][NL]He's on his way here to steal[X][NL]the happiness you two share.[A][0A]Prince Ephraim?[X][A][0D]That's right, Orson. And he's angry.[A][NL]I don't think he'll forgive you for[X][NL]betraying Renais.[X][A][NL]You've done so much to free your wife from[NL]the grave. It's a shame she'll die with you.[A][0A]No! That can't happen[X][16]--[16][A][0D]That's all I have to say to you.[A][NL]What you do now is up to you.[X][A][0D][11][0A][16]...[X][16]Monica, I'm sorry. I have something[X][NL]I must do. Please wait for me here.[X][A][NL]Oh, darling, don't look so sad. I'll be[X][NL]back soon, and then I'll never leave.[X][A][NL]I must do this to protect our happiness.[NL]You understand that, don't you?[X][A][NL]All right then. I'll be back.[X][A]
0x0B41	[09][10]F[NL][09][16]......[16][A][0C][10]H[NL][0C][17]Heh heh heh[X][16]...[X][16][A][NL][17]He believes that thing is his wife[16]...[X][16][NL]Aren't people amusing?[A][09]Urr[X][16]...[X][16][A][NL]Why[X][16]...[X][16][NL]This terrible[X][16]...[X][16][A][02][NL]Uh![X][NL]Urr[X][16]...[X][16]gaa[X][16]...[X][16][A][NL]Ahh[X][16]...[X][16]urr[X][16]...[X][16][A][0C]Oh my, your nasty illness rearing[X][NL]its ugly little head again?[X][A][NL]There's no need to worry. The[X][NL]pain will pass shortly[16]...[X][16][A][NL]Leave everything to your humble[X][NL]servant, Riev. [X][17]Heh heh heh[X][16]...[X][16][A][17]
0x0B46	[0C][10][16][NL][0C]Sir Orson[X][16]...[X][16][A][NL]Why did you have to[X][NL]betray us?[A][NL]Your departed wife[NL]is weeping in shame.[A][0C][11][09][10]D[NL][09]You're wrong, Forde.[A][NL]My wife is happy.[X][NL]We are so very happy.[X][A][09][11]
0x0B4B	[0A][10][14][NL][08][10][02][NL][0A]We've finally made it back.[X][A][NL]Yet[X][16]...[X][16][A][08]Mmm[X][16]...[X][16][A][NL]We can repair the castle, and what[NL]was stolen, we can do without.[A][NL]But the wounds and suffering inflicted[NL]upon the people of Renais[X][16]...[X][16][A][0A]It's too late to undo their pain.[X][A][NL]Once I become king, I must set our[NL]country right.[A][NL]I doubt the people will give me a warm[NL]reception, though. I did abandon them.[A][NL]All I can do is try to win back their[X][NL]trust, no matter how long it takes[16]...[X][16][A]
0x0B4C	[0A][10][14][NL][08][10][02][NL][0C][10][04][NL][0C]Princess Eirika, Prince Ephraim.[A][NL]You should look outside.[A][0A]Outside?[A]
0x0B4D	Prince Ephraim![X][NL]Princess Eirika![A]
0x0B4E	The king has returned![NL]Our king![X][A]
0x0B4F	Glory to Renais![NL]Long live King Ephraim![X][A]
0x0B50	[0A][10][14][NL][08][10][02][NL][0C][10][04][NL][0A][16]......[16][A][0C][16]...[X][16]They're not cheering for you. They cheer[NL]because Orson's misrule is at an end.[X][A][NL]They cheer the possibility of a better[NL]tomorrow, not the deeds we did today.[X][A][NL]But how will the hearts of the people[X][NL]move tomorrow and the next day?[X][A][NL]That is for you to decide.[A][0A]I will not let their hopes and dreams[X][NL]be shattered again.[X][A][NL]I will be king. Like my father before me, I[X][NL]will dedicate myself to their happiness.[A][08]And I will do all I can to help, Ephraim.[X][A]
0x0B51	[0A][10][14][NL][08][10][02][NL][0C][10][04][NL][0C]Prince Ephraim, Princess Eirika.[A][NL]Before Renais fell, King Fado entrusted[X][NL]me with this message:[X][A][02][NL][93]Raise the twins' bracelets in the hall[X][NL]of kings.[X][A][NL]The seal will be broken. The resting place[NL]of the Sacred Stone will be revealed[16]...[X][16][94][X][A][0A]I understand.[X][A][08]So we're supposed to raise our[NL]bracelets over our heads, right?[A][0A]Let's try it, Eirika.[X][A][08]I'm ready, Ephraim.[X][A]
0x0B52	[09][10][14][NL][0C][10][02][NL][09]This is the Stone of Renais[X][16]...[X][16][A][0C]Yes. This is one of the five stones[X][NL]that defeated the Demon King.[X][A][09]If Lyon had acquired our bracelets, the[X][NL]stone would have been destroyed by now.[X][A][NL]Together, we protected the only power[X][NL]that can help us stop Lyon's insanity.[A][0C]Yes. It's the only hope left to us.[X][A][NL]Hope for you and me, and the last[X][NL]true hope for peace[X][16]...[X][16][A]
0x0B53	[09][10][14][NL][0C][10][02][NL][09]Let's get back, Eirika.[X][A][0C][16]...[X][16]Huh?[A][NL]Brother, look![NL]Our bracelets, they're[16]...[X][16][A][09]What is this?[X][A][NL]Are they reacting to the[NL]light of the stone?[X][A]
0x0B54	[09][10][14][NL][0C][10][02][NL][0C]I can't believe the bracelets[X][NL]contain so much power[X][16]...[X][16][A][09]I wonder if Father anticipated all of this[NL]long ago.[X][A][NL]When I was growing up, I never thought[NL]about becoming king.[A][NL]I only wanted to be a good soldier, a good[NL]warrior. The best on the battlefield.[X][A][NL]Father never understood what I wanted,[NL]but[X][16]...[X][16]I never understood him, either.[X][A][0C][16]......[16][A][09]It was the same when Grado[NL]invaded Renais.[X][A][NL]I should have stayed home[X][NL]to defend the kingdom[X][16]...[X][16][A][NL]Instead, I raced off to[X][NL]fight for personal glory.[X][A][0C]Brother[X][16]...[X][16][A][NL]I don't think you know how well[X][NL]Father understood your feelings.[A][NL]When I last saw him, he was concerned[X][NL]for nothing but our safety[16]...[X][16][A][0C][11][09][11][0D][10][02][NL][0B][10][14][NL][08][10][04][NL][08]Eirika is correct. King Fado asked[NL]after your exploits every day.[A][NL]He always told me what a fine king[NL]you would one day make.[X][A][0B]Father[16]...[X][16][A][08]Now Prince Ephraim, Princess Eirika.[NL]Please follow me.[X][A][NL]The Sacred Twins of Renais should be[NL]near the stone's reliquary.[X][A]
0x0B55	[0C][10][14][NL][09][10][04][NL][09]Ah, here we go. This lance can only[X][NL]be one of the Sacred Twins of Renais.[X][A][NL]Please, Prince Ephraim, take this[X][NL]sacred relic and feel its weight.[X][A][0C]So this is one of our Sacred Twin[X][NL]relics, is it? I've never seen them.[A][NL]Look, there's a name inscribed here.[A][02][NL]Siegmund, the Flame Lance.[A]
0x0B56	[0C][10][02][NL][09][10][04][NL][09]And this blade is sister to the lance,[NL]the other Sacred Twin of legend.[A][NL]Princess Eirika, if you would?[A][0C]Of course.[A][NL]There's a name carved here as well.[X][A][02][NL]Sieglinde, the Thunder Blade[16]...[X][16][A]
0x0B57	[0C][10][02][NL][0C]These are the ancient weapons of our[NL]ancestors[X][16]--[16]the weapons of heroes.[A][NL]They were enshrined generations ago,[NL]to be used only by the king[X][16]...[X][16][A][NL]and only in times of dire need.[X][A][02][NL]Such an awful power they possess, and[X][NL]yet we need them to restore peace.[A][NL]I've seen enough of the horrors of[NL]war, but I can't turn my back on it.[A][NL]If we merely turn our eyes away, we[X][NL]surrender our world to atrocity.[A][NL]And so, I must fight.[X][A][NL]I'll do whatever I must do to bring[X][NL]back the peace we once knew.[A]
0x0B58	[0C][10][14][NL][0C]These are the ancient weapons of our[NL]forefathers[X][16]--[16]the weapons of heroes.[A][NL]They were enshrined generations ago,[NL]to be used only by the king[X][16]...[X][16][A][NL]I don't know if this is a burden[NL]I'm capable of bearing[16]...[X][16][A][NL]but I do know that this is no time[NL]to curse my fate.[X][A][02][NL]I will fight. For my father, for my[X][NL]country, and for my people.[X][A]
0x0B59	[09][10][02][NL][0B][10]"[NL][0D][10][0F][NL][0B]What is happening? Have[X][NL]you found the Sacred Stone?[X][A][09]Yes. Here it is[X][16]...[X][16][A][0B][17]Wow! It truly is spectacular.[X][A][NL]This goes some way to brighten the[NL]dark shadows that loom over us.[X][A][17][0D]Our countries' Sacred Stones have[X][NL]been shattered by Grado's men.[A][NL]The Stone of Renais is our last[X][NL]remaining weapon.[X][A][0B][17]No, it's not. You have forgotten[NL]the stone of my beloved Rausten.[A][NL]Remember, there were five Sacred[NL]Stones for our five nations.[A][NL]The Stones of Grado, Frelia, and[NL]Jehanna are gone, but hope is not.[A][NL]We have the Stone of Renais, after[NL]all, and that of Rausten is safe.[X][A][NL]Our road is clear, my friends.[NL]I must guide you to Rausten.[A][17][09]You're right. L'Arachel, we're[NL]counting on you to lead the way.[A][0B][17]Of course. And you will all be[NL]welcome to stay in the palace.[A][NL]And, Eirika, you shall be my guest[NL]in my own private quarters![X][A][NL]Let us be on our way.[X][A][17]
0x0B5A	[09][10][14][NL][0B][10]"[NL][0D][10][0F][NL][0B]What is happening? Have you[X][NL]found the Sacred Stone?[X][A][09]We found it. Here it is.[A][0B][17]Wow! It truly is spectacular.[X][A][NL]This goes some way to brighten the[NL]dark shadows that loom over us.[X][A][17][0D]Our countries' Sacred Stones have[X][NL]been shattered by Grado's men.[A][NL]The Stone of Renais is our last[X][NL]remaining weapon.[X][A][0B][17]No, it's not. You have forgotten[NL]the Stone of my beloved Rausten.[A][NL]Remember, there were five Sacred[NL]Stones for our five nations.[A][NL]The Stones of Grado, Frelia, and[NL]Jehanna are gone, but hope is not.[A][NL]We have the Stone of Renais, after[NL]all, and that of Rausten is safe.[X][A][NL]Our road is clear, my friends.[NL]I must guide you to Rausten.[A][17][09]Lead the way, L'Arachel.[A][0B][17]Of course. And you will all be[NL]welcome to stay in the palace.[A][17]
0x0B5B	Eirika's [X][8021]Lunar Brace[X][8021] and[NL]Ephraim's [8021]Solar Brace[X][8021] glow[X][NL]in response to the Sacred Stone.[NL]With the power of the bracelets, the[NL]twins can now change classes.[X][A]
0x0B5C	Ephraim's [8021]Solar Brace[X][8021] and[NL]Eirika's [X][8021]Lunar Brace[X][8021] glow[X][NL]in answer to the Sacred Stone.[NL]With the power of the bracelets,[NL]the twins can now change classes.[X][A]
0x0B5D	Do you want Eirika to change[NL]classes now?[NL][18]
0x0B5E	Do you want Ephraim to change[X][NL]classes now?[NL][18]
0x0B5F	Eirika got the [X][8021]Lunar Brace[X][8021].[X][NL]She can use it to[X][NL]change classes.[X][A]
0x0B60	Ephraim got the [8021]Solar Brace[X][8021].[X][NL]He can use it to[NL]change classes.[X][A]
0x0B61	[0C][10]P[NL][0A][10]-[NL][08][10].[NL][1C][08]How do you intend to use the[NL]Sacred Stone, Lyon?[X][A][NL]Do you really think you can[X][NL]tap into its power?[X][A][0C]Mm[16]... [16]My research isn't complete yet,[X][NL]but there's no mistaking the power[A][NL]the Sacred Stones contain.[A][NL]And the Stone of Grado seems especially[X][NL]responsive to my dark magic.[A][NL]I suppose it's because it contains[NL]both sacred and demonic properties.[X][A][NL]Regardless, if I can just press[X][NL]my studies a little harder[16]...[X][16][A][NL]Well, I think I might be able to use[NL]it to heal my father's illness.[X][A][NL]If that works, there's no telling how[X][NL]many other people I can help as well.[X][A][0A]Do you think this is wise?[A][NL]The power contained within the stones[X][NL]is beyond our understanding[X][16]...[X][16][A][NL]My father tells me that the stones[NL]possess a power not to be trifled with.[X][A][0C]Uh-huh[16]...[X][16][NL]Father MacGregor is also against it.[A][NL]That's why they still won't give me[X][NL]direct access to the Stone of Grado.[A][NL]For the time being, I've made do with[X][NL]the radiant energies surrounding it.[A][NL]They're nothing compared to the raw[X][NL]power of the stone itself, but[16]...[X][16][A][NL]If I can show Father MacGregor some[X][NL]real progress, perhaps one day[16]...[X][16][A][08]Using the Sacred Stones to[NL]study magic[X][16]...[X][16][A][0C]Ephraim, Eirika, what do you[NL]two think?[A][NL]Using the divine power of the[X][NL]Sacred Stones in this way[X][16]...[X][16][A][NL]You don't think it's a very[X][NL]good idea, do you?[A][08][16]...[X][16]It's just that I know nothing[X][NL]at all of magic.[A][NL]I would that there were some way I[NL]could help you, but I simply can't.[X][A][02][NL]But, Lyon, I've seen how hard you've[NL]worked to help others.[A][NL]I know how much you want the power[NL]to make others happy.[X][A][NL]I know these things, and because I[NL]know you, I trust your intentions.[A][0C]Ephraim[X][16]...[X][16][A][08]If you hope to use the power of the[X][NL]Sacred Stone for good, I trust you can.[X][A][NL]I'm behind you all the way.[X][A][0A]I agree with Ephraim entirely.[A][NL]You spend every night in the library,[X][NL]studying cures for your father's illness.[X][A][NL]The power of the Sacred Stones is too[X][NL]powerful to be used for personal gain.[A][NL]But you, Lyon[X][16]... [16]I think you'll be[X][NL]fine. You're the kindest person I know.[X][A][0C][17]Thanks, both of you.[A][NL]Hearing those words from you means a[NL]lot to me.[A][NL][17]Actually[16]--[16]and this hasn't been made[X][NL]public yet[16]--[16]but[X][16]...[X][16][A][NL]I've already saved someone using the[NL]knowledge I've gleaned so far.[A][08]You have?[X][A][0C][17]Uh-huh[16]...[X][16][A][NL]A while back, a fire ravaged Serafew, and[X][NL]a little girl got trapped in the flames.[A][NL]Her burns were terrible: not even healing[X][NL]staves were able to cure her injuries.[A][NL]But just a sliver of the stone's power[NL]restored her life and healed her wounds.[A][NL]We saved that girl's life, Ephraim![X][A][NL]Oh, if you could have seen the tears[NL]of joy in her mother's eyes![A][17][17][08]You really did it, huh?[X][NL]You are special, Lyon.[A][NL]Congratulations![A][0C]Well[16]...[X][16]thanks. But there's still so[NL]much more to be done.[X][A][02][NL]I am happy, though. To be honest, I[X][NL]just want to be able to help people.[A][NL]I want to put the ancient magics to[X][NL]use for the common good[X][16]...[X][16][A][NL]That's how I feel.[A][0A]Lyon[16]...[X][16][A][17][0C]And as my research moves forward,[X][NL]I'll be able to do much more, too.[A][NL]We have only the barest understanding[X][NL]of how dark magic operates.[X][A][NL]Maybe we can use it not only to heal[NL]wounds, but also to stop diseases[X][16]...[X][16][A][NL]What if we can read the future,[X][NL]predict disasters, move mountains!?[X][A][0A]Hold on, Lyon. You can't take too[X][NL]much on yourself all at once.[X][A][NL]What good is helping people if[NL]you sacrifice yourself to do it?[A][0C]Oh[16]... [16]Yes, of course. Sorry.[NL]I got carried away.[X][A][17][08]You have a soft heart, Lyon.[A][NL]I bet you haven't taken any[X][NL]real time off at all.[X][A][02][NL]So this is what we're going to do.[NL]Today, we're going into the city.[X][A][NL]And you're going with us, Lyon.[X][A][0C]What?[X][A][NL]But, Ephraim, you've got a[NL]history report due.[X][A][08]We're taking today off.[X][NL]C'mon, let's go.[A][0C][10]P[NL][0C]Bu-but, Ephraim[X][16]...[X][16][A][0A]It's just one day, and I won't tell[X][NL]anyone.[X][A][NL]Won't it be fun for the three of us[X][NL]to spend a day in the city?[X][A][0C]Ephraim, Eirika[X][16]...[X][16][A][NL]Thanks so much.[X][A][NL]I'm lucky to have the[X][NL]two of you as friends.[A]
0x0B62	[0A][10][14][NL][08][10][02][NL][0B][10]"[NL][0D][10][0F][NL][1C][0A]We have the Stone of Renais.[A][NL]The final Sacred Stone is in Rausten.[X][A][08]L'Arachel, can you tell us anything[X][NL]about the Stone of Rausten?[X][A][0B][17]Naturally! As Rausten's very own princess,[NL]I know a thing or two about our stone.[A][NL]The palace reliquary currently houses[X][NL]our Sacred Stone.[X][A][NL]Follow me, and I'll take you there.[X][A][17][0D]I sent the Frelian army ahead before[NL]us. They should be en route to Rausten.[X][A][NL]If we hurry, we can join up with them[X][NL]at the banks of the Narube River.[X][A]
0x0B63	[0D][10]o[NL][0D]Do not falter! Show them[NL]the might of Frelia![A]
0x0B64	[09][10]+[NL][0B][10]b[NL][0D][10]Y[NL][1C][0B]Lady S-Syrene[X][16]...[X][16][NL]The enemy is headed this way.[X][A][09]Are you serious?[A][NL]Grado's been defeated, and still[NL]they fight on? And they're tough.[X][A][0D]You Frelian fools have been wiped[X][NL]out by those guys[X][16]...[X][16][A][NL]Oh, no[16]...[X][16][NL]Now we're finished as well.[X][A][09]Everyone, please remain calm.[X][A][NL]If you panic and flee, the enemy[NL]will simply surround you.[X][A][NL]If you remain here and don't move,[NL]I promise to protect you all.[X][A][0B]Lady Syrene[X][16]...[X][16][A]
0x0B65	[0A][10][14][NL][08][10][02][NL][0B][10]"[NL][0D][10][0F][NL][1C][08]Brother! Look there![A][0A]A skirmish![X][A][8004][0D]Is that Syrene?[X][A][NL]What's going on? We[X][NL]must go to her aid.[X][A][0B]Everyone, hold! Something[X][NL]evil is afoot[X][16]...[X][16][A]
0x0B66	[0A][10][14][NL][08][10][02][NL][0C][10]F[NL][1C][0C][16]......[16][A][0A]Lyon![X][A][0C]Eirika[16]...[X][16][NL]Ephraim[X][16]...[X][16][A][08]Lyon[16]... [16]Where have you[NL]been all this time?[X][A][0A]Eirika, stop![X][A][08]Brother?[A][0A]Lyon[16]...[X][16][A][NL]We met recently in Grado Keep, right?[X][NL]Do you remember what you told me then?[A][NL]You told me this was all your doing,[NL]that you had started this war.[A][0C]What?[X][A][NL]Ephraim[X][16]...[X][16][NL]Why are you so angry?[X][A][NL]We haven't seen each other in so[NL]long[16]... [16]What's happened?[A][08]Lyon[16]...[X][16][A][0A]Wait, Eirika![X][NL]You said it yourself.[X][A][NL]Lyon must be under the control[NL]of someone or something else.[X][A][08]Don't be ridiculous! There must be[NL]something wrong with you, Ephraim![A][NL]Lyon is one of our dearest and[NL]closest friends, remember?[A][NL]He told me that, no matter what[X][NL]happened, he was still on our side.[X][A][NL]Isn't that right, Lyon?[X][A][0C]Yes, Eirika. Of course it is.[X][A][NL]So, please, come here[X][16]...[X][16][NL]Closer[16]...[X][16][A][02][NL]Ah! Gah[X][16]...[X][16]ahh[X][16]...[X][16][NL]Uuuuhhaaah[16]...[X][16]ga[16]...[X][16][A][08]Lyon?![A][8025][0C]Gah[X][16]...[X][16]rrrrraaa[16]...[X][16][A][NL]Ev[16]...[X][16]ahh[X][16]...[X][16]evil[16]...[X][16][A][8025][15][0C]Stay[16]...[X][16]back[16]...[X][16][NL]Eirika[16]...[X][16][A][08]What?[X][A][0C]Get away[16]...[X][16]from[NL]me[16]...[X][16]quickly[X][16]...[X][16][A][NL]If you[16]...[X][16]don't[X][16]...[X][16]I will[NL]surely[16]...[X][16][A][NL][16]...[X][16]destroy you[X][16]...[X][16][A][08]What?[X][NL]Lyon[16]...[X][16][A][0C]Flee[16]...[X][16]qui-quickly[X][16]...[X][16][NL]GO![X][A][02][NL]Gah[X][16]......[16][NL]Aaaaaaarrrrggggghhh![A][08]Ly-Lyon.[NL]Hold on![A][NL]What is it?[X][NL]What's happening?![A][0C][16]... ... ...[X][16][A][0C][11][15][0C][10]J[NL][8004][0C][17]Hi.[X][A][NL]It's been a while since I saw[X][NL]you two last, hasn't it?[A][17][08]Lyon?[X][A][NL]Is that really you[NL]speaking, Lyon?[X][A][0A]Stay back, Eirika.[A][NL]Keep your guard up.[X][NL]That's not Lyon.[A][08]Uh[16]...[X][16][A][0C][17]I'm not Lyon?[X][NL]That's rich. A masterpiece.[X][A][NL]You always thought Lyon was kind,[X][NL]gentle, and weak, didn't you? Admit it.[X][A][17][0A]No![X][NL]Lyon, Eirika, and I were friends.[X][A][NL]There were things we kept to ourselves,[X][NL]of course, but we shared so much.[X][A][NL]And no matter what happened, no matter[NL]how much time passed[16]...[X][16][A][NL]We're still friends.[A][NL]Lyon would never ever betray us.[NL]Not in a million years.[X][A][02][NL]You're not Lyon.[A][8004][8025][0C][16]...[X][16]Hmph.[X][A][NL][16]...[X][16]Looks like I was wrong to disregard[X][NL]the value of human emotions.[A][8025][08]What?![A][8025][0C]I've had my fun pretending to be human,[X][NL]but the need for charades has passed.[X][A][NL]You are correct. This body no longer[NL]belongs to your young Lyon.[X][A][NL]I devoured his pathetic heart ages ago.[X][A][8025][0A]You monster! Who are you?![A][8025][0C]Do you really not know me?[NL]What a poorly educated prince.[A][02][NL]Think about it. Remember the[NL]legends of your pitiful kind[16]...[X][16][A][NL]What was sealed within the Stone of[X][NL]Grado? What is the name of terror?[A][8025][08]No[16]... [16]It can't be![A][08][11][08][10]"[NL][08]It's as we feared after all.[NL]That can only be[16]...[X][16][A][08][11][08][10][02][NL][0A]The great adversary of antiquity[16]...[X][16][A][NL]The Demon King[16]...[X][16][A][8004][8025][0C][17]Heh heh[X][16]...[X][16]ha hahahahah![X][A][02][NL][17]Lyon[16]... [16]Lyon[16]...[X][16][NL]O prince of misery[16]...[X][16][A][NL]Come out. Be not shy[16]...[X][16][A][NL]This body is lost to you[16]...[X][16][NL]It is mine to compel[16]...[X][16][A][8025][08]What's going[16]...[X][16][A][8025][0C]Your dreams, Lyon[X][16]... [16]I am about to[X][NL]make them come true for you.[A][NL]I am about to crush Prince Ephraim and[NL]take Princess Eirika for my own.[A][NL]Isn't this all that you've ever[X][NL]prayed for, young fool of a prince?[X][A][8025][0A]Ah![X][A][8025][0C][17]Rejoice, Lyon.[NL]The time has come[X][16]...[X][16][A][NL]Ephraim, the man you envy[X][16]...[X][16][NL]Eirika, the woman you desire[16]...[X][16][A][NL]I will now grant you all of your[NL]darkest wishes![X][A][17][8025]
0x0B67	[0A][10][14][NL][08][10][02][NL][0C][10]J[NL][1C][8004][0C][16]......[16][A][0A]Lyon?![A][0C]Eirika[16]...[X][16][NL]Ephraim[X][16]...[X][16][A][08]Lyon[16]...[X][16][NL]Where have you been all this[16]...[X][16][A][0A]Eirika, stop![X][A][08]Brother?[A][0A]Lyon[16]...[X][16][A][NL]We met recently in[NL]Grado Keep, right?[A][NL]Do you remember what[NL]you told me then?[X][A][0C][16]......[16][A][NL]Of course I remember.[X][A][NL]What of it?[X][A][0A]You[X][16]...[X][16][A][0C]I can repeat it for you now if you[NL]would like.[X][A][NL]The ruin of Renais? The murder of[X][NL]your father?[A][NL]It was all my doing. I, Lyon,[X][NL]prince of Grado, made it happen.[A][08]Lyon[16]...[X][16][A][NL]You lie! That can't be[16]...[X][16][A][0A]Don't be fooled, Eirika.[A][NL]Keep your guard up.[X][NL]That's not Lyon.[A][0C][16]......[16][A][NL]What amusing things come babbling[X][NL]out of your mouth.[A][NL]You always thought of Lyon as kind,[X][NL]gentle, and weak, didn't you? Admit it.[X][A][0A]No![X][NL]Lyon, Eirika, and I were friends.[X][A][NL]There were things we kept to ourselves,[X][NL]of course, but we shared so much.[X][A][NL]And no matter what happened, no matter[NL]how much time passed[16]...[X][16][A][NL]We're still friends.[A][NL]Lyon would never ever betray us.[NL]Not in a million years.[X][A][02][NL]You're not Lyon.[A][8004][8025][0C][16]...[X][16]I see.[A][NL]So I have no reason to continue[X][NL]hiding my true identity, do I?[A][8025][0A]None![X][A][8025][0C]You are correct. This body no longer[NL]belongs to your young Lyon.[X][A][NL]I devoured his pathetic heart ages ago.[X][A][8025][0A]You monster! Who are you?![A][8025][0C]Do you really not know me?[NL]What a poorly educated prince.[A][02][NL]Think about it. Remember the[NL]legends of your pitiful kind[16]...[X][16][A][NL]What was sealed within the Stone of[X][NL]Grado? What is the name of terror?[A][8025][08]No[16]... [16]It can't be![A][08][11][08][10]"[NL][08]It's as we feared after all.[NL]That can only be[16]...[X][16][A][08][11][08][10][02][NL][0A]The great adversary of antiquity[16]...[X][16][A][NL]The Demon King[16]...[X][16][A][8004][8025][0C]That's right. You know to[X][NL]fear my name.[X][A][NL]Prince Lyon was a weakling.[X][NL]Now, he is dead.[A][8025][08]That can't be[X][16]...[X][16][A][8025][0C]Prince Ephraim of Renais[16]...[X][16][NL]You hold a Sacred Stone. Give it to me.[X][A][NL]I have no wish to see a warrior die[X][NL]a pitiful death beneath my feet.[A][NL]Bend your knee. If you pledge service[X][NL]to me, I may yet let you live.[A][8025][0A]Do you take me for a fool?[A][8025][0C]You've made your choice, have you?[NL]A poor choice[X][16]...[X][16][A][NL]But it does afford me a chance[NL]to show you something special.[A][NL]A force no human flesh can[NL]withstand. A horror beyond words.[X][A][NL]A power that will place this[NL]sad world under my dominion.[A][02][NL]I am the Demon King[X][16]...[X][16][NL]Behold my might.[A][8025]
0x0B69	[0C][10][14][NL][0C]Where's Lyon? What have[X][NL]you done with our friend?![A][NL]ANSWER ME![A][0C][11][09][10]J[NL][8025][09][17]Heh heh[X][16]...[X][16][A][NL][17]What a splendid[X][NL]fool you make.[A][NL]Shall I dress you in[NL]a jester's cap?[X][A][NL]Shall we watch you jape[X][NL]in my demons' court?[A][NL]Lyon is dead. I devoured him.[X][NL]Can you not understand?[X][A][8025][09][11][0C][10][14][NL][0C]Monster![A][0C][11]
0x0B6A	[0C][10][02][NL][0C]Please, Lyon![X][NL]You must stop![A][NL]I[X][16]...[X][16]I don't want to[X][NL]fight you![A][0C][11][09][10]J[NL][8025][09][16]......[16][A][NL]The cries of children.[A][NL]Away with you, insects,[X][NL]if you wish not to die.[X][A][8025][09][11]
0x0B6C	[09][10]N[NL][09]I don't need to hurt you, pal.[NL]Just leave this place at once![A]
0x0B6E	[09][10]J[NL][8025][09]Urr[X][16]...[X][16][A][NL]Bah[X][16]... [16]Can't hold up[X][NL]to such as this?[A][NL]Accursed human flesh is[X][NL]too brittle, too weak[X][16]...[X][16][A][8025]
0x0B6F	[09][10]J[NL][0B][10][02][NL][0D][10][14][NL][1C][0B]Hold, Lyon![X][A][8025][09]Now, I know your strength.[NL]It is time to leave.[A][NL]I sacrifice this flesh and[NL]return to my body of old.[X][A][NL]This does not end. The world[NL]will drown again in darkness.[X][A][8025]
0x0B70	[09][10]J[NL][8025][09]Not yet[X][16]... [16]I have not the strength.[A][NL]But I am the Demon King[X][16]... [16]The world[X][NL]will be mine, as it was in ancient days.[A][NL]Injuries such as these are not enough[X][NL]to stop me[16]...[X][16][A][8025]
0x0B71	[09][10]J[NL][0B][10][14][NL][0D][10][02][NL][1C][0B]Demon King![X][A][8025][09]Come, Ephraim.[NL]You should follow me.[X][A][NL]If you've the strength to[X][NL]defeat me, that is[16]...[X][16][A][8025]
0x0B72	[09][10][14][NL][09]We will not let you flee![X][NL]After him, Eirika![A][NL]We have to find where he's[NL]gone. Search everywhere![A][NL]I can't allow him to desecrate[NL]my friend's body any longer![A]
0x0B73	[09][10][02][NL][0C][10][0F][NL][0C]Eirika.[X][A][09]Prince Innes?[X][A][0C]No need to panic. My soldiers[X][NL]pursue Prince Lyon's trail.[X][A][NL]Our trackers are excellent.[X][NL]They'll have him soon.[A][09]Good[16]...[X][16][A][0C]There's something I need to speak[X][NL]with you about.[X][A][NL]The messenger I sent to Frelia[NL]returned not long ago.[A][NL]She brought a package I'd requested:[NL]Frelia's Sacred Twins.[A][09]You have the Sacred Twins?[A][0C]Yes. Frelia may have lost her[X][NL]Sacred Stone[16]...[X][16][A][NL]However, it seems the Sacred Twin[X][NL]relics remained undisturbed.[A][NL]I had them brought here.[NL]Behold![X][A][09]These[X][16]...[X][16][A][0C]Frelia's Sacred Twins.[A][NL]Nidhogg, the Serpent Bow, and[X][NL]Vidofnir, the Winged Lance.[X][A][NL]I want you to take them.[A][09]These are for you, aren't they?[X][NL]They're for the rulers of Frelia.[X][A][0C]No, I entrust them to your care.[A][NL]You're the leader of this army.[X][NL]Use them as you see fit.[A][09]Thank you, Prince Innes[X][16]...[X][16][A][NL]I appreciate your sacrifice.[A][0C]It is no sacrifice, and[X][NL]I require no thanks.[A][NL]We're fighting for the[NL]same thing here: victory.[X][A]
0x0B74	[09][10][14][NL][0C][10][0F][NL][0C]Ephraim.[A][09]Innes?[A][0C]There's no need to panic. The soldiers[NL]are following Prince Lyon's trail.[A][NL]Our trackers are excellent.[X][NL]They'll know his whereabouts momentarily.[X][A][09]Ah[16]... [16]Good point. Well made.[A][0C]By the way, there's something I need[NL]to speak with you about.[A][NL]The messenger I sent to Frelia[NL]returned not long ago.[A][NL]She brought a package I'd requested:[NL]Frelia's Sacred Twins.[A][09]You have the Sacred Twins?[A][0C]Yes. Frelia may have lost her[X][NL]Sacred Stone[16]...[X][16][A][NL]However, it seems the Sacred Twin[X][NL]relics remained undisturbed.[A][NL]I had them brought here.[NL]Behold![X][A][09]Incredible[16]...[X][16][A][0C]Frelia's Sacred Twins.[A][NL]Nidhogg, the Serpent Bow, and[X][NL]Vidofnir, the Winged Lance.[X][A][NL]I want you to take them.[A][09]But these are Frelia's weapons.[X][NL]You should hold on to them.[X][A][0C]No, I entrust them to you.[A][NL]You're the leader of this army.[X][NL]Use them as you will.[X][A][09]Understood. I'll make sure they[X][NL]wind up in worthy hands.[A][NL]Thank you, Innes. This helps.[X][A][0C]Don't thank me.[X][A][NL]We're fighting for the[NL]same thing here: victory.[X][A]
0x0B75	[0B][10][02][NL][0D][10]+[NL][0A][10]Y[NL][08][10]b[NL][1C][17][08]Lady Syrene![NL]Thank you![A][NL]We all owe you our[NL]gratitude[X][16]...[X][16][A][0D]No, it wasn't my doing.[X][A][NL]We prevailed because of[X][NL]superior leadership.[A][0B]Oh, please[16]...[X][16][A][0A]We owe you a debt of gratitude that[X][NL]can never be repaid.[A][NL]It's not much, but please accept[NL]this staff as a small token.[A][08]And our appreciation, too.[NL]Thank you![A]
0x0B76	[0B][10][14][NL][0D][10]+[NL][0A][10]Y[NL][08][10]b[NL][1C][17][08]Lady Syrene![NL]Thank you![A][NL]We all owe you our[NL]gratitude[X][16]...[X][16][A][0D]No, it wasn't my doing.[X][A][NL]We prevailed because of[X][NL]superior leadership.[A][0B]No, I[X][16]...[X][16][A][0A]We owe you a debt of gratitude that[X][NL]can never be repaid.[A][NL]It's not much, but please accept[NL]this staff as a small token.[A][08]And accept our thanks. We won't[X][NL]forget what you've done for us.[X][A]
0x0B77	[09][10][0F][NL][0C][10]+[NL][09]Syrene![X][A][0C]Prince Innes[16]...[X][16]is it[X][16]...[X][16][A][NL]Ah[16]... [16]It really is you,[X][NL]isn't it, Prince Innes?[X][A][NL]Being rescued by you[16]...[X][16][NL]It's like a dream[X][16]...[X][16][A][09]Syrene? I need a status report.[X][A][0C]Oh[16]...[X][16][NL]Oh, yes! Please forgive me![X][A][NL]The Frelian troops we dispatched[NL]were ambushed and decimated.[A][NL]My squad is all that remains.[X][A][09]So many dead[16]...[X][16][A][NL]You can rest easy now, Syrene.[NL]I'm here. Victory is assured.[X][A][NL]Let's go.[X][A][0C]Yes, sir[16]... [16]Prince Innes.[X][A]
0x0B78	[09][10],[NL][0C][10]+[NL][09]Syrene! Are you all right?[A][0C]Princess Tana![A][NL]You must stay back. This[NL]place is dangerous![X][A][09]No! I won't let you die![A][NL]Hold on, I'm coming to[NL]help you at once![X][A][0C]Princess Tana[X][16]...[X][16][NL]You've grown so much.[X][A][NL]Very well. I'm yours to[X][NL]command, my lady.[X][A]
0x0B79	[09][10][08][NL][0C][10]+[NL][09]Commander Syrene![X][NL]Are you all right?[A][0C]Vanessa. What are[X][NL]you doing here[16]...[X][16][A][09]I'm here with Prince Innes![X][NL]We arrived to join the fray![A][NL]We'll take over now. There's no[X][NL]need for you to exhaust yourself.[X][A][0C]Understood.[X][A][NL]The chain of command must be clear, though,[X][NL]so I'll take orders from your commander.[A][NL]Pass this message to whoever leads[NL]your forces, will you?[A][09]Right away![X][A][09][800A][0C]A moment, Vanessa.[A][08][800B][09]What is it?[X][A][0C]You've matured since[NL]I saw you last.[X][A][NL]And[X][16]...[X][16][NL]You've grown beautiful as well.[X][A][09][16]...[X][16]Sister[16]...[X][16][A]
0x0B7A	[09][10][02][NL][0C][10]"[NL][09]L'Arachel[X][16]...[X][16][NL]May I ask your advice?[A][0C]What is it, Eirika?[X][NL]There's no need to be so formal.[A][09]It's about Lyon[X][16]...[X][16][A][02][NL]My brother was right. Lyon's been[X][NL]possessed by the Demon King.[A][NL]He[16]... [16]He's no longer the Lyon[X][NL]I once knew.[A][NL]But I can't help feeling[16]...[X][16]there[X][NL]must be some way to bring him back.[X][A][0C][16]......[16][A][09][800B][09]Please help me, L'Arachel.[NL]I want to save him.[X][A][NL]Rausten is the spiritual heart of[X][NL]Magvel. They keep the ancient lore.[X][A][NL]You're their princess. You must know[NL]something about the demons of legend.[X][A][NL]Is there anything that can save Lyon?[X][A][8004][0C]I'm so sorry, Eirika.[X][A][NL]To the best of my knowledge,[NL]there is no way to aid him.[X][A][09]That can't be![A][NL]There must be something![NL]Any clue, no matter how slight[16]...[X][16][A][8004][0C]Our oldest legends tell us just this[16]...[X][16][A][NL]Only one person has ever been able to[X][NL]shake off the Demon King's domination.[A][NL]Rausten's founder, Saint Latona the[X][NL]sure-hearted, shattered his fetters.[A][NL]If one possesses a strength of will[X][NL]beyond that of normal men[X][16]...[X][16][A][NL]Only then can one throw off the[X][NL]shackles of the Demon King.[X][A][02][NL]But you saw it for yourself, Eirika,[NL]with your own two eyes.[X][A][NL]Your friend Lyon's body has already[X][NL]been claimed by the Demon King.[X][A][NL]Once it's gone that far, [X][05]there's[X][NL]nothing that can be done.[X][A][NL]When the Demon King takes over someone,[X][NL]he devours his spirit, his very soul.[X][A][NL]Even if his hold on Lyon's body could be[NL]released, that body would have no soul.[X][A][NL]There is no power in Rausten[16]...[X][16]not[X][NL]even the Sacred Stone[X][16]...[X][16][A][NL]that can perform so great a miracle[X][NL]as to restore a shattered soul.[X][A][09]But[X][16]...[X][16][A][NL]Lyon[16]...[X][16][A][0C]Eirika[16]...[X][16][A][NL]I understand how you feel,[NL]but the prince is gone.[X][A][NL]The Lyon you knew no longer[X][NL]exists.[X][A][02][NL]It's more important now that[NL]you care for yourself.[A][NL]If we pursue the Demon King,[NL]we're likely to suffer for it.[A][NL]I want you to return to Rausten[X][NL]Palace and rest yourself.[X][A][09]Thank you, L'Arachel.[X][A][NL]However, I must stay with[X][NL]the company.[A][NL]I have to believe there's something[X][NL]I can do to help him.[X][A][NL]Lyon was always so kind. He wanted[NL]nothing more than to help people.[X][A][NL]It's too terrible to picture him[NL]imprisoned by the Demon King.[X][A][NL]Imprisoned[16]...[X][16]with no hope[NL]of salvation.[X][A]
0x0B7B	[09][10][14][NL][0C][10]"[NL][0C]E-Ephraim. I must ask[X][NL]that you slow down![X][A][NL]If you travel so swiftly,[X][NL]we cannot keep up.[A][09]I'm riding ahead. I can't[X][NL]waste any more time.[A][NL]I must catch the Demon King[X][NL]as quickly as possible.[X][A][0C]And when you find him?[NL]Tell me, what then?[X][A][8004][09][16]......[16][A][02][NL][16]...[X][16]L'Arachel.[A][NL]Rausten is the spiritual heart of[X][NL]Magvel. They keep the ancient lore.[X][A][NL]You're their princess. You must know[NL]something about the demons of legend.[X][A][NL]I do not need consolation or peace of[X][NL]mind. I need facts.[X][A][02][NL]Lyon, as he is now[16]...[X][16][NL]Can he be saved?[A][0C]I'm sorry[X][16]...[X][16][A][NL]To the best of my knowledge,[NL]there's nothing to be done.[X][A][09][16]......[16][A][8004][0C]Your friend Lyon's body has already[X][NL]been claimed by the Demon King.[X][A][NL]Once it's gone that far, [X][05]there's[X][NL]nothing that can be done.[X][A][NL]When the Demon King takes over someone,[X][NL]he devours his spirit, his very soul.[X][A][NL]Even if his hold on Lyon's body could be[NL]released, that body would have no soul.[X][A][NL]There is no power in Rausten[16]...[X][16]not[X][NL]even the Sacred Stone[X][16]...[X][16][A][NL]that can perform so great a miracle[X][NL]as to restore a shattered soul.[X][A][09]Is that so[16]...[X][16][A][NL]I understand.[X][NL]Let's go, L'Arachel.[A][0C]W-wait a moment. Hmph![NL]Were you listening to me at all?[A][NL]I'm sorry, but the prince[X][16]...[X][16][A][09][16]...[X][16]I heard you.[A][NL]There's no hope of saving Lyon.[X][A][NL]And if I cannot save him[16]...[X][16][A][NL]I will bring him peace with my[NL]own hands.[A][0C][16]......[16][A][NL]But[X][16]...[X][16][NL]Can you do it?[A][NL]Even if you get the chance, can[X][NL]you bring yourself to kill him?[X][A][NL]It would be best if you and your[NL]sister left this to the rest of us.[X][A][09]No[16]...[X][16]I'm going to do it.[X][A][NL]Lyon is my friend.[A][NL]The Demon King stole him from me.[X][NL]I will be the one to kill him.[A][0C]If your mind's made up, there's[X][NL]not much I can do, is there?[A][NL]Let's go then.[A][09]I'm sorry, L'Arachel.[X][A][0C]There's no need for you[X][NL]to apologize.[X][A][NL]Your words alone have[X][NL]won my forgiveness.[X][A]
0x0B7C	[08][10]o[NL][08]This way![X][A][NL]The enemy went into the[X][NL]recesses of this valley.[A][08][11][0A][10][14][NL][08][10][02][NL][1C][08]Brother.[NL]Do you smell something?[X][A][0A]Smell?[A][08]Yes. An unpleasant odor, like sulphur.[NL]It's emanating from this valley.[A]
0x0B7D	[0A][10][14][NL][0A]Are those[X][16]...[X][16]eggs?[X][A][08][10]&[NL][08]Gorgon eggs[X][16]...[X][16][NL]There are so many[X][16]...[X][16][A][08][11][08][10][02][NL][1C][08]Brother! The eggs! They've[NL]started to hatch![X][A][0A]No[16]... [16]He's led us into a trap![A][NL]Watch out! Everyone, steer[NL]clear of those eggs![A]
0x0B7E	[0C][10]F[NL][0C][16]......[16][A]
0x0B7F	[0A][10][02][NL][08][10][14][NL][1C][0A]Wait![X][A][08]Hold, Eirika! Don't[X][NL]go anywhere alone![A][0A]Lyon's back there![NL]I won't abandon him![A]
0x0B80	[09][10][02][NL][0F][10]F[NL][09]Lyon! Lyoooon![A][0F]Ei[16]...[X][16]Eirika[16]...[X][16][A][09]Lyon?[X][A][NL]Where are you?[A][0F]I'm[X][16]...[X][16]here.[X][A]
0x0B81	[09][10][02][NL][0C][10]F[NL][09]Lyon[16]...[X][16][A][NL]Hold on. I'll save you![X][A][0C]Forgive me[16]...[X][16]Eirika[16]...[X][16][A][NL]It's over[X][16]...[X][16]for me[16]...[X][16][A][NL]The Demon King has devoured[X][NL]my soul[X][16]...[X][16][A][NL]I'm mad[X][16]...[X][16]and I'm going[X][16]...[X][16][NL]to die[16]...[X][16][A][09]Lyon[16]...[X][16][A][NL]What should I do?[X][NL]How can I help you?[X][A][NL]Tell me! I'll do anything,[NL]but you have to tell me![A][0C][16]...[X][16]The Sacred Stone[16]...[X][16][A][NL]Give me[X][16]...[X][16]the stone[X][16]...[X][16][A][09]What?[X][A][0C]My body[X][16]...[X][16]is being ravaged[NL]by the Demon King.[A][NL]If it continues unchecked,[NL]nothing can save me.[A][NL]But if I had the power of[X][NL]a Sacred Stone[16]...[X][16][A][NL]I could save[16]...[X][16]my soul[X][16]...[X][16][A][09]Lyon[16]...[X][16][A][0C]Please[16]...[X][16]Eirika[16]...[X][16][A][NL]I don't want to die yet[X][16]...[X][16][A][NL]I want to live[16]...[X][16]with you[16]...[X][16][A][NL]If I had the Sacred Stone[X][16]...[X][16][NL]I could[X][16]...[X][16]heal myself[X][16]...[X][16][A][NL]Please[16]...[X][16][A][09]Could the Sacred Stone really[X][NL]do that? Could it heal you?[X][A][0C]Yes[X][16]...[X][16][A][NL]Please[16]...[X][16]Eirika[16]...[X][16][A][09]I[X][16]...[X][16]trust you, Lyon.[A][NL]I have a stone right here.[A][09][800C]
0x0B82	[09][10][02][NL][0C][10]J[NL][0C][16]......[16][A][NL]Ah[16]... [16]It's true[X][16]...[X][16][NL]A Sacred Stone[16]...[X][16][A][02][NL][8004][17]Ha ha[X][16]......[16][NL]Heh heh heh[X][16]...[X][16][A][NL]An abominable Sacred Stone[16]...[X][16][NL]Here in my grasp.[X][A][17][09]What? Lyon?[X][A][NL]No[16]... [16]You're[16]--[16][A][8004][8025][0C][17]Ha ha[X][16]...[X][16]heh heh heh.[A][02][NL][17]How disappointing for you.[A][NL]This body is mine now.[A][NL]Nothing remains of your[X][NL]dear boy's soul.[A][8025][09]You only pretended to be[NL]Lyon[16]... [16]You deceived me.[A][NL]Return him![X][NL]Return Lyon now![A][8025][0C]I'm afraid there's no hope of that.[X][A][NL]You see, I've devoured him. Bite[NL]by bite, slowly. How I savored it.[A][NL]Nothing remains but this suit of[NL]flesh I wear. There is nothing to heal.[X][A][NL]Not even the power of a Sacred Stone[NL]can craft something from nothing.[X][A][NL]He cannot be saved.[X][A] [X][8025][09]That[16]...[X][16]can't[X][16]...[X][16][A][8025][0C][17]Ha ha[X][16]...[X][16][NL]Bwah ha ha ha![A][NL]I love how humans look when[X][NL]they're drowning in despair.[A][NL]Now is the time to be done[NL]with this stone.[A][17][8025]
0x0B83	[0E][10][14][NL][0C][10]J[NL][0E]Eirika![X][A][8025][0C]Oh[16]...[X][16]caught up, have you?[A][NL]Hmm, I've changed my mind.[A][NL]I'll leave the girl alive.[NL]Take her.[X][A][NL]There are memories of you[X][NL]in this flesh I wear.[X][A][NL]And I hunger to see your face[X][NL]bear more suffering and pain.[X][A][8025]
0x0B84	[0C][10][02][NL][09][10][14][NL][0C][801E][0C][16]......[16][A][09]Eirika![X][A][NL]Wake up! Do you know who I am?[A][0C][800D][0B]Brother[X][16]...[X][16][A][NL]Lyon? Lyon's[16]...[X][16][A][09]Eirika[16]...[X][16][A][NL]I know. Don't speak.[A][0B]I[X][16]...[X][16]I[X][16]...[X][16][A][NL]Lyon is[X][16]...[X][16][NL]He's really[X][16]...[X][16][A][09]Let's go back.[A][NL]L'Arachel will be worried.[A][NL]Eirika[16]...[X][16][A][NL]You can weep now. As much as you[NL]need. Weep for me, as well[16]...[X][16][A]
0x0B85	[09][10][14][NL][0C][10]J[NL][09]Hold![X][A][NL]Demon King![X][A][8025][0C]Hmph[16]... [16]You again?[A][8025][09][16]...[X][16]I've one thing to ask[X][NL]before I slay you.[A][NL]Where is Lyon now?[A][NL]When I kill you[X][16]...[X][16][NL]will Lyon return?[X][A][8025][0C][17]Heh heh[X][16]...[X][16][NL][17]How little you understand.[A][NL]Lyon is no longer part of your[NL]world. He cannot be restored.[X][A][NL]I have devoured every last[NL]delicious scrap of his small soul.[A][8025][09]You monster!!![A][8025][0C]Why does this upset you?[A][NL]What does it matter what happens to[X][NL]that weakling now?[A][NL]He was a sickly cretin whose trivial[NL]dreams were nothing but hopeless[16]--[16][A][8025][09]SHUT UP![A][NL]He was my friend.[X][A][NL]We'll always be friends.[NL]I made a promise to him.[A][02][NL]You stole Lyon's soul and[X][NL]corrupted his dreams![X][A][NL]I'll crush the life out of you.[X][A]
0x0B86	[09][10][14][NL][09][800B][09]Gwaa[16]...[X][16]ah[16]...[X][16][A][NL]What?![NL]My body[X][16]--![X][16][A][0C][10]J[NL][8025][0C]Don't resist. Soon you will[X][NL]be unable to move at all[16]...[X][16][A][8025]
0x0B87	[0C][10]J[NL][09][10][14][NL][0C][800C][8025][0A]So you had the Stone of[X][NL]Renais with you after all.[A][NL]If you'll just give me a[NL]moment to destroy it[16]...[X][16][A][8025][09][800B][09]Stop[16]...[X][16]urgh![X][A]
0x0B88	[09][10][14][NL][0C][10]J[NL][8025][0C]And that's the end of[X][NL]your Sacred Stone[X][16]...[X][16][A][NL]Now then, Prince Ephraim.[X][NL]Are you prepared?[X][A][8025][09]Curse you[X][16]...[X][16][A][NL]Do it!!![NL]Finish me![A][NL]With my dying breath,[X][NL]I'll cut you to ribbons.[A][8025][0C][16]......[16][A][8025][09]What are you waiting for?![NL]Are you frightened?[X][A][8025][0C][16]...[X][16]Tell me, Prince Ephraim of Renais.[A][NL]Why do you fight on? Do you think[X][NL]you accomplish your sad desire?[X][A][NL]Can you restore your homeland[X][NL]from the grave? Overthrow [93]evil[94]?[X][A][NL]Or protect your sister?[X][A][8025][09]You won't kill me. I'll do[NL]all these things, fiend[X][16]...[X][16][A][NL]All these things and more.[A][NL]For my friend Lyon[16]...[X][16][NL]I will avenge his soul.[X][A][NL]I won't let his gentle image[NL]be defiled[16]...[X][16][A][0C][11][0C][10]F[NL][8004][0C][16]......[16][A][02][NL]I guess it's true[X][16]...[X][16][A][NL]You haven't changed, Ephraim.[X][A][09]Huh?[A][02][NL]What's[16]--[16][A][02][NL]What did you say?[X][A][0C][16]......[16][A][09]What's going on?[A][NL]You're the Demon King[X][16]...[X][16][NL]You're the ancient evil[X][16]...[X][16][A][NL]You told me you'd devoured Lyon's[X][NL]soul, that nothing remained.[A][NL]So why did you[16]...[X][16][NL]How do you know about me?[X][A][02][NL]It's not[16]...[X][16][A][NL]Could it be[X][16]...[X][16]you[X][16]...[X][16][A][0C][16]......[16][A][09]Is that you[X][16]...[X][16]Lyon?[X][A][8004][0C]Uh-huh[16]...[X][16][A][NL]That's right.[X][A][NL]It's me, Lyon, Prince of Grado.[X][NL]I'm not the Demon King.[X][A][NL]Sorry, Ephraim.[X][A][NL]That whole thing about the Demon[NL]King eating my soul and me dying?[X][A][NL]That was all a lie.[X][A][09]Wha[X][16]--[16][A][NL]Why?! Why would you[X][NL]say such a thing?![A][0C]Listen, Ephraim.[A][NL]I've always loved you.[A][NL]I've always hated you.[A][NL]I've always looked up to you.[X][NL]I wanted to be just like you.[X][A][NL]Then one day I realized[X][16]...[X][16][A][NL]Someone like me could never[X][NL]become someone like you.[A][NL]You and Eirika are[16]...[X][16]overpowering.[X][NL]You blinded me with your radiance.[A][NL]How could I live in your shadows[NL]and not seethe with jealousy?[X][A][09]Lyon[16]...[X][16][A][0C]Before I ever touched the[X][NL]Dark Stone[16]...[X][16][A][NL]I had a vision. A vision[NL]of the future of Magvel.[A][NL]I saw myself standing with two[NL]roads stretched out before me.[A][NL]One led to the Demon King,[NL]devouring both my body and soul.[A][NL]The other showed me the power to[NL]fight the Demon King's dominion.[A][NL]And I, well[X][16]...[X][16][A][15][0C][800E][0C][16]...[X][16]Gaa[X][16]...[X][16]urgh.[X][A][09]Lyon![X][A][0C]Then I acquired the Dark Stone.[X][A][NL]The Demon King began to eat my[NL]soul and corrupt my flesh.[A][NL]I almost vanished beneath[X][NL]the Demon King's mantle.[A][NL]Then I remembered you[X][16]...[X][16][NL]My mind blazed into wakefulness.[A][NL]All at once, my mind shouted[NL]out, [93]I will not be devoured![94][A][NL]Just as I was about to lose[X][NL]myself to the Demon King,[X][A][NL]I was able to drive him back.[X][A][NL]The Demon King's desires are[NL]simple[16]--[16]foul, but uncomplicated.[A][NL]He wants nothing but the destruction,[X][NL]conquest, and subjugation of man.[X][A][NL]Those shallow desires are nothing[X][NL]to the dreams of the human heart.[X][A][02][NL]And of the two roads I had seen,[NL]I chose the latter.[X][A][09][16]......[16][A][0C]But I didn't want to appear before[NL]you here in the role of Lyon.[X][A][NL]Lyon, the piteous victim[16]...[X][16][NL]The Demon King, the fiendish villain[16]...[X][16][A][NL]It was all an act[X][16]--[16]high drama for you[NL]all, to suit this grand occasion.[X][A][02][NL]That's right, Ephraim.[A][NL]I'm the Demon King[16]...[X][16][NL]The Demon King is me.[X][A][09]You lie[X][16]...[X][16][A][NL]It can't be. It's not possible.[X][A][NL]Lyon was[16]... [16]My friend was kind[NL]and caring[16]...[X][16][A][NL]He was a good person[16]...[X][16][A][NL]But you[X][16]...[X][16][NL]You are not that person![A][0C]Ephraim[X][16]...[X][16][A][09]You[X][16]... [16]You're the Demon King.[NL]Lyon is gone, and you are a liar![X][A][NL]You're trying to trick me.[NL]You're trying to confuse me![A][02][NL]I'm right, aren't I?! Tell me[X][NL]I'm right, Lyon! TELL ME![X][A][0C][800F][0D]I'm sorry, Ephraim.[X][A][02][NL]Ephraim, listen to me.[A][NL]Ten days from now[X][16]...[X][16][NL]When the moon is swallowed by shadow[16]...[X][16][A][NL]In Darkling Woods, I will perform[X][NL]a ceremony[16]...[X][16][A][NL]Through this ceremony, I will[X][NL]gain immense power.[X][A][NL]Power to change not only Grado,[X][NL]but the entire world.[X][A][09]Change[16]...[X][16]the world?[A][0D]But after that[16]...[X][16][NL]I cannot save myself.[X][A][NL]I'll become the Demon King of old[X][NL]and try to destroy all of mankind.[A][NL]Ephraim. If you want to stop this,[NL]you must come to Darkling Woods.[A][NL]I want you to come. I need you to[X][NL]stop me. You must promise.[A]
0x0B89	[0C][10][14][NL][0C][801D][0C][16]...[X][16]Lyon[16]...[X][16][A][NL]I[X][16]...[X][16][A][8004][0E][10][02][NL][09][10][02][NL][0C][801E][09]Brother![A][NL]Are you[X][16]...[X][16][NL]You look ill.[X][A][0C][16]...[X][16]Is that you, Eirika?[A][NL]Don't worry.[NL]It's nothing.[X][A][09]B-but[X][16]...[X][16]you're so pale.[X][A][NL]What happened?[A][0C][16]...[X][16]Eirika.[X][A][09]Y-yes?[A][0C]Lyon is[X][16]...[X][16][A][NL]Lyon's my friend.[X][A][NL]Forever and always.[X][A][09]Brother[X][16]...[X][16][A][NL]Let's get out of here. L'Arachel[NL]and the others are worried.[X][A]
0x0B8A	[0A][10]"[NL][08][10][04][NL][0B][10][14][NL][0D][10][02][NL][1C][08][16]...[X][16]It appears the enemy[NL]fled over this cliff.[X][A][0D]I see no way we can[X][NL]pursue him now[16]...[X][16][A][0B]So he got away, is that it?[X][A][0A]There's no cause to be discouraged.[X][A][NL]Beyond these mountains lie the heart[NL]of Darkling Woods.[A][NL]Before we enter, we must head north[X][NL]to Rausten.[X][A][NL]After all, we still need the[NL]Sacred Stone of Rausten.[A][NL]As long as even one stone remains,[NL]all hope is not lost.[X][A][NL]Come on. We cannot give in to despair[X][NL]when victory draws so near![X][A]
0x0B8B	[0C][10]"[NL][0C]Home at last.[X][A][NL]My dear, sweet palace.[A][15][0C]Uncle, I've returned.[X][A][09][10]S[NL][09]Oh, L'Arachel! It's good[NL]to see you safe![A][0C]Of course I'm safe, Uncle.[A][NL]Evil can never defeat the[X][NL]forces of righteousness![A][09]Ha! You're exactly right, my dear![A][NL]Now tell me, who are our guests?[A]
0x0B8C	[09][10]S[NL][0D][10][14][NL][0B][10][02][NL][1C][0B]Pontifex Mansel of Rausten, allow[X][NL]me to introduce myself.[X][A][NL]I am Eirika, Princess of Renais.[A][NL]I come to you today as an[X][NL]emissary of Frelia.[X][A][0D]And I am Ephraim, Prince of Renais.[X][A][NL]I come with Eirika to warn you of[X][NL]the danger our world faces.[X][A][15][0B]It began when[X][16]...[X][16][A]
0x0B8D	[0C][10]"[NL][09][10]S[NL][09][16]...[X][16]Hmm, I see.[X][A][NL]That is a tough tale to swallow[X][NL]all at once[X][16]...[X][16][A][NL]However, I have heard of the fell[X][NL]creatures in Darkling Woods.[A][NL]L'Arachel.[A][NL]You will need the Stone of Rausten[NL]if we have any hope of victory.[X][A][0C]That is so, Uncle.[A][NL]I would like permission[X][NL]to open the temple seal.[A][09]Hmm[X][16]... [16]There's no need to[NL]rush yourself so, L'Arachel.[A][NL]You're home again, in this[NL]blessed haven. You should rest.[X][A][0C]How can I relax until I know that[X][NL]our Sacred Stone is safe?[X][A][NL]At the least, I'd like to ensure[NL]that the temple seal is intact.[X][A][NL]Oh[16]...[X][16][A][09]Is something amiss?[X][A][0C]I think we'll take a night to rest[NL]after all. Everyone is so exhausted.[A][NL]My dear friend Eirika especially has[NL]had a very trying time of late.[X][A]
0x0B8E	[09][10][02][NL][0C][10]"[NL][09][801E][09][16]......[16][A][0C]Eirika.[X][A][09]Ah[16]...[X][16][A][0C]Don't look so sad. It wreaks[NL]such havoc on your beauty.[A][09]L'Arachel. I[16]...[X][16][A][NL]What should I do?[X][A][15][8004][09]Lyon was one of my dearest[NL]friends[X][16]... [16]I feel so helpless.[X][A][NL]There's nothing I can do to[X][NL]help him[16]...[X][16][A][0C]Your friend is gone, Eirika.[A][NL]All that remains is the Demon[X][NL]King, masquerading as Lyon.[X][A][NL]For the good of all humanity,[X][NL]he must be defeated.[A][NL]Ah[16]... [16]If only it truly were[X][NL]that easy, though.[A][09][16]...[X][16][A][0C]Eirika[16]...[X][16][NL]I never knew Prince Lyon.[X][A][NL]I cannot pretend to understand[NL]the sadness you must feel.[A][NL]However, I do know this[X][16]...[X][16][A][NL]If the Lyon you hold so dear[NL]were here with you today[16]...[X][16][A][NL]What do you think he would[NL]want you to do?[X][A][09]I can't[X][16]...[X][16][A][NL][16]......[16][A][0C]There's no need to rush, Eirika.[A][NL]Take your time and think it through.[NL]You need to find your own answer.[X][A][NL]Now then, it's about time we found[NL]ourselves something to eat.[X][A][NL]It's hard to be optimistic on an[NL]empty stomach.[A][09][801C][09]Yes, I'll be right there.[X][A][NL]Thank you, L'Arachel.[X][A]
0x0B8F	[09][10][14][NL][0C][10],[NL][09][801E][09][16]......[16][A][0C]Come on, Ephraim, cheer up.[X][A][09]What are you talking about, Tana?[X][A][NL]There's nothing wrong with[NL]me. I'm always like this.[X][A][0C]That's not true.[A][NL]I've never seen you look so[X][NL]sad as you do right now.[A][NL]If you're depressed, I'm sure[X][NL]my brother would worry[16]...[X][16][A][NL]And I[X][16]...[X][16]well, I[X][16]...[X][16][A][8004][09][16]......[16][A][NL]Tana. You're the princess of Frelia.[A][NL]Perhaps it's unwise of you to be so[X][NL]friendly to Eirika and me.[A][NL]After all, alliances aside, our two[X][NL]countries' needs may differ.[A][NL]Who knows what the future holds? Those[NL]ties could snap in an instant[X][16]...[X][16][A][0C]No! Don't say that![X][A][09]And why not?[A][0C]You and Eirika are both my friends.[X][A][NL]We come from different countries,[X][NL]it's true, but[16]...[X][16]but[X][16]...[X][16][A][NL]No matter what happens, the friendship[NL]I feel for you will never change![X][A][09][801C][09][16]......[16][A][NL]I'm sorry, Tana.[A][NL]I wasn't thinking straight.[X][NL]Please don't cry.[X][A][0C]Ephraim[X][16]...[X][16][A][09]You're right, though.[X][A][NL]No matter what happens, the bond[NL]between us will never disappear.[A][NL]And it's because Lyon is my friend[05][NL]that I have to put an end to this.[A][NL]Thank you, Tana.[A]
0x0B90	[09][10]"[NL][0C][10][14][NL][0C][801E][0C][16]......[16][A][09]That long face doesn't[NL]suit you at all.[A][NL]Has something happened?[X][A][0C]L'Arachel[X][16]...[X][16][A][NL]No, this is how I always am.[A][09]Lying to the daughter of a holy[X][NL]man is a grave sin, don't you know?[X][A][NL]If you would like to talk, I would[NL]like to listen[16]...[X][16][A][8004][0C][16]......[16][A][NL]I'm sorry.[NL]I can't talk about it.[A][NL]I'm not even planning on telling[NL]Eirika what happened.[X][A][09]You're so stubborn, aren't you?[X][A][NL]Do you plan on shouldering the[NL]entire burden yourself?[X][A][0C]I'm sorry.[A][09]If that's all you're going to say,[NL]then there's naught I can do.[X][A][NL]Have you already decided on your[NL]course of action?[X][A][0C][16]......[16][A][NL]Mm-hm. I'm prepared.[A][09]Well[16]...[X][16][A][02][NL]Then there's no need for me to[NL]say anything more, is there?[A][NL]You and I are so alike[16]...[X][16][NL]You want nothing but to help others.[A][NL]You refuse to show weakness, and you[NL]want to accomplish everything yourself.[X][A][NL]However, you must know that there are[X][NL]times when you must share the burden.[X][A][0C][801C][0C]That's true[X][16]...[X][16][A][NL]And I feel better for having spoken[X][NL]with you. Thank you, L'Arachel.[X][A]
0x0B91	[0C][10]o[NL][0E][10]H[NL][0F][10][NL][NL][0E]Heh heh heh[X][16]...[X][16][A][NL]Guard duty? At this time of night?[NL]Such a diligent soldier.[A][0C][800D][0B]Huh?![X][NL]Who goes there?[X][A][0F]Where are you looking?[A][NL]I'm over here.[A][0B]Wha[X][16]...[X][16][A][0E]No, no, here.[X][NL]I'm over here.[A][0F]What's wrong? I'm right here.[X][NL]Heh heh heh[X][16]...[X][16][A][0B]Wha[X][16]...[X][16]wha[X][16]...[X][16][A][0E]Is the darkness too deep[NL]for you to penetrate?[X][A][NL]Can't you see what the[NL]night is hiding?[A][0B]A-attack![X][A]
0x0B92	[0C][10]H[NL][0C][17]Heh heh heh[X][16]...[X][16][NL][17]Humans will never conquer darkness.[X][A][NL]This guardian of light, Rausten, will[X][NL]drown in a never-ending night.[A][NL]Come, my pretties. It's time to go.[X][A][NL]The day of Rausten's destruction[NL]has at long last arrived![X][A]
0x0B93	[0A][10]S[NL][08][10]"[NL][0C][10]o[NL][1C][0C]Your Holiness! There's been an attack![A][NL]We think it's Grado's men, fleeing[NL]from Frelia's forces.[X][A][NL]However, they've breached the palace[NL]defenses at multiple points.[A][0A]What?![A][0C]The imperial guard is at a terrible[X][NL]disadvantage of numbers right now.[A][NL]It's less a battle than a slaughter.[A][NL]I'm not sure they will be able to hold[NL]out until the Knights of Rausten arrive.[A][0A]How has this happened?[A][NL]Our sacred capital invaded?[X][NL]I must[16]...[X][16][A][08]Uncle, please, you must keep yourself[X][NL]safe. We can take care of this.[X][A][15][08]Is everyone ready to go?[A]
0x0B94	[08][10][04][NL][0A][10][14][NL][0C][10][02][NL][1C][08]Princess Eirika, please[X][16]...[X][16][A][NL]Prince Ephraim and I will[X][NL]handle this.[A][0A]Seth, it's all right.[X][A][NL]Eirika can take care of herself.[NL]Isn't that right, Eirika?[X][A][0C]Yes. I'm sorry if[X][NL]I troubled you.[X][A][NL]Let's go.[X][A][NL]We have to protect[NL]Pontifex Mansel.[A]
0x0B95	[08][10][04][NL][0A][10][02][NL][0C][10][14][NL][1C][08]Prince Ephraim, we'll[X][NL]take care of this.[A][NL]Please[16]...[X][16][A][0A]Brother[X][16]...[X][16][A][0C]I'm sorry. I've been useless[NL]and worse lately.[X][A][NL]I'm over it now. I'm ready[NL]to fight.[X][A][NL]Let's go! Take out the enemy,[X][NL]and protect Pontifex Mansel![A]
0x0B96	[09][10]H[NL][09][17]Heh heh heh[X][16]...[X][16][A][NL][17]The day is coming, and swiftly[16]... [16]The[X][NL]day of our triumph, our vengeance![A][NL]Self-righteous fools of Rausten! Where[NL]are your miracles now?![X][A][02][NL]March on! March, minions of the Demon[X][NL]King! Your time is upon you![A][NL]Tonight, we claim not only Pontifex Mansel's[NL]sad life, but also Rausten's Sacred Stone![A][NL][17]Heh heh heh[X][17][16]...[X][16] You cretin, Mansel[X][16]...[X][16][NL]I will have my revenge.[X][A][NL]You should never have excommunicated me.[NL]The Demon King will be your new master![X][A]
0x0B97	[09][10][02][NL][09]Lyon[16]...[X][16][A][NL]You were so selfless. Your generosity[X][NL]seemed to flow from a bottomless well.[A][NL]I'm so sorry, Lyon. I couldn't save you.[A][NL]But I know what you would have wanted.[NL]I know it as I know my own name.[A][NL]So watch, Lyon.[X][A][02][NL]I will defeat the Demon King.[X][A]
0x0B98	[09][10][14][NL][09]Lyon is my friend.[A][NL]No matter what has happened,[NL]that one fact will not change.[A][NL]I know this. I will not falter[NL]in my resolve.[A][15][09]Lyon, because I'm your friend,[NL]I will strike you down.[X][A]
0x0B99	[0C][10]S[NL][0C]The light[X][16]...[X][16][NL]Will it drown in darkness?[A]
0x0B9C	[09][10][02][NL][0C][10]"[NL][17][0C]Behold.[X][NL]Victory is ours![A][09]Yes, we did it somehow.[X][A][NL]I wonder if everyone else is OK.[A][0C]Eirika?[X][A][NL]Did you find your answer?[X][A][09]Yes.[A][NL]Thank you, L'Arachel.[X][NL]Your words guided me.[X][A][0C]My-my words? It was nothing[X][16]...[X][16][A][NL]Come, we should find the Sacred Stone.[NL]If anything were to happen to it[16]...[X][16][A][09]L'Arachel?[A][NL]Your face is so flushed.[NL]Is anything amiss?[A][0C]N-no, it's nothing. Nothing at all![X][A]
0x0B9D	[09][10][14][NL][0C][10],[NL][17][09]That takes care of that.[A][0C]Ephraim![A][NL]I'm glad to see that[NL]your spirits are up.[A][09]Ah, Tana.[X][A][NL]And I have you to[X][NL]thank for it.[X][A][0C]It was nothing.[X][A][NL]As long as you're back[NL]to your old self,[X][A][NL]that is thanks enough.[A]
0x0B9E	[09][10][14][NL][0C][10]"[NL][17][0C]And there it is![NL]Victory is ours![A][09]Yes, we've won.[X][A][0C]Ephraim[X][16]...[X][16][A][NL]Did you find the answers[NL]you were looking for?[X][A][09]I did.[A][NL]Thank you, L'Arachel.[X][NL]It's only because of you.[X][A][0C]Wh-who, me? Why, I didn't[X][16]--[16][A][NL]Come, we should find the Sacred Stone.[NL]If anything were to happen to it[16]--[16][A][09]L'Arachel?[A][NL]Your face is flushed[16]...[X][16][NL]Are you feeling unwell?[X][A][0C]N-no, it's nothing.[X][NL]Nothing at all![X][A]
0x0B9F	[09][10][14][NL][0C][10]"[NL][17][0C]And there it is![NL]Victory is ours![A][09]Yes, we've won.[X][A][0C]Ephraim?[A][NL]Are you all right?[A][09]Yes, I am.[A][NL]Thank you, L'Arachel.[X][0C]Come, we should find the Sacred Stone.[NL]If anything were to happen to it[16]--[16][A]
0x0BA0	[0A][10][14][NL][08][10][02][NL][0B][10]"[NL][0D][10]&[NL][1C][17][0B]I'm holding it in my very hand![X][NL]The Stone of Rausten![X][A][NL]Its glorious radiance suits my[NL]complexion, wouldn't you say?[X][A][0A]This is it. The last one. The[X][NL]last remaining Sacred Stone.[A][0B]It is. And the time to defeat[X][NL]the Demon King draws near.[A][08]We should be leaving.[X][A][NL]We have to act before those[X][NL]creatures gain more momentum.[X][A][0D]Yes. We should make haste.[A][NL]The poison spreads. It is[X][NL]growing ever stronger.[A][0A]Where?[A][0D]Darkling Woods[16]...[X][16][A][NL]Where the Demon King fell[X][16]...[X][16][A]
0x0BA1	[09][10]"[NL][0C][10]S[NL][0C]L'Arachel, must you leave[X][NL]so soon?[A][NL]You've only just returned,[NL]and you have to leave?[A][09]Uncle, defeating evil is the[NL]highest calling I can perform.[A][0C]Of course, my dear. It is[X][NL]a divine calling, but[X][16]...[X][16][A][09]You needn't worry, Uncle.[X][A][NL]After all, I'm not on my[NL]own. I have my friends.[X][A][0C]I see.[A][NL]You've been blessed, L'Arachel.[X][NL]Blessed with many good friends.[X][A][09]I am indeed, Uncle.[X][A][NL]And they, in turn, are[NL]blessed with me![A][15][09]Farewell, Uncle.[NL]I shall return.[X][A][NL]Once evil has been vanquished,[NL]we'll all return safe and sound.[A][0C]Hold on. Not[NL]so fast now.[A][15]
0x0BA2	[0C]I have something I wish to[NL]present to Princess Eirika.[X][A][09][11][0A][10][02][NL][0A]To me, Your Holiness?[X][A][0C]Yes, Princess. I'd like[X][NL]you to accept this gift.[A][0A]What is it?[X][A]
0x0BA3	[0C]I have something else for[X][NL]Prince Ephraim as well.[X][A][09][11][0A][10][14][NL][0A]For me?[X][A][0C]That's right, Prince. I'd like[NL]you to accept this gift.[A][0A]But this is[X][16]...[X][16][A]
0x0BA4	[08][10]"[NL][08]Oh! Aren't those[16]...[X][16][A][NL]Aren't those the Sacred[X][NL]Twins of Rausten?[X][A][0C]That's right, dear niece.[X][A][NL]These are the weapons of Saint Latona,[NL]most holy father of Rausten.[A][NL]Here, we have glorious Ivaldi, and its[NL]twin, the divine Staff of Latona.[X][A][NL]I will also spare some funding to feed[NL]and arm your forces.[A][NL]After all, there is much that you must[NL]do before you leave these halls.[A]
0x0BA5	[0A][10][02][NL][08][10]"[NL][0C][10]S[NL][1C][17][08]So they are the blessed Latona's[NL]most sacred relics[16]...[X][16][A][NL]Is this allowed?[A][0C]I know the law, L'Arachel. The relics[X][NL]must never leave the temple,[A][NL]with the sole exception of the[NL]occasional ascension ceremony,[A][NL]but I think that, when the world needs[NL]saving, we can make the odd exception.[A][08]That's my uncle![A][0C]You will return them, of course[X][16]...[X][16][NL]once you've finished your task.[X][A][15][0C]Princess Eirika, I would[NL]have your oath on this.[X][A][0A]Of course. You have my word.[A][NL]We shall return safely, and[X][NL]we shall restore your relics.[X][A][08]Darkling Woods is home to naught[NL]but demons now.[X][A][NL]Indeed, I hear tell that none who[X][NL]enter its borders ever leave again.[X][A][NL]We ought to stock up on supplies[NL]in town before we set out.[A][0A]Yes, we must be as prepared as[NL]possible before we set out.[X][A][NL]I don't want to take any reckless[X][NL]chances with our lives.[X][A]
0x0BA6	[0A][10][14][NL][08][10]"[NL][0C][10]S[NL][1C][17][08]So they are the blessed Latona's[NL]most sacred relics[16]...[X][16][A][NL]Is this allowed?[A][0C]I know the law, L'Arachel. The relics[X][NL]must never leave the temple,[A][NL]with the sole exception of the[NL]occasional ascension ceremony,[A][NL]but I think that, when the world needs[NL]saving, we can make the odd exception.[A][08]That's my uncle![A][0C]You will return them, of course[X][16]...[X][16][NL]once you've finished your task.[X][A][15][0C]Prince Ephraim, I would[X][NL]have your oath on this.[X][A][0A]Of course.[A][08]Darkling Woods is home to naught[NL]but demons now.[X][A][NL]Indeed, I hear tell that none who[X][NL]enter its borders ever leave again.[X][A][NL]We ought to stock up on supplies[NL]in town before we set out.[A][0A]Yes, I think stocking up would[NL]be in our best interest.[A][NL]I intended to see that we all[X][NL]return unharmed.[A]
0x0BA7	[0B][10][02][NL][0D][10]"[NL][09][10]o[NL][1C][17][09]Princess L'Arachel![X][A][0D]My beloved countrymen![A][NL]The combat was fierce, but you[NL]protected the palace honorably.[X][A][NL]The valorous Knights of Rausten[X][NL]shall live on in story and song![A][09]Thank you, my lady. As always,[NL]it is our honor to serve.[X][A][NL]Princess Eirika, before you[X][NL]leave, please take this sword.[A][NL]We pray for your swift and[NL]safe return![A][0B]I appreciate your gift.[X][A][NL]I swear I will not allow[NL]your valor to be wasted![A][0D]As long as the righteousness of[X][NL]justice fills our hearts,[X][A][NL]how can we lose? Men, I ask that[NL]you watch after my dear uncle.[A][09]You have our word, my lady. In the[NL]twin names of justice and order![A]
0x0BA8	[0B][10][14][NL][0D][10]"[NL][09][10]o[NL][1C][17][09]Princess L'Arachel![X][A][0D]My beloved countrymen![A][NL]The combat was fierce, but you[NL]protected the palace honorably.[X][A][NL]The valorous Knights of Rausten[X][NL]shall live on in story and song![A][09]Thank you, my lady. As always,[NL]it is our honor to serve.[X][A][NL]Prince Ephraim, before you[NL]go, please take this sword.[X][A][NL]We pray for your swift and[NL]safe return![A][0B]As I pray for your safety, too.[X][A][NL]I won't let your valorous deeds[X][NL]be wasted this day![X][A][0D]As long as the righteousness of[X][NL]justice fills our hearts,[X][A][NL]how can we lose? Men, I ask that[NL]you watch after my dear uncle.[A][09]You have our word, my lady. In the[NL]twin names of justice and order![A]
0x0BA9	[0C][10]J[NL][8025][0C][17]Mm[16]...[X][16]hah hah[X][16]...[X][16][A][NL]A moment more, and my rebirth[X][NL]will be unstoppable[X][16]--[16]irreversible.[X][A][NL]None remain who can stop me now.[A][17][8025][09][10]I[NL][09]So, you've returned, have you?[A][8025][0C]Hm?[X][A][8025][09]You can clothe yourself in human flesh,[X][NL]but you cannot hide your foul mien.[X][A][NL]Eight hundred years wasn't long enough,[X][NL]Demon King.[X][A][8025][0C]One of the dragonkin, hm?[X][A][NL]Ah. I've seen your face[X][NL]before, lizard.[X][A][NL]Yes, during that accursed[X][NL]battle so long ago.[X][A][NL]When those wretched men bound[X][NL]me in their fetters.[A][NL]They fought with an ally from[X][NL]the dragonkin at their side[X][16]...[X][16][A][NL]I believe his name was Morva.[X][A][8025][09]The protection of the blessed stones[NL]is lost. The dark is rising.[A][NL]Malevolence given will and form now[X][NL]walks these lands unopposed.[A][NL]Ancient king of shadows[X][16]...[X][16][NL]they appear to be waiting for you.[A][8025][0C]Very perceptive. And now I am here.[X][A][NL]I must tell them their wait is over.[NL]I must tell them I have been reborn.[A][NL]Begone, dragon.[X][A][NL]I am changed. I can no longer be[NL]stopped by the likes of you.[A][8025][09]I live and breathe to protect mankind.[NL]I cannot abandon them to you.[X][A][NL]Now, as it once did so long ago, these[NL]woods will witness your defeat.[X][A][8025][0C]So, your dragon blood still runs so[X][NL]hot that you would dare to stop me?[X][A][02][NL]Dragons. That reminds me[16]...[X][16][A][NL]Not long back, I fought a rabble of men[X][NL]who traveled with a dragon child.[X][A][NL]Tell me, Morva, was that your daughter?[X][A][8025][09][16]...[X][16][05]Myrrh left this place long ago to[X][NL]test the limits of your influence.[A][NL]Could she have[16]...?[16][A][8025][0C]Could she have what?[NL]Pray, continue.[X][A][8025][09]You will answer me.[X][NL]Your reply will determine[X][16]...[X][16][A][8025][0C][17]Ha ha ha ha ha[16]...[X][16][A][NL]Such information has no use[X][NL]to you now.[X][A][NL]You have dared to challenge me.[X][NL]You have no time for joy or sorrow.[X][A][NL]No, best to focus now on this, the[NL]moment of your death.[X][A][NL]I would hate for you to miss it.[A][17][8025]
0x0BAA	[0C][10]F[NL][0C][16]...[X][16][A][NL]The time grows near.[A][09][10]I[NL][09][16]...[X][16]Hold.[X][A][0C]Huh?[A][09]What are you doing here, human?[X][A][NL]You should return to your own kind.[X][NL]This is no place for you to tread.[A][NL]This is darkness's domain[X][16]...[X][16][NL]This is desecrated land.[A][0C]That's why I've come.[X][A][NL]I have the power of the Demon[X][NL]King. I will save us all.[X][A][09]You[X][16]...[X][16][A][NL]Evil grips your heart[X][16]...[X][16][NL]No[16]--[16]you've given your heart to evil.[A][0C][16]......[16][A][09]What a tragedy[16]...[X][16][A][NL]Human flesh cannot contain the[NL]demon. It cannot control him.[X][A][NL]You think yourself safe, but[NL]already, your control slips.[A][NL]I see the madness eating at you.[NL]I see the beginning of the end.[X][A][0C]You're wrong. This[16]...[X][16][A][NL]Ah[16]...[X][16]urg[X][16]...[X][16][A][NL]I do this of my own will[16]...[X][16][A][NL]I will save Grado's people.[X][A][09][16]......[16][A][0C]I had a vision[16]...[X][16][NL]I saw my life traveling two roads.[A][NL]Down one, the Demon King conquers[X][NL]both my body and soul.[A][NL]Down the other, I master the Demon[NL]King, and with that power[X][16]...[X][16]urg[X][16]...[X][16][A][NL]With that power, I avert disaster.[NL]I gave the people a better future[X][16]...[X][16][A][NL]I resist the Demon King's attempts to[X][NL]wrest away my will[16]...[X][16][A][NL]I saw this, and I made my decision.[X][NL]I walk the second road.[X][A][09]You fool[16]...[X][16][A][NL]The Demon King has blinded you to his[X][NL]true wish. How can you not see it?[A][02][NL]He's had you since the moment you[X][NL]first held the Dark Stone.[A][NL]He has been hiding within you, luring you[X][NL]deeper into the shadows of his heart.[X][A][NL]He commands you and remakes you to suit[X][NL]his dark design.[A][0C][16]...[X][16]You're wrong[16]...[X][16][A][09]You think yourself unchanged?[X][NL]You think yourself the master?[A][NL]I see only more evidence that the[X][NL]Demon King commands you now.[A][NL]Can you not sense[X][16]--[16][A][0C]It's not true! I[16]...[X][16][A][NL]I will save everyone.[X][A][09]Think back! Remember![X][A][NL]Are you truly the man you used to be?[X][A][NL]Would you justify war and murder[NL]to bring about peace and justice?[X][A][NL]Remember who you were, and tell me[NL]if you are still yourself![A][0C][16]......[16][A][NL]All of this matters not. I know[X][NL]the Demon King has claimed me.[A][NL]It is not important[X][16]...[X][16][A][NL]Not if I can save the world.[NL]My own soul is irrelevant.[A][09][16]...[X][16]It is as I feared. You will[X][NL]not give up this madness.[X][A][02][NL]I am Morva, the dragonkin who guards[NL]the entrance to these woods.[A][NL]I do not have the ability to save you.[A][NL]All I can do is destroy the demon that[NL]coils around your heart.[A][NL]To prevent the further[NL]damnation of your soul[16]...[X][16][A][NL]I can only grant you eternal sleep.[X][A][0C]I cannot sleep.[X][NL]I have not yet[16]--[16][A][NL]There is no taboo I will not break,[X][NL]no sacrifice I will not make[16]...[X][16][A][NL]I[X][16]...[X][16][A][09][16]...[X][16]You are beyond reason.[A][NL]Therefore I, too, must[NL]do what I was born to do.[X][A][NL]As it was in that ancient battle[16]...[X][16][NL]You will die here, Demon King.[A][0C][16]......[16][A]
0x0BAB	[0A][10][14][NL][08][10][02][NL][0B][10][04][NL][0D][10]&[NL][1C][0A]This awful darkness[X][16]...[X][16][A][08]I know[16]...[X][16][NL]I can feel it too.[A][0B]This is Darkling Woods[16]...[X][16][A][NL]It was here the heroes met the Demon King[X][NL]and with the Sacred Stones defeated him.[A][NL]I've heard the lingering energies of that[X][NL]battle are the source of the monsters.[A][NL]But I never imagined it would be as bad[X][NL]as this[X][16]...[X][16][A][0D]It's worse than before[16]...[X][16][NL]It's grown so much stronger.[A][NL]Simply standing here is[X][NL]a struggle[16]...[X][16][A][NL]But we don't need to worry.[X][A][NL]My father is here. He'll[NL]take care of everything.[A][08]Your father?[A][0D]Over there.[X][A][NL]On the other side of that swamp is[NL]the Black Temple of the Demon King.[X][A][NL]My father stands guard near it.[X][A][NL]This is where my father and I have[NL]lived for as long as I can remember.[A][0A]I see. So this forest[X][NL]is like a home to you.[A][0D]Uh-huh[16]...[X][16][A][NL]I get to see Father again.[NL]I'm so happy.[X][A][NL]My foster father leads the[NL]dragon tribe.[X][A][NL]In the last great war[X][16]...[X][16]both[NL]of my true parents were killed.[X][A][NL]Morva took me in and raised me[NL]as though I were his own child.[X][A][08]So that's how you[X][NL]came to live here[X][16]...[X][16][A][0D]My father holds back the monsters[X][NL]that are born in Darkling Woods.[A][NL]He's so strong, and so very gentle.[X][A][NL]One day, I hope to be like him[16]...[X][16][A][02][NL][16]......[16]Oh![X][A][08]Myrrh, what's wrong?[A][8004][0B]Princess Eirika, Prince Ephraim,[NL]we're under attack.[X][A][NL]A horde of those foul beasts[NL]is headed straight for us.[A][0D][16]......[16][A][08]Myrrh, are you well? If you're[NL]ill, we should get you to[X][16]--[16][A][0D]No, no[16]... [16]It's nothing.[X][A][NL]I'll fight with you.[A][NL]I'll fight, and we'll drive[X][NL]back the dark children.[X][A]
0x0BAC	[0A][10][14][NL][08][10][02][NL][0B][10][04][NL][0D][10]&[NL][0A]This awful darkness[X][16]...[X][16][A][08]I know[16]...[X][16][NL]I can feel it too.[A][0B]This is Darkling Woods[16]...[X][16][A][NL]It was here the heroes met the Demon King[X][NL]and with the Sacred Stones defeated him.[A][NL]I've heard the lingering energies of that[X][NL]battle are the source of the monsters.[A][NL]But I never imagined it would be as bad[X][NL]as this[X][16]...[X][16][A][0D]It's worse than before[16]...[X][16][NL]It's grown so much stronger.[A][NL]Simply standing here is[X][NL]a struggle[16]...[X][16][A][NL]But we don't need to worry.[X][A][NL]My father is here. He'll[NL]take care of everything.[A][08]Your father?[A][0D]Over there.[X][A][NL]On the other side of that swamp is[NL]the Black Temple of the Demon King.[X][A][NL]My father stands guard near it.[X][A][NL]This is where my father and I have[NL]lived for as long as I can remember.[A][0A]I see. So this forest[X][NL]is like a home to you.[A][0D]Uh-huh[16]...[X][16][A][NL]My foster father leads the[NL]dragon tribe.[X][A][NL]In the last great war[X][16]...[X][16]both[NL]of my true parents were killed.[X][A][NL]Morva took me in and raised me[NL]as though I were his own child.[X][A][0A]So that's how you[X][NL]came to live here[X][16]...[X][16][A][0D]My father holds back the monsters[X][NL]that are born in Darkling Woods.[A][NL]He's so strong, and so very gentle.[X][A][NL]One day, I hope to be like him[16]...[X][16][A][02][NL][16]......[16]Oh![X][A][0A]Myrrh, what is it?[A][8004][0B]Princess Eirika, Prince Ephraim,[NL]we're under attack.[X][A][NL]A horde of those foul beasts[NL]is headed straight for us.[A][0D][16]......[16][A][0A]Myrrh, are you well? If you're[NL]ill, we should get you to[X][16]--[16][A][0D]No, no[16]... [16]It's nothing.[X][A][NL]I'll fight with you.[A][NL]I'll fight, and we'll drive[X][NL]back the dark children.[X][A]
0x0BAD	[09][10]H[NL][0C][10]J[NL][0C][17]Ha ha ha ha[X][16]...[X][16][A][NL]Riev[16]...[X][16][NL]I'm leaving this to you.[A][17][09][17]Heh heh heh[X][16]...[X][16][17][NL]As you wish.[A][NL]Please proceed with the rites[X][NL]of resurrection, sire.[A]
0x0BAE	[09][10]H[NL][09][17]Heh heh heh[X][16]...[X][16][A][NL][17]Soon[16]...[X][16]soon[16]...[X][16][NL]It happens soon![A][NL]The Demon King will be restored[X][NL]to all his former glory![A][NL]And I, his faithful servant, will[X][NL]bask in his radiant power[X][16]...[X][16][A][NL]Then, oh, then I will have my[X][NL]revenge on those who scorned me![A][02][NL]The Demon King has created for me[X][NL]a fine weapon[X][16]--[16]a draco zombie![X][A][NL]This fierce beast and I will guard[NL]the Black Temple's entrance.[A][NL]As long as we stand watch, no one[X][NL]will interrupt his rituals.[X][A][NL]We will drown all who dare approach[X][NL]in this virulent mud![X][A][NL][17]Heh heh heh[X][16]...[X][16][NL]Heh heh heh heh heh![A][17]
0x0BB3	[09][10][02][NL][0C][10][14][NL][0C]So this is the Black Temple[X][16]...[X][16][A][NL]The Demon King is here.[X][A][0C][801E][09]We have to stop him before he[X][NL]can begin the ritual.[X][A][NL]Let's waste no time, Brother.[X][A]
0x0BB4	[0C][10]&[NL][0C][16]......[16][A][15][0C]I'm sorry[X][16]...[X][16]Father[16]...[X][16][A][09][10][02][NL][09]Myrrh[X][16]...[X][16][NL]What is it?[X][A][0C]Um[16]...[X][16][A][NL]I[X][16]...[X][16][A][NL]I just met with my father.[A][NL]I had not seen or spoken with[X][NL]him for quite a while.[A][09]You saw your father?[A][NL]Then we must speak with him[X][16]--[16][A][0C]No[16]...[X][16][NL]He told me he couldn't see you.[X][A][NL]He said it wasn't a good idea[X][NL]for him to meet so many people.[X][A][NL]As the tribal chieftain, he feels[X][NL]he should maintain his distance.[A][09]Is that so[16]...[X][16][NL]That's too bad.[X][A][0C]But he offered me words of encouragement[NL]and praised my efforts thus far.[A][NL]He told me in his kindly voice to[X][NL]come home to him safely.[A][NL]I will do my best to honor his[NL]faith in me.[A][09]He sounds like a good father.[X][A][0C]He is[X][16]...[X][16][A][NL]Mistress Eirika[X][16]...[X][16][NL]I'll do all I can.[A][NL]For my father[X][16]--[16]and for[X][NL]all of you as well.[X][A][NL]I will help you, and we[X][NL]will defeat the Demon King.[X][A][09]Are you sure you want to[NL]go with us, Myrrh?[A][NL]You had so wanted to[NL]be with your father[X][16]...[X][16][A][0C]Yes[X][16]...[X][16]I'm sure.[X][A][NL]Once we are finished dealing with[X][NL]this evil, I will have time then.[X][A][NL]Let's hurry, Mistress Eirika.[X][A][09]Myrrh[X][16]...[X][16][A][NL]I understand.[X][NL]Let's get moving.[X][A][NL]The faster we can end this[NL]nightmare, the better.[A][0C]From this building[16]...[X][16][NL]a repulsive energy oozes.[X][A][NL]The Demon King[16]... [16]He's here.[A]
0x0BB5	[0C][10]&[NL][0C][16]......[16][A][NL]I'm sorry[X][16]...[X][16][A][NL]Forgive me[16]...[X][16]Father[16]...[X][16][A][0E][10][14][NL][0E]Myrrh![NL]Where are you?![X][A][0C]Ah[16]...[X][16][A][09][10][14][NL][09]Here you are.[X][NL]Myrrh, we were worried[16]...[X][16][A][NL]Myrrh?[NL]Are you[X][16]...[X][16]crying?[X][A][0C]N-no[16]...[X][16][NL]It's nothing.[X][A][NL]The poison in these woods is[NL]thick. It burns my eyes.[A][09]Wait a minute[X][16]...[X][16][NL]That dragon[X][16]...[X][16][A][NL]Could he have been[16]--[16][A][0C]O-of course not[X][16]...[X][16][NL]There's nothing wrong.[A][NL]After everything you all[NL]have suffered, this is[16]--[16][A][NL]I can't[X][16]... [16]This is nothing[X][16]...[X][16][A][09]Myrrh[X][16]...[X][16][A][0C]Ephraim[X][16]...[X][16][A][09]I'm so sorry.[X][A][NL]You kept silent this whole time[X][NL]so as not to trouble us.[A][0C][16]...[X][16][A][NL]E-everything's fine, Ephraim[16]...[X][16][A][NL]I'm fine. See?[NL]I'm ready to[16]...[X][16]to[16]...[X][16][A][09]Myrrh.[A][NL]Let yourself cry.[X][A][NL]These are dark times. There's[X][NL]no reason to hide your sorrow.[A][0C]Ephraim[X][16]...[X][16][A][NL]I, I[16]...[X][16][NL][16]...[X][16]Aaah[16]... [16]Sniff[X][16]...[X][16][A][NL]Father[16]...[X][16][NL]Father[16]...[X][16][A]
0x0BB6	[09][10]F[NL][09]Urr[X][16]...[X][16]rrraa[X][16]...[X][16][A][15][8025][09]Lyon[16]...[X][16][NL]It's almost time.[X][A][NL]Your beloved Eirika[X][NL]is on her way.[A][8025][15][09]Eirika[16]...[X][16][A][NL]Don't[X][16]...[X][16]come.[X][A][NL]It's[16]...[X][16]already[X][16]...[X][16][A][15][8025][09][17]Ha ha[X][16]... [16]Lyon,[X][NL]prince of frailty.[A][NL][17]To believe that a weak man like[X][NL]you thought to oppose me[16]...[X][16][A][NL]You're an arrogant little[X][NL]insect, nothing more.[X][A][02][NL]And now, you're dead[16]...[X][16][A][NL]I will devour you, and you[NL]will be lost forever.[X][A][8025][15][09]Urr[X][16]...[X][16]ugh[X][16]...[X][16][A][NL]Uh![X][NL]Grrraaaaa!![X][A][15][8025][09]Ha ha. Does it hurt?[NL]Are you suffering?[A][NL]Oh, but it does not end for[X][NL]you yet. Oh, no.[A][NL]I've left you this one shard[NL]of awareness for a reason.[A][NL]I want you to watch yourself[NL]as you crush Eirika.[A][NL]You should thank me![NL][17]Ha ha[X][16]...[X][16]hah hah hah![A][17][8025][15][09]Ei[16]...[X][16]Eirika[16]...[X][16][A]
0x0BB7	[0A][10]P[NL][08][10]/[NL][0C][10]N[NL][1C][0A][16]...[X][16]Father![X][A][NL]Hold on, please![NL]Father![X][A][0C]Lyon[16]...[X][16][A][NL]This is[X][16]...[X][16]the end for me.[X][A][NL]From now on[X][16]...[X][16]you[X][16]...[X][16][A][0A]Don't say that, Father.[X][A][0C]You must concern yourself[X][16]...[X][16][NL]with Grado[16]...[X][16][A][NL]The people[16]...[X][16]our people[NL]must be saved[X][16]...[X][16][A][NL]Lyon[16]...[X][16]tell me again.[NL]What will happen to Grado?[A][0A]I have seen it many times now, as[X][NL]have the court mages.[X][A][NL]It's the same every time, Father.[X][NL]It's always the same.[X][A][NL]Sometime in the coming years, the[X][NL]southern continent will collapse.[X][A][NL]Countless people will die instantly.[NL]Those who don't will likely starve.[X][A][0C][16]......[16][A][0A]None but the mages and I know of[NL]the vision, as you ordered.[X][A][NL]But[X][16]...[X][16]if we don't do something,[X][NL]all of those people will die.[X][A][NL]Please tell me, Father.[X][NL]What should I do?[X][A][NL]What[16]...[X][16][A][0C]Lyon[16]...[X][16][A][NL]When I die[16]...[X][16][NL]You will be emperor[X][16]...[X][16][A][NL]The emperor[X][16]...[X][16][NL]must protect his country.[X][A][NL]There is nothing more[X][16]...[X][16][NL]that I can do.[A][NL]It's you[16]... [16]You must[NL]protect our people.[X][A][0A]B-but, Father[X][16]...[X][16][NL]I don't have the power[16]...[X][16][A][NL]Ah![X][NL]R-Renais[16]...[X][16][A][NL]If I ask Eirika and Ephraim for[X][NL]help, I'm sure they would[X][16]--[16][A][0C]You would ask Renais to rescue us[X][NL]from[16]...[X][16]a natural disaster?[X][A][NL]They would not help us[16]...[X][16][A][NL]Grado's borders would overflow with[X][NL]starving refugees by the thousands.[X][A][NL]Renais would close her borders to[X][NL]us. It's only natural[X][16]...[X][16][A][NL]Renais has a duty to protect herself.[X][A][0A]No, that would never[16]--[16][A][0C]Lyon[16]...[X][16][A][NL]You are the one[X][16]...[X][16][NL]who must[16]...[X][16]save our people.[A][NL]You must take my place[16]...[X][16][A][NL]The citizens of Grado[X][16]...[X][16][NL]are counting on[X][16]...[X][16]you[X][16]...[X][16][A][0A]Father?![A][NL]No[16]...[X][16]wait![X][A][NL]I cannot do anything without[NL]you, Father![A][15][0C][11][0A]Fa[16]...[X][16]Father[16]...[X][16][A][08]His Highness[16]...[X][16][A][0A]I am[16]...[X][16]weak.[X][A][NL]Because I am weak[X][16]...[X][16]people will die.[A][NL]I[X][16]...[X][16][A]
0x0BB8	[0A][10]P[NL][08][10]/[NL][1C][08]Prince Lyon[X][16]...[X][16][A][0A]Knoll[X][16]...[X][16][NL]I[X][16]...[X][16][A][NL]Open the seal on the[NL]Sacred Stone of Grado.[A][08]The Sacred Stone?[X][NL]But that's[16]...[X][16][A][0A]You've seen the scrolls. You know there[X][NL]is a way to stop the coming disaster.[X][A][NL]If those scrolls are correct, the rites[X][NL]they describe can save all of Grado.[A][NL]But it will require a staggering amount[X][NL]of dark energy[16]--[16]and a sacrifice as well.[A][NL]The human body cannot contain the powers[NL]these rites demand[16]...[X][16][A][02][NL]And yet[X][16]...[X][16][A][NL]Of the five Sacred Stones, Grado's[NL]alone possesses a greater power[X][16]...[X][16][A][NL]It is the very prison housing the soul[NL]of the ancient Demon King.[A][NL]If we could harness its power, well[X][16]...[X][16][A][NL]If we can do that, we can avert[X][NL]disaster and save countless lives.[A][08]But you forget[16]...[X][16][A][0A]I forget nothing![X][NL]I know I am too weak.[X][A][NL]Because of me, all of Grado[X][NL]will be destroyed.[A][NL]I need[16]...[X][16][NL]I need the Sacred Stone.[A][NL]I must become stronger.[X][NL]I will become stronger.[X][A]
0x0BB9	[09][10]F[NL][09]Everything is in readiness.[X][A][NL]The Stones have been destroyed.[X][NL]The Demon King's power swells.[A][NL]The Black Temple possesses all[NL]the demonic power I will need.[A][NL]The rites can begin.[A][NL]All that remains is for me to[X][NL]sacrifice my life[X][16]...[X][16][A][NL]The disaster will be averted.[X][A][02][NL]My people will be saved[X][16]...[X][16][A]
0x0BBA	[09][10]-[NL][0C][10]P[NL][17][0C]When tomorrow comes[X][16]...[X][16][NL]You have to go home, don't you?[X][A][09]Yes[X][16]...[X][16][NL]Thank you for everything, Lyon.[X][A][NL]I'll never forget the time I[NL]spent here.[X][A][0C]Do you think we'll see each other again?[A][09]Yes, of course.[X][A][NL]My brother and you and me. We are[X][NL]friends, after all. Aren't we?[A][0C]Eirika[16]...[X][16][A][NL]Yep, you're right.[A][09]I hope your study of the Sacred[X][NL]Stones is fruitful.[X][A][NL]I know you'll use the wisdom you[NL]glean to make your people happy.[A][0C]Thank you, Eirika.[A][NL]You know, you're the only reason[NL]I was able to save that girl.[X][A][NL]There were times when I wanted[NL]to give up, to admit failure.[X][A][NL]But you were always there. You were[X][NL]always encouraging me to succeed.[X][A][NL]That's what kept me going. I just[X][NL]thought of you.[X][A][09]Lyon[16]...[X][16][A][0C]Eirika[16]...[X][16][A][NL]I[X][16]... [16]I've always[X][16]...[X][16][A][15][0C]I'm sorry[X][16]... [16]Forget what I was saying.[X][A][NL]I could never be like Ephraim[X][16]...[X][16][A][09]Lyon, what do you[X][16]--[16][A][0C]I guess this is it, Eirika.[X][NL]Hope to see you again someday.[A][NL]I'm going to focus on my work[X][NL]and do my best until that day.[A][NL]My research will progress, and my[X][NL]discoveries will benefit us all.[A][NL]One day, I will be a prince worthy[NL]of you, and I will see you again.[X][A]
0x0BBB	[09][10].[NL][0C][10]P[NL][09]Don't make that face.[X][A][NL]We'll see each other again. All[X][NL]three of us[X][16]--[16]you, me, and Eirika.[A][17][0C]Yeah[16]... [16]I know.[X][A][NL]But when we get older, when we each[X][NL]take the reigns of our nations,[X][A][NL]we probably won't meet again[16]... [16]Not[X][NL]like this, I mean. Not as friends.[A][09]What's that got to do with anything?[A][NL]Kings are humans, too. Emperors[X][NL]need not be friendless, you know.[X][A][0C]I suppose you're right. You have a knack[NL]for cutting to the heart of things.[X][A][NL]But becoming a king or an emperor is[NL]not something you can take lightly.[X][A][NL]I really don't think we'll be the[X][NL]same people we are right now[16]...[X][16][A][02][NL]What if Renais and Grado went to war?[X][NL]What if we were forced to fight?[A][09]Don't be ridiculous.[NL]That would never happen.[A][0C]If[16]...[X][16][NL]If it did[X][16]...[X][16][A][NL]We'd still be friends,[NL]wouldn't we?[A][09]Even if that happens, yes.[A][NL]We're friends forever. Nothing[NL]can change that. You'll see.[A][0C]Hm[16]...[X][16][A][NL]All right, Ephraim.[X][A][02][NL]Then I will see you again.[A]
0x0BBC	[09][10][02][NL][0C][10]F[NL][09]Lyon![X][A][0C][16]......[16][A][NL]Eirika?[X][A][09]Lyon[16]... [16]It is you, isn't it, Lyon?![X][A][0C]Yes[X][16]...[X][16][A][NL]But I'm[X][16]... [16]I'm almost[NL]completely gone.[A][15][0C]Before I'm lost entirely,[X][NL]I want to apologize.[A][NL]I'm sorry, Eirika.[NL]This is all my fault.[X][A][NL]I was too weak[16]...[X][16][A][09]You're not to blame, Lyon.[A][NL]It was the Demon King. He[X][NL]was controlling you[X][16]...[X][16][A][0C]No, that's not true, Eirika.[A][NL]When the Demon King reached into me[X][NL]from inside the Dark Stone[16]...[X][16][A][NL]When he whispered he would see all my[X][NL]dreams and desires made true[16]...[X][16][A][NL]I[X][16]...[X][16]I did not reject him.[X][A][15][0C]In the shadows of my heart, he saw[NL]jealousy[16]...[X][16]vanity[16]...[X][16][A][NL]It was my weakness that put these[X][NL]emotions there, allowed them to thrive.[X][A][09]Everyone has weaknesses, Lyon.[A][NL]You're not the only one. I do.[NL]I'm sure my brother does[16]...[X][16][A][NL]Don't hate yourself for having[NL]these feelings, please.[X][A][0C]Thank you, Eirika.[A][NL]You were always[X][16]...[X][16]so kind.[A][15][0C]The Demon King will claim my flesh as[X][NL]a vessel for his resurrection.[A][NL]Before that can happen[16]...[X][16][NL]I want you to kill me.[A][NL]I'm sorry, Eirika. I'm already[16]--[16][A][09][16]......[16][A]
0x0BBD	[09][10][02][NL][0C][10]J[NL][8025][0C]Oh, please[16]...[X][16][A][NL]Are you done turning your failings into[X][NL]some sad epic of personal tragedy?[A][NL]It's time we started then.[A][NL]I have a ritual to complete[X][16]...[X][16][NL]and some nuisances to kill.[X][A][8025][09]Shut your mouth.[A][NL]I won't allow you to desecrate[NL]Lyon's body any further.[A][NL]You will not return to this world.[NL]I will stop you myself if I must.[X][A][8025][0C]Ah, is that so? And do you honestly[X][NL]think yourself capable, wench?[A][NL]You once prayed for this fool's salvation.[NL]Can you bring yourself to kill him?[X][A][8025][09]I can and I will.[X][A][NL]I made a promise to Lyon,[X][NL]and I intend to honor it.[X][A]
0x0BBE	[09][10][14][NL][0C][10]F[NL][09]Lyon.[X][A][0C]You came after all, Ephraim.[NL]I'm glad.[X][A][09]Lyon.[X][A][NL]Is this[X][16]... [16]Is this my fault?[X][A][NL]Am I responsible for how[NL]much you've changed?[A][NL]I haven't seen you for[NL]two years now[X][16]...[X][16][A][NL]Have you[16]...[X][16]hated me[NL]that entire time?[X][A][0C]No, Ephraim.[A][NL]I was never dishonest. I liked[NL]you both. I still do.[X][A][NL]But I was envious of you, too.[A][NL]That's why I[16]...[X][16]desired this.[X][A][NL]You may not believe me when[X][NL]I tell you this, but[16]...[X][16][A][NL]Even now, after all this, I[X][NL]still consider you a friend.[A][09]Lyon[16]...[X][16][A][02][NL]You know that I do, too.[NL]I spoke the truth to you[16]...[X][16][A][NL]I truly thought that we[X][NL]would always be friends.[A][02][NL]That's why I[16]...[X][16][A][NL]I have to stop you.[X][A][0C]Of course. I know[X][16]...[X][16][A][NL]You are Ephraim, after all.[X][NL]You could do no less, my friend.[A][NL]Well, come then, Ephraim.[X][NL]Try and stop me.[A][NL]I will defeat you, and then I[X][NL]will save the people of Grado.[A][NL]No one[16]...[X][16][NL]No one will stand in my way.[A]
0x0BC0	[09][10]F[NL][09]Tell me, Ephraim: do I look[X][NL]like I've grown stronger?[X][A][NL]The last time we dueled, I[NL]was too weak to test you.[X][A][NL]Why, I was so weak, I even[NL]lost to Eirika[16]...[X][16][A][09][11][0C][10][14][NL][0C][16]......[16][A][0C][11][09][10]F[NL][09]I've sacrificed the lives[X][NL]of many good people.[A][NL]I've committed many[X][NL]unforgivable sins.[A][NL]The caring heart I once[X][NL]possessed died long ago[X][16]...[X][16][A][02][NL]And I've grown stronger[X][NL]because of it.[A][NL]I've grown strong enough to[X][NL]defeat even you, Ephraim.[X][A][09][11][0C][10][14][NL][0C][16]...[X][16]No, you haven't. You're[X][NL]still no match for me.[A][NL]You were never one for[NL]combat. It's not in you.[A][NL]You should never have[X][NL]chosen this path.[X][A][0C][11][09][10]F[NL][09][16]......[16][A][09][11][0C][10][14][NL][0C][16]......[16][A][NL]Here I come, Lyon.[A][0C][11]
0x0BC4	[09][10]F[NL][09]Where[X][16]...[X][16][A][NL]Where did[X][NL]I go wrong[16]...[X][16][A][09][801D][09][11]
0x0BC5	[09][10][02][NL][0C][10]F[NL][0C][16]......[16][A][09]Lyon![X][A][09][800C][08][10][14][NL][1C][08]Be careful, Eirika![X][A][0A]It's all right.[X][NL]He's Lyon.[A][NL]Lyon[16]...[X][16][A][8004][0C][17]Ei[16]...[X][16]Eirika[16]...[X][16][NL]Is[16]...[X][16]that you[16]...?[16][A][17][0A]Yes, Lyon. It's me.[X][A][0C][17]Eirika[16]... [16]You stopped me, didn't you?[X][NL]I'm glad[16]...[X][16][A][17][0A]Lyon[16]...[X][16][NL]Lyon[16]...[X][16][A][0C][17]Listen[16]...[X][16]Eirika[16]...[X][16][A][NL]I never had the courage[X][NL]to tell you, but[16]...[X][16][A][17][15][0C][17]I've always loved you[X][16]...[X][16][A][17][0C][11][0A][16]...[X][16]Lyon[16]...[X][16][A][08][16]......[16][A]
0x0BC6	[09][10][14][NL][0C][10]F[NL][0C]I guess that proves it.[X][A][NL]You're too strong, Ephraim[16]...[X][16][A][NL]I've always[X][16]...[X][16][NL]admired[X][16]...[X][16][A][09]Lyon![X][A][8004][0C]You know, Ephraim[X][16]...[X][16][A][NL]I always wanted to be you.[A][15][0C]I wanted to be strong and handsome[16]...[X][16][A][NL]With Eirika always at my side[X][16]...[X][16][A][NL]That's what I wanted to be.[X][A][NL]I had[X][16]...[X][16][NL]I had nothing[X][16]...[X][16][A][09]Don't be ridiculous, Lyon.[A][NL]Who was it that taught me history?[A][NL]Who covered for me when I stumbled?[X][A][NL]Didn't you see how I looked up to you?[A][NL]I admired your compassion, your wisdom,[X][NL]your thoughtfulness[X][16]...[X][16][A][0C][17]Oh, yeah[16]...[X][16][A][NL]That seems so long ago[16]...[X][16][NL]I did keep you out of trouble, didn't I?[A][NL]Thanks for remembering.[X][NL]See? You're thoughtful, too[X][16]...[X][16][A][17][09]Lyon[16]...[X][16][NL]Wait! Don't close your eyes![A][NL]I'm going to save you![NL]I'll find a way! I[16]...[X][16][A][0C][17]No, don't[X][16]...[X][16][NL]Thanks, anyway.[X][A][NL]It was all my fault[X][16]...[X][16][NL]Don't look so sad.[A][17][15][0C][17]C'mon, Ephraim, smile.[NL]Like you used to[16]...[X][16][A][17][0C][11][09][16]...[X][16]Lyon[16]...[X][16][A]
0x0BC7	[09][10][14][NL][0C][10][02][NL][09]What?![NL]This[16]...[X][16][A][0C]Brother![NL]Lyon's body! It's[X][16]...[X][16][A]
0x0BC8	[8025]...The time has come...[X][A][NL]...My resurrection is at hand...[A][8025]
0x0BC9	[8025]Now, humans...[A][NL]Lament your fate.[X][A][NL]Weep for the dead.[A][NL]Despair for the living.[X][A][NL]Wail and tremble in grief.[A][NL]Grovel in awe and fear.[X][A][NL]I am returned.[A][8025]
0x0BCA	[8025]Heh heh...heh heh heh...[A][NL]Well done, Lyon.[A][NL]The sacrifice of your flesh and[X][NL]the sum of your efforts...[A][02][NL]They were all for naught.[X][A][NL]Grado's disaster cannot be averted.[X][A][NL]My resurrection is at hand.[X][A][NL]All this time, you imagined yourself[NL]in possession of your own free will,[A][NL]but it was I who planted the seed[X][NL]from which your ambitions grew.[X][A][NL]My deceit made you my puppet, and oh, how[X][NL]you danced at the end of my strings.[A][02][NL]You could never have been saved.[A][NL]It's a shame, isn't it, Lyon?[X][A][NL]And now I...[A][02][NL]I am reborn.[A][8025]
0x0BCB	[0A][10][02][NL][08][10][14][NL][1C][0A]Is[16]...[X][16]is that[X][16]...[X][16][A][02][NL]the[X][16]...[X][16]Demon King?[X][A][08]Eirika.[X][A][0A]Brother[X][16]...[X][16][A][08]Don't be afraid, Eirika.[A][02][NL]I'm here.[X][NL]Our friends are here.[X][A][NL]We have the Sacred Stone, and we[NL]have each other. We will not lose.[A][NL]We will defeat him.[X][A][0A]You're right, Brother![A]
0x0BCC	[0A][10][14][NL][08][10][02][NL][1C][0A]Demon King! You are responsible[X][NL]for all the misery we've seen![A][NL]Lyon[16]... [16]My friend[X][16]...[X][16][NL]You're the one[16]...[X][16][A][08]Brother[X][16]...[X][16][A][NL]This power[16]... [16][NL]It's different.[X][A][0A]I know. This power is greater[X][NL]than anything we've ever faced[16]...[X][16][A][NL]But none of that matters.[X][A][NL]I've learned so much[16]...[X][16][NL]My lance is stronger than ever.[X][A][NL]That thing deceived and murdered[NL]my friend[X][16]...[X][16][A][02][NL]No matter what happens, I'm[X][NL]going to destroy it![A]
0x0BCD	[09][10][02][NL][0C][10]"[NL][09]L'Arachel![A][NL]It's time. We have to use the final[X][NL]Sacred Stone.[X][A][NL]We must use its power against the[X][NL]Demon King, as in the stories of old![X][A][0C]You must listen to me, Eirika.[A][NL]The stories are true: the stone does[NL]hold the power to stop the Demon King.[A][NL]However, the source of its power is human[X][NL]will, the desire for peace within our hearts.[X][A][09]In our hearts?[A][0C]Yes, that's right.[A][NL]We need not pray for the Sacred[X][NL]Stones to aid us now.[X][A][NL]No, we need only focus ourselves and[NL]concentrate on a better future.[X][A][09]I understand, L'Arachel.[A][15][0C][11][09]Listen, everyone. I can never repay[X][NL]you for all you've done so far.[X][A][NL]Now, please, one last time[16]...[X][16][NL]Lend me your strength.[A][NL]To defeat the Demon King![X][NL]To restore peace to our lands![A][NL]To take the peace we all dream[NL]of and make it real![A]
0x0BCE	[09][10][14][NL][0C][10]"[NL][09]L'Arachel![A][NL]It's time to use it. Prepare the[NL]last Sacred Stone![A][NL]We have to use its power on that[NL]beast, like in the legends![X][A][0C]You must listen to me, Ephraim.[X][A][NL]The stories are true: the stone does[NL]hold the power to stop the Demon King.[A][NL]However, the source of its power is human[X][NL]will, the desire for peace within our hearts.[X][A][09]In our hearts[X][16]...[X][16][A][0C]Yes, that's right.[A][NL]We need not pray for the Sacred[X][NL]Stones to aid us now.[X][A][NL]No, we need only focus ourselves and[NL]concentrate on a better future.[X][A][09]I understand.[X][A][15][0C][11][09]Everyone! Listen to me![X][A][NL]This is the final battle. If we[X][NL]can defeat this thing, it's over.[X][A][NL]We face the king of demons, the[X][NL]monster that once ruled all Magvel.[X][A][NL]He's more powerful than any one[X][NL]of us here.[X][A][NL]But we have something that[NL]beast will never have.[A][NL]We have community, friendship, love[X][16]...[X][16][NL]We have all the virtues of humanity.[A][NL]That is our weapon.[X][NL]That is our strength.[X][A]
0x0BCF	[09][10][02][NL][09]Let's finish this.[A]
0x0BD0	[09][10][14][NL][09]Is everyone ready?[06][NL]We're going to win.[X][A]
0x0BD1	[09][10][04][NL][09]My only wish is to serve and[NL]protect the two of you[16]...[X][16][A]
0x0BD2	[09][10][06][NL][09]There must be something[X][NL]that I can do![A]
0x0BD3	[09][10][05][NL][09]We can't let our guard down.[A]
0x0BD4	[09][10][07][NL][09]Hm. I wonder if we can[NL]reenact the legend.[X][A]
0x0BD5	[09][10][08][NL][09]Please, let everyone come[X][NL]through this unscathed[16]...[X][16][A]
0x0BD6	[09][10][0E][NL][09]This may be my last battle.[X][NL]I'll hold nothing back.[X][A]
0x0BD7	[09][10][09][NL][09][17]Watch with pride, Father! I'll[NL]show you who's the strongest![X][A][17]
0x0BD8	[09][10][0C][NL][09][17]Fighting's all well and good,[X][NL]but where's all the treasure?[X][A][17]
0x0BD9	[09][10][0A][NL][09]I'm starting to wonder if I[X][NL]really should be here[X][16]...[X][16][A]
0x0BDA	[09][10][1A][NL][09]That's the king of all demons[X][16]...[X][16][NL]What a ferocious sight he is.[X][A]
0x0BDB	[09][10][10][NL][09]Oh, that's the Demon King, isn't it?[NL]Yes, I've read all about him.[X][A]
0x0BDC	[09][10][11][NL][09][16]...[X][16]Prince Lyon.[A]
0x0BDD	[09][10]*[NL][09][17]So, what's Lady Luck have[X][NL]in store for me today?[A][17]
0x0BDE	[09][10][18][NL][09]We're with you all the way, Prince Ephraim![X][A]
0x0BDF	[09][10][16][NL][09][17]We've got to do what[NL]we can, right?[A][17]
0x0BE0	[09][10],[NL][09]There's nothing to fear.[NL]I'll protect everyone![A]
0x0BE1	[09][10][0F][NL][09]Bah[X][16]... [16]I am in NO way inferior[X][NL]to this so-called Demon King.[X][A]
0x0BE2	[09][10][1B][NL][09]Never stop fighting.[NL]Never[X][16]...[X][16][A]
0x0BE3	[09][10][1C][NL][09][17]Don't tense up! You'll fight[NL]better if you're relaxed.[X][A][17]
0x0BE4	[09][10][1E][NL][09]My blade will cut deep.[X][A]
0x0BE5	[09][10] [NL][09]Hm[16]... [16]Can my magic prevail?[X][A]
0x0BE6	[09][10]![NL][09][17]I'll show you all what[NL]my magic can do.[A][17]
0x0BE7	[09][10]"[NL][09][17]I, L'Arachel, strike in the name of[X][NL]righteousness, order, and Rausten![A][17]
0x0BE8	[09][10]#[NL][09][17]Gwah ha ha![X][NL]Same goes for me![X][A][17]
0x0BE9	[09][10][13][NL][09]Defeat the foe. Nothing[X][NL]else matters.[X][A]
0x0BEA	[09][10][19][NL][09]Gotta d-do my best.[X][05] Here goes![X][A]
0x0BEB	[09][10]$[NL][09]Come on[X][16]...[X][16][NL]You can't be serious![X][A]
0x0BEC	[09][10]%[NL][09]We must be steel blades with[NL]which to pierce the enemy.[A]
0x0BED	[09][10]&[NL][09]I'll do what I can.[X][A]
0x0BEE	[09][10])[NL][09]That's the heart of the darkness[NL]I've studied?[X][05] It can't be[16]...[X][16][A]
0x0BEF	[09][10]+[NL][09]I will show you the honor and[X][NL]valor of the Frelian Pegasus Knights.[X][A]
0x0BF0	[8025]Gaa...grrr...[X][A][NL]Abominable Sacred Stone...[A][NL]I will not suffer imprisonment again.[X][A][NL]How? You possess only one...[A][NL]Do not fool yourselves. You cannot[NL]fully imprison me...[A][02][NL]I will grind that wretched rock and[X][NL]your accursed bones to powder![A][8025]
0x0BF1	[09][10][02][NL][0C][10]"[NL][09]There![A][0C]We did it. The Demon King's[X][NL]soul has been bound once more.[A][NL]But, Eirika, it's not over yet.[X][A][NL]The Demon King's soul rages[X][NL]against its prison.[X][A][NL]We must return it to its proper[X][NL]place[X][16]--[16]and quickly.[A][NL]But first, we must defeat the[X][NL]Demon King's soulless body![X][A][09][800C][0A]That thing?[X][A][0C]Uh-huh[16]...[X][16][NL]The real battle's just beginning.[X][A][NL]Our ancestors paid dearly for their[X][NL]victory. A mountain of corpses[16]...[X][16][A][NL]It's written the Demon King was surrounded[NL]by the dead before he finally fell.[X][A][08][10][04][NL][08]We're all prepared to do what[X][NL]must be done.[X][A][0A]I have no desire to make any more[X][NL]heartbreaking sacrifices.[X][A][NL]I promised we would all return[NL]safely, and return safely we shall![X][A]
0x0BF2	[09][10][14][NL][0C][10]"[NL][09]Did we do it?[X][A][0C]Yes, we did it. The Demon King's[NL]soul has been bound once more.[A][NL]But, Ephraim, it's not over yet.[A][NL]The Demon King's soul rages[X][NL]against its prison.[X][A][NL]We must return it to its proper[X][NL]place[X][16]--[16]and quickly.[A][NL]But first, we must defeat the[X][NL]Demon King's soulless body![X][A][09][800C][0A]That thing?[X][A][0C]Uh-huh[16]...[X][16][NL]The real battle's just beginning.[X][A][NL]Our ancestors paid dearly for their[X][NL]victory. A mountain of corpses[16]...[X][16][A][NL]It's written the Demon King was surrounded[NL]by the dead before he finally fell.[X][A][08][10][04][NL][08]We are all prepared to[NL]do what must be done.[X][A][0A]No[16]... [16]I'll do it.[X][A][NL]I have no intention of[NL]seeing anyone else die![X][A]
0x0BF4	[0C][10][14][NL][0C]Demon King[16]...[X][16][A][NL]I'm going to kill you![A][0C][11]
0x0BF5	[0A][10][14][NL][08][10][02][NL][0B][10][0F][NL][0D][10]"[NL][1C][08]That's it. It's over, isn't it?[X][A][0D][17]Yes. Evil has been imprisoned,[NL]locked away.[A][NL]The legends of old have been[NL]mirrored in our actions today.[A][17][0B]No, we've done far more than the[NL]legends ever told.[A][NL]We've destroyed the Demon King's[NL]body. He can never come back.[X][A][08]That's right. And we have you[X][NL]all to thank for it.[A][0A]And another thing[X][16]...[X][16][A][NL]In that ancient battle, it took the might[X][NL]of the five heroes to do what we did.[X][A][NL]We did not have their extraordinary[X][NL]power to draw upon.[X][A][08]No, we didn't. We conquered darkness and[NL]restored peace to the land, thanks to you.[A][NL]It was because you never gave in, you never[X][NL]stopped fighting. None of you, not once.[A][NL]Thank you[X][16]...[X][16][A]
0x0BF6	[08][10][08][NL][0A][10],[NL][0D][10][0F][NL][0B][10]+[NL][1C][08]This means we've accomplished[X][NL]our mission![A][NL]I must relay the good news to[X][NL]King Hayden at once.[A][0A]Yes. I'm sure Father will[X][NL]be most pleased.[A][NL]Brother! This means peace will[NL]be restored, doesn't it?[A][NL]Shall I fly back to Frelia and[NL]let him know?[X][A][0D]There's no need to rush.[A][NL]I'm sure he knows. After all, we were[X][NL]together, and that ensured our victory.[X][A][0B]Of course, Prince Innes[X][16]...[X][16][A][08][11][0A][11][0D][11][0B][11][09][10][07][NL][0C][10][05][NL][09]Hmmm[16]... [16]Looks like we're on the[X][NL]outside looking in, eh?[X][A][NL]Even so, the fighting's over. And[X][NL]that's something to be happy about.[X][A][0C]Exactly.[A]
0x0BF7	[0A][10][1B][NL][08][10][1C][NL][0C][10][1E][NL][1C][17][0A]Well that took some doing, but[NL]we finally finished the job.[A][08]We certainly earned our pay[X][16]...[X][16][NL]Please tell me we're going to enjoy it.[X][A][0C]Let's go home, Chief.[X][A][0A]Let's see now[X][16]...[X][16][NL]Shall we head back to Jehanna?[A][NL]I guess we could stop in at the guild[X][NL]and get our next contract, eh?[A][08]But the queen's gone[16]...[X][16][A][NL]I wonder what Jehanna will do now.[A][0A]I'm sure it'll all work out.[A][NL]After all's said and done, it's our home.[X][A][NL]C'mon. It's time for Gerik's band to ride.[A][0C]Let's go.[X][A][0A][11][08][11][0C][11][0C][10]*[NL][0C][16]......[16][A][02][NL][16]...[X][16]Hm[16]... [16]Heads.[A][NL]Looks like I should be[NL]getting back as well.[X][A][NL]Homecoming time[X][16]...[X][16][A]
0x0BF8	[08][10][11][NL][0A][10][19][NL][08]It's over, isn't it?[A][NL]The demon that drove Grado to[X][NL]madness is dead and gone.[X][A][0A]I-I can't believe that I was part[X][NL]of this whole thing[X][16]...[X][16][A][08][11][0A][11][08][10][13][NL][0A][10]%[NL][0C][10])[NL][08]The war is over. But so much[NL]remains to be done.[X][A][NL]Our country lost this war. The[NL]road ahead will be long and hard.[X][A][0A]That's true. And yet[16]...[X][16][NL]It's a road we must travel.[X][A][NL]That's the burden survivors[X][NL]must shoulder.[A][0C]Yes. And we must fulfill the dreams[X][NL]of Emperor Vigarde and Prince Lyon.[X][A]
0x0BF9	[09][10]"[NL][0D][10]#[NL][0B][10]$[NL][1C][17][09]Dozla, Rennac.[NL]We've done it.[A][0D]Gwaa ha ha! And a job well done[X][NL]it was, Princess L'Arachel.[X][A][0B]Whew[16]... [16]It's finally over.[A][NL]So it's about time for me to[16]...[X][16][A][09]Hold it! I gave you[X][NL]no orders to leave![X][A][NL]I am the princess of[NL]Rausten, lest you forget.[X][A][NL]I have many missions[NL]yet to fulfill.[X][A][NL]Come, Dozla, Rennac.[NL]It's time to go![A][09][11][0D]Gwaa ha ha! Wait up![A][NL]Let's move, Rennac![X][A][0D][11][0B][16]...[X][16]Sigh.[X][A][0B][11]
0x0BFA	[0A][10] [NL][08][10]&[NL][0F][10]![NL][1C][08][16]......[16][A][0A][16]......[16][A][08]The darkness[16]... [16]It's gone.[A][0A]Yes.[NL]That's the end.[X][A][08]I guess so[16]...[X][16][A][0A]Let's return home,[NL]Lady Myrrh.[X][A][NL]Our friends and family will[X][NL]be worrying about us[16]...[X][16][A][0A][11][08][11][0F][800E][0C][17]What? Hey, Teacher![X][A][NL]Where are you going? Wait[X][NL]up. I'm coming with you.[A][17]
0x0BFB	[09][10][0E][NL][0C][10][09][NL][17][09]You did well, Ross.[X][A][NL]You're a true warrior,[NL]my pride and joy.[X][A][0C]But you're still the best, Father![A][NL]That's right! My father's the[X][NL]best warrior in all Magvel![X][A][09][11][0C][11][09][10][0C][NL][0C][10][0A][NL][09]Bah, I'm glad everyone's so[X][NL]happy, but[16]...[X][16][A][NL]They'd better not forget that[X][NL]they won only with our help.[A][NL]Right, Neimi?[X][A][0C]We all worked[X][16]...[X][16]together.[X][A][NL]Wasn't[16]...[X][16]that great[16]...[X][16]Colm?[X][NL]Sniff[X][16]...[X][16][A][09]H-hey[X][16]...[X][16][NL]Don't start crying[16]... [16]Please?[X][A][09][11][0C][11][09][10][1A][NL][0C][10][10][NL][09]O glorious light, were you witness[NL]to our victory?[X][A][NL]The foul demon has been[X][NL]purged from the earth.[A][0C]The ancient Demon King was as[X][NL]powerful as the scrolls described.[A][NL]And yet, in the end, we were able[X][NL]to defeat him![A][NL]After all, there's no one better[NL]than us.[A]
0x0BFC	[08][10][02][NL][0D][10][04][NL][0B][10][06][NL][1C][17][0D]Your continued safety is all that[X][NL]matters to me, Princess Eirika.[X][A][0B]General![NL]Princess Eirika![A][NL]We can finally return[X][NL]to Renais, can't we?[A][08]Yes, we can go home.[NL]All of us unharmed[16]...[X][16][A][08][11][0D][11][0B][11][1D][08][10][14][NL][0B][10][16][NL][0D][10][18][NL][1C][0B][17]Ah, I'm exhausted. I'd like nothing[X][NL]more than to laze about a while[X][16]...[X][16][A][NL]Alas, we're not going to have that[NL]opportunity, are we, Prince Ephraim?[A][17][08]No. The reconstruction of Renais[NL]is going to keep us busy.[X][A][NL]Keep your strength up. I'm going[NL]to need you in the days ahead.[A][0D]We'll be beside you through it all![X][A]
0x0BFD	[09][10][02][NL][17][09]All right, let's go home.[X][A][02][NL]Let's go back to the people[X][NL]who are waiting for us[16]...[X][16][A]
0x0BFE	[09][10][14][NL][17][09][16]......[16][A][NL]The war is over.[NL]Victory is ours.[A][02][NL]Now we ride for home![X][A]
0x0BFF	[17][09][10]R[NL][0D][10],[NL][09]Oh, Tana[16]... [16]I'm grateful to see that[NL]you're safe and home again![X][A][NL]You've no idea how I worried when I heard[X][NL]you were under attack at Border Mulan.[A][NL]You are not to leave again without my[X][NL]permission. Do you understand?[A][0D]Don't be mad, Father. Look,[X][NL]I come bearing good news.[X][A][NL]Eirika! Come out now![X][A][0B][10][02][NL][0B]King Hayden, I am pleased to see you[NL]again, even in these sad times.[X][A][09]Ah, Eirika! It does my heart[NL]good to see you safe.[X][A][17][0B]Thank you. I was able to escape the[X][NL]castle before Renais fell.[A][NL]But I'm not sure if my father[X][16]...[X][16][A][09]Yes.[A][NL]I[X][16]...[X][16]have received[X][NL]word of your father.[A][0B]Your Highness? Please tell me.[NL]Is my father well?[A][8004][09][16]...[X][16]My friend King Fado[X][16]...[X][16]did not[X][NL]survive the fall of Renais Castle.[A][0B][16]...[X][16]No, it cannot be[16]...[X][16][A][0D][11][0D][10][04][NL][0D][16]......[16][A][1C][8004][09]Rest assured, Grado will be punished for[NL]its cowardly act. This is Frelia's promise.[X][A][NL]Eirika, please stay here and rest. I cannot[X][NL]imagine how exhausted you must be.[A][0B][16]......[16][A][0D]King Hayden.[A][NL]You know of Prince Ephraim's[NL]disappearance, do you not?[A][09]Yes, we hear the prince and his men[X][NL]hound Grado at every turn.[A][NL]It's said that he's led his forces[NL]into the empire itself.[X][A][NL]Reports suggest he's crossed the[NL]border and now fights in Renvall.[X][A][1D][0B]My brother[16]...[X][16][NL]He fights on? Even now?[X][A][09]Yes. My pegasus knights bought[NL]this information at a great price.[A][NL]Even though Renais has fallen, he[X][NL]charges into the enemy's heart.[X][A][NL]He is truly Fado's son[16]...[X][16][NL]What a valiant youth.[X][A][NL]I wish that I knew whether he[X][NL]remains unharmed, but I do not.[X][A][0B]King Hayden, I thank you for[NL]your offer, but I cannot stay.[A][NL]I intend to ride to my brother's[NL]side with reinforcements.[X][A][09]I cannot allow it. I know how you[X][NL]feel, but this plan is suicide.[X][A][NL]I would be betraying Fado's memory if[X][NL]I allowed any harm to befall you.[X][A][NL]Stay here. Rest and mourn. Leave[NL]this war to the warriors.[X][A][0B]I know you mean well, Your Majesty.[X][A][NL]However, I have lost my father,[X][NL]and my twin brother is in peril.[A][02][NL]My brother, he is a part of me[16]...[X][16][A][NL]I cannot rest here in peace while[X][NL]he risks his life.[A][09]No. Renais has no more army.[NL]Grado's forces decimated it.[A][NL]I wish that Frelia could provide you[NL]with support, with soldiers, but[16]...[X][16][A][02][NL]My son, Innes, is on his way to meet[NL]the empire's forces.[A][NL]We cannot spare a single brigade.[X][A][NL]Your own retinue of knights cannot[NL]possibly face Grado alone.[A][NL]Are you so determined to go?[A][0B]Yes.[A][NL][16]...[X][16]With apologies.[X][A][09][16]...[X][16]As resolute as your father, eh?[X][A][NL]What am I to do in the face of such[X][NL]foolhardy determination?[A][NL]Vanessa.[A][0D][11][0D][10][08][NL][0D]Here, Your Highness![A][09]Moulder.[A][0D][11][0D][10][07][NL][0D]You called, my king?[A][09]Gilliam.[A][0D][11][0D][10][05][NL][0D]Yes, sire?[A][0D][11][09]You are to accompany Princess Eirika of[X][NL]Renais into Grado territory.[A][NL]I expect each of you to provide aid [NL]and support for her brother.[A][0D][10][07][NL][0D]Hmm. Quite a grave responsibility[X][NL]you've given us.[A][0D][11][0D][10][08][NL][0D]No matter the obstacles,[NL]we will perform our duty.[X][A][0D][11][0D][10][05][NL][0D]Our lives are yours.[A][0D][11][09]These are some of my most trusted[X][NL]and stalwart vassals.[X][A][NL]They will, no doubt, prove themselves[X][NL]quite valuable on your journey.[X][A][02][NL]Remember, you are venturing behind[NL]enemy lines. You will need supplies.[A][NL]I will have a supply convoy readied to[NL]carry your weapons and provisions.[A][02][NL]It will remain at your side, no matter[NL]how far afield you venture.[X][A][17][0B]King Hayden, I[16]...[X][16][NL]Thank you.[A][09]No, save your thanks for your return[16]...[X][16][NL]with your brother, Prince Ephraim.[A][0B]Yes, Your Highness![X][A]
0x0C00	[17][09][10]R[NL][0D][10],[NL][09]Oh, Tana[16]... [16]I'm grateful to see that[NL]you're safe and home again![X][A][NL]You've no idea how I worried when I heard[X][NL]you were under attack at Border Mulan.[A][NL]You are not to leave again without my[X][NL]permission. Do you understand?[A][0D]Don't be mad, Father. Look,[X][NL]I come bearing good news.[X][A][NL]Eirika! Come out now![X][A][0B][10][02][NL][0B]King Hayden, I am pleased to see you[NL]again, even in these sad times.[X][A][09]Ah, Eirika! It does my heart[NL]good to see you safe.[X][A][17][0B]Thank you. I was able to escape the[X][NL]castle before Renais fell.[A][NL]But I'm not sure if my father[X][16]...[X][16][A][09]Yes.[A][NL]I[X][16]...[X][16]have received[X][NL]word of your father.[A][0B]Your Highness? Please tell me.[NL]Is my father well?[A][8004][09][16]...[X][16]My friend King Fado[X][16]...[X][16][A][NL]did not survive the fall of Renais Castle.[A][0B][16]...[X][16]No, it cannot be[16]...[X][16][A][0D][11][0D][10][04][NL][0D][16]......[16][A][1C][8004][09]Rest assured, Grado will be punished for[NL]its cowardly act. This is Frelia's promise.[X][A][NL]Eirika, please stay here and rest. I cannot[X][NL]imagine how exhausted you must be.[A][0B][16]......[16][A][0D]King Hayden.[A][NL]You know of Prince Ephraim's[NL]disappearance, do you not?[A][09]Yes, we hear the prince and his men[X][NL]hound Grado at every turn.[A][NL]It's said that he's led his forces[NL]into the empire itself.[X][A][NL]Reports suggest he's crossed the[NL]border and now fights in Renvall.[X][A][1D][0B]My brother[16]...[X][16][NL]He fights on? Even now?![A][09]Yes. My pegasus knights bought[NL]this information at a great price.[A][NL]Even though Renais has fallen, he[X][NL]charges into the enemy's heart.[X][A][NL]He is truly Fado's son[16]...[X][16][NL]What a valiant youth.[X][A][NL]I would that I knew whether he[NL]remains unharmed, but I do not.[X][A][0B]King Hayden, I thank you for[NL]your offer, but I cannot stay.[A][NL]I intend to ride to my brother's[NL]side with reinforcements.[X][A][09]I cannot allow it. I know how you[X][NL]feel, but this plan is suicide.[X][A][NL]I would be betraying Fado's memory[NL]if I allowed any harm to befall you.[A][NL]Stay here. Rest and mourn. Leave[NL]this war to the warriors.[X][A][0B]I know you mean well, Your Majesty.[X][A][NL]However, I have lost my father,[X][NL]and my twin brother is in peril.[A][02][NL]My brother, he is a part of me[16]...[X][16][A][NL]I cannot rest here in peace while[X][NL]he risks his life.[A][09]No. Renais has no more army. Grado's[NL]forces decimated it.[A][NL]I wish that Frelia could provide you[NL]with support, with soldiers, but[16]...[X][16][A][02][NL]My son, Innes, is on his way to[X][NL]meet the empire's forces.[X][A][NL]We cannot spare a single brigade.[X][A][NL]Your own retinue of knights cannot[NL]possibly face Grado alone.[A][NL]Are you so determined to go?[A][0B]Yes.[A][NL][16]...[X][16]With apologies.[X][A][09][16]...[X][16]As resolute as your father, eh?[X][A][NL]What am I to do in the face of such[X][NL]foolhardy determination?[A][NL]Vanessa.[A][0D][11][0D][10][08][NL][0D]Here, Your Highness![A][09]Moulder.[A][0D][11][0D][10][07][NL][0D]You called, my king?[A][09]You are to accompany Princess Eirika of[X][NL]Renais into Grado territory.[A][NL]I expect each of you to provide[X][NL]aid and support for her brother.[A][0D][10][07][NL][0D]Hmm, quite a grave responsibility[X][NL]you've given us.[A][0D][11][0D][10][08][NL][0D]No matter the obstacles, we will[NL]perform our duty.[X][A][0D][11][09]These are some of my most trusted[X][NL]and stalwart vassals.[X][A][NL]They will, no doubt, prove themselves[X][NL]quite valuable on your journey.[X][A][02][NL]Remember, you are venturing behind[NL]enemy lines. You will need supplies.[A][NL]I will have a supply convoy readied to[NL]carry your weapons and provisions.[A][02][NL]It will remain at your side, no matter[NL]how far afield you venture.[X][A][17][0B]King Hayden, I[16]...[X][16][NL]Thank you.[A][09]No, save your thanks for your return[16]...[X][16][NL]with your brother, Prince Ephraim.[A][0B]Yes, Your Highness![X][A]
0x0C01	[09][10][02][NL][0C][10],[NL][0C]Eirika, you don't really intend[X][NL]to go through with this, do you?[A][NL]I can't guess how you must feel,[NL]but it's just too dangerous.[A][NL]What would happen if you were[X][NL]captured by Grado's men?[A][09]Thank you for your concern, Tana.[X][A][NL]But I have no choice. Don't you[X][NL]see, Tana? I have to go.[A][0C]Eirika[16]...[X][16][A][NL]Oh, why is this happening? What's[X][NL]gone wrong with the world?[A][09]Tana[16]...[X][16][A][0C]Why would Grado invade?[X][A][NL]Emperor Vigarde is a man of peace.[NL]His people adore him.[X][A][NL]And you and Ephraim are friends[X][NL]with Prince Lyon, are you not?[A][NL]What could be behind this madness?[NL]Why is this happening[X][16]...[X][16][A][09]I have no answers for you, Tana.[A][NL]I don't want to believe it, but the[X][NL]reality is that we are at war.[A][NL]If I do nothing, I may lose my[NL]brother as well as my father.[X][A][NL]This is why I have to fight.[NL]It's the only answer I have.[A]
0x0C02	[09][10][02][NL][0C][10][14][NL][09][16]......[16][A][0C]What is it, Eirika?[X][A][09]I was thinking about Lyon.[A][NL]The last time we saw him was[NL]a year and a half ago[X][16]...[X][16][A][0C]You're right.[X][NL]It was at Grado Keep.[X][A][NL][16]...[X][16]Has it really been only a[X][NL]year and a half?[A]
0x0C03	[0C][10]-[NL][0E][10]P[NL][0C]Ephraim! Lyon![A][NL]Where are you two?[A][0E]We're over here, Eirika.[A][NL]You'd better be quick. Ephraim[NL]says he's tired of waiting.[X][A][0C]Oh, please. I'm sure you could[NL]wait a few moments longer[X][16]...[X][16][A]
0x0C04	[09][10]P[NL][0B][10]-[NL][0D][10].[NL][1C][0D]You're late. How does it take you so long[X][NL]to prepare for such a simple trip?[A][17][09]Rest easy, Ephraim. There's no need[X][NL]to be so curt with your own sister.[X][A][NL]After all, a king must learn to treat[X][NL]women with honor and discretion.[A][NL]That's what Father MacGregor says.[A][0B]Thank you, Lyon. You, unlike my dear[NL]brother, are a true gentleman.[A][17][15][0B]I was up far too late thinking about[NL]my prayer to the temple flame last night.[X][A][NL]And I'm afraid I[16]...[X][16]I overslept[X][16]...[X][16][A][0D]Your prayer? What are[X][NL]you babbling about?[X][A][17][09]Come now, you know that flame has been[NL]burning since the time of darkness ended.[X][A][NL]You must know the story that the flame[NL]will answer the prayers of any pilgrim![X][A][0D]Really? I didn't know that[16]...[X][16][A][0B]Oh, Ephraim[X][16]... [16]Father MacGregor is going to[NL]scold you for neglecting your studies so.[X][A][0D][16]...[X][16]Don't even joke about that.[X][A][NL]So tell us, what have you decided to[NL]pray for, Eirika?[X][A][0B]I, uh[X][16]...[X][16][A][NL]It's a secret.[A][0D]I should've known.[NL]You're so boring.[X][A][09]Well, how about you, Ephraim?[X][A][0D]Me? Let's see[X][16]...[X][16][A][02][NL]I guess I'll pray to become[X][NL]a stronger fighter.[X][A][09]That's just like you, Ephraim.[A][0B]Just like you indeed, Brother.[A][0D][16]...[X][16]I can never tell if you're[NL]complimenting me or mocking me.[X][A][09]Praising you, of course![NL]Right, Eirika?[A][0B]Hee hee[X][16]...[X][16][NL]Yes, that's right.[A][0D]And you, Lyon?[NL]What will you pray for?[X][A][09]What? Me?[X][A][NL]Hm[16]...[X][16][A][02][NL]I suppose all I really want is[NL]for all our people to be happy.[X][A][0D][16]...[X][16]That's very, uh[X][16]...[X][16][A][NL]That's very much like you.[A][0B]Very much so, Lyon.[X][A][09][16]...[X][16]Now, I'm the one who cannot tell[NL]if he's being praised or[16]...[X][16][A][0D]You're being praised, as always, Lyon.[A][17][0B]Tell me, why the sudden decision to visit[X][NL]the temple?[X][A][NL]Did my brother do something again?[A][0D]Now listen, you[X][16]...[X][16][A][09]Oh no. It's not what Ephraim's done.[NL]It's what he hasn't done.[X][A][NL]He's learned nothing at all about the[X][NL]Sacred Stones and the temple flame, so[16]...[X][16][A][0D]Father MacGregor became angry.[A][NL]He said, [93]One destined to become[NL]king and rule over a nation[X][16]...[X][16][A][NL]must know the history of his kingdom[NL]and must respect the Sacred Stones.[94][A][NL]Ever since I came to Grado, my life has[X][NL]been chastisement and castigation.[A][NL]Father MacGregor does not think me[NL]to be altogether too[16]...[X][16]kingly.[X][A][09]And yet General Duessel has nothing[X][NL]but praise for you, Ephraim.[A][NL]He says you're brave and true, that[X][NL]you've the makings of a great king.[X][A][0D]A great king?[X][A][15][0D]I honestly have no idea what that means.[A][NL]Eirika should succeed the throne.[X][A][NL]I would be happy simply taking my lance[X][NL]and traveling the land as a mercenary.[A][0B]Ephraim, that is nothing but foolish,[X][NL]irresponsible romanticism![A][NL]Do you realize how much your words would[NL]fill Father's heart with grief?[X][A][0D]Are we speaking of the same man? Our[NL]father will likely outlive us all.[A][NL]For now, I'm content just learning[NL]the lance from General Duessel.[X][A][15][0D]What about you, Lyon? Is there[NL]anything you want to do?[A][09]Me? Well, I[X][16]...[X][16][A][NL]I suppose I want to become[NL]like my father.[X][A][0B]You were born to be the Emperor[X][NL]of Grado, Lyon. It suits you.[X][A][09]No, I don't think so.[X][NL]I'm not[X][16]--[16][A][15][09]One thing I do know from watching my[NL]father is that being emperor is hard.[X][A][NL]Every day, he answers the complaints of the[X][NL]people, and he almost never sleeps[16]...[X][16][A][NL]My father is always so very tired.[A][02][NL]I hope one day that[X][16]...[X][16][NL]I hope that I can help him.[X][A][0B]Lyon[16]... [16]You are so honorable.[X][A][NL]You should learn from him, Brother.[X][A][17][0D][16]...[X][16]Again with your criticism![A][NL]Tell me, Eirika. What say you to dressing[X][NL]like me and becoming king in my stead?[A][NL]You're so skinny, I doubt anyone would[NL]notice you're not really a man.[X][A][09]Ha ha ha[16]...[X][16][A][0B][800D][0B]Ephraim![A]
0x0C05	[09][10][02][NL][0C][10][14][NL][09]What do you suppose Lyon is doing now?[A][NL]When Emperor Vigarde ordered the invasion[X][16]...[X][16][NL]How do you think Lyon felt?[X][A][0C]He's always been so gentle, but he worships[X][NL]his father. He'd never question him.[A][15][0C]But the emperor[X][16]... [16]He's clearly not[NL]behaving rationally.[A][NL]I just hope he's not so far gone that[X][NL]he'd hurt his own flesh and blood.[A][09]I just pray for the day when the three[NL]of us can be together once again.[X][A][0C]It'll come. I've no doubt[X][16]...[X][16][A]
0x0C06	[17][09][10],[NL][0B][10][14][NL][0D][10][02][NL][1C][09]Eirika! Ephraim![NL]Welcome![A][NL]The two of you returning together,[NL]it's like a dream come true.[A][NL]You must know, I've prayed every[NL]day for your safe return.[X][A][0D]I'm so happy to see you, Tana.[A][17][0B]I'm sorry, Tana. I didn't[X][NL]want for you to worry.[A][09]Oh, it doesn't matter now[X][16]...[X][16][A][NL]All that really matters is that[X][NL]we've been brought together again.[A][NL]My own brother will soon return[X][NL]from the field.[X][A][NL]It will be nice to sit down and[X][NL]discuss things again.[X][A][0D][11][0B][11][1D][0F][10]o[NL][0F][800F][0D]Princess Tana![A][NL]Prince Innes has returned[X][NL]from the front![X][A][0D][11][0B][10][0F][NL][17][09]Welcome home, dear brother![X][A][NL]I'm so happy to see you return[NL]safe and sound![X][A][17][0B]You didn't expect less, did you?[A][NL]Do you think Grado's slugs could[NL]touch me?[X][A][02][NL]With my bow, I'll take down every Grado[X][NL]soldier from here to the emperor's palace![A][15][09][11][0A][10][14][NL][0A]Well met, Innes.[A][0B][16]...[X][16]Ephraim.[A][08][10][02][NL][08]It's good to see you, Prince Innes.[X][A][0B][16]...[X][16]They say Renais has fallen.[X][A][NL]I believe I warned you before.[A][NL]This happened because you provided[NL]Grado the opportunity to strike.[A][0D][10],[NL][0D]Brother! Mind your tongue! This is[NL]no occasion for such harsh words.[X][A][NL]Ephraim and Eirika have lost their[NL]father to this terrible war[X][16]...[X][16][A][0B][16]......[16][A][NL]I'm sorry to hear of[NL]your father's death.[A][15][0B]Hear me, Ephraim.[X][A][NL]Our most important task is to[X][NL]defeat Grado and end this war.[A][0B][11][0D][800E][0C]Oh, Innes[X][16]...[X][16][A][NL]I'm sorry, Eirika, Ephraim.[X][A][0A]It's all right. It's comforting to see that,[NL]in all of this, at least he hasn't changed.[X][A][NL]Innes has hated me for as long as[X][NL]I can remember.[X][A][0C]My brother looks upon you as a[NL]rival, Ephraim.[X][A][NL]And as you know, he wants to be[X][NL]the best at everything.[X][A][NL]The best king, the best general,[NL]the best fighter, the best man[16]...[X][16][A][NL]He won't allow himself to be[NL]beaten at anything[16]...[X][16][A][0F][10][0F][NL][0F]Tana, you talk too much.[A]
0x0C07	[0A][10][14][NL][08][10][02][NL][0C][10][0F][NL][0C][16]...[X][16]My father would like both of you[NL]to sit with him in a war council.[X][A][NL]Will you come with me to take part[NL]in your official audience?[A][0A]Yes, of course.[X][A][NL]There's much that I have[NL]to tell him.[A][08]It will be our honor to attend.[X][A][0C]This way.[X][A]
0x0C08	[09][10]R[NL][09]It does my heart good to see you all[NL]here safely within our castle walls.[A][NL][16]...[X][16]Would that we had more time for[X][NL]pleasantries, but[X][16]...[X][16]let us hear your news.[A][0C][10][0F][NL][0C]Very well, I will begin.[A][15][0C]I've directed the body of Frelia's army[X][NL]south to engage Grado directly.[X][A][NL]Our troops are proving themselves superior,[X][NL]and the battle progresses favorably.[A][09]Hmm[X][16]...[X][16][A][02][NL]But the riddle still[NL]needs answering.[A][NL]Why did Grado begin this[NL]war in the first place?[X][A][0C][11][0C][10][02][NL][0C]Your Majesty, we may well have found[NL]something relating to that[16]...[X][16][A][NL]We learned something on our travels,[NL]news that weighs heavily upon us.[X][A][09]Ah, yes. Our messenger delivered[NL]your report to us a few days ago.[X][A][NL]Grado is trying to destroy the[NL]Sacred Stones[X][16]... [16]Is that it?[X][A][0C]Yes.[A][09]We've strengthened the tower's defenses.[NL]Frelia's stone is safe for the time being.[A][15][09]But we remain confused in this.[X][A][NL]What does Grado hope to gain by[X][NL]destroying the Sacred Stones?[X][A][0C]We don't know. The legends say the stones[X][NL]protect us all from the power of darkness.[A][0C][11][0B][10][14][NL][0F][10]&[NL][0B][16]...[X][16]I can't say if it relates, but[NL]I have a story about Grado.[X][A][NL]It's[16]...[X][16]been troubling me, and I would[NL]like to share it with you all.[A][15][0B]Myrrh. Come here, please.[X][A][0F]Yes?[A][0F][800F][09]Who's this girl?[A]
0x0C09	[0A][10]R[NL][08][10][02][NL][0D][10][14][NL][0B][10]([NL][1C][08]On her back[X][16]... [16]Wings?[A][NL]Ephraim, who is she?[A][0D]This is Myrrh. I met her while[NL]fighting in Grado territory.[A][NL]Myrrh, would you please tell everyone[X][NL]here the story you told me?[X][A][0B][16]......[16][A][NL][16]...[X][16]Please, Ephraim, you tell them.[X][A][0B][11][0D]She's a bit shy.[A][0D][11][0B][10][14][NL][15][0B]Very well. Myrrh tells me that she belongs[NL]to an ancient race of dragon folk.[A][NL]They're mentioned in a few legends.[X][NL]They're called the tribe of Manakete.[X][A][08]Manakete?[X][A][0A]Yes, their name appears several times[X][NL]in the tale of the Sacred Stones.[X][A][NL]It says they were neither human nor[X][NL]demon but a separate, aloof race.[X][A][0B]Please, Myrrh.[A][0D][10]([NL][0D][16]......[16][A][NL]We live in the east[X][16]...[X][16]in Darkling Woods.[A][NL]One day[X][16]...[X][16][A][08]Yes?[A][0D]We felt something.[A][NL]An ominous energy to the south.[X][A][0B]From the direction of Grado.[A][NL]They felt a[X][16]...[X][16]force flowing[X][NL]out of the Grado Empire.[A][0D]Saleh and I[X][16]...[X][16][NL]We went to investigate this energy.[X][A][NL]But on our way, we came across a battle[X][NL]and were drawn into the conflict[16]...[X][16][A][0B]Myrrh got lost and was wandering aimlessly[NL]in an isolated region near Grado's border.[A][0D]I met some wicked folk there. They[NL]deceived me and enchained me.[X][A][NL]They stole my dragonstone. They[X][NL]were preparing me for transport.[A][15][0D]It was in that moment when Ephraim[NL]appeared and rescued me.[A][08][16]......[16][A][0B]I stumbled across Myrrh by chance[X][NL]when Grado's men had ambushed us.[X][A][NL]Everything she told me seemed[X][NL]beyond belief, and yet[16]...[X][16][A][02][NL]And yet, when I saw her wings,[NL]what could I do but believe?[A][0D]This dark wave of energy still[NL]flows from the southlands.[A][NL]Its current is strong and runs deep.[NL]It has awakened the evil ones.[A][NL]I want to stop it.[A][0A]Hmmm[16]......[16][A][0D][11][0D][10]o[NL][8004][0D]Your Majesty! I bring word![X][A][0A]What is so urgent you would[X][NL]interrupt a private council?[A][0D]The tower holding the Sacred Stone[NL]of Frelia[X][16]...[X][16][A][NL]It's been destroyed by the Grado army![A][0A]What? That's impossible![A][NL]What of the soldiers on watch?[NL]There were supposed to be many[16]...[X][16][A][0D]The enemy forces[16]...[X][16][A][NL]They were led by Caellach the[X][NL]Tiger Eye and Selena Fluorspar![X][A][NL]Our soldiers fell before even[X][NL]half a day had past![A][0D][11][0C][10][04][NL][0C]Selena Fluorspar[16]...[X][16][A][NL]Only General Duessel is higher[NL]in Emperor Vigarde's esteem[X][16]...[X][16][A][NL]She's the one.[A][0A]She came personally[X][16]...[X][16][A][NL]So they really do wish to see[X][NL]the Sacred Stones destroyed.[A][NL]Blast[X][16]...[X][16][A]
0x0C0A	[0C][10]C[NL][0C]Hah! So this hunk of rock is[NL]a Sacred Stone, eh?[X][A][NL]So much fuss over something[X][NL]as fragile as this.[X][A][NL]Watch.[NL]It crumbles so easily.[A][NL]Do we gain anything by this?[NL]Not that I care, but[16]...[X][16][A]
0x0C0B	[09][10]o[NL][09]Black-hearted[X][16]...[X][16]fool[16]...[X][16][NL]What have[X][16]...[X][16]you[X][16]...[X][16]done?[X][A][NL]Without the stone's[X][16]...[X][16]protection[16]...[X][16][NL]the horrors[X][16]...[X][16]will spread[X][16]...[X][16][A][0C][10]C[NL][0C]Huh? What's this?[X][NL]Still breathing, are you?[X][A][NL]Come. If you've any last words,[X][NL]I'll hear them, fool of Frelia.[X][A][09]You[X][16]...[X][16]monster[X][16]...[X][16][A][0C]You waste your last words on insults?[X][NL]And feeble ones, at that[16]...[X][16][A][02][NL]Hardly the right note to enter the eternal[NL]on, wouldn't you say? Well then, die.[X][A]
0x0C0C	[0C][10]?[NL][0C]Hold![X][A][NL]What are you doing, Caellach?! Our[NL]job was to destroy the Sacred Stone.[A][09][10]C[NL][09]I know that. And I crushed[NL]it, did I not?[A][NL]But if we don't clean up these[NL]Frelian curs, they might[16]--[16][A][0C]You do not raise your blade to anyone[X][NL]who is powerless to resist you![X][A][NL]The emperor does not desire us to kill[NL]without cause! That would be murder![A][09]Right, the emperor[16]...[X][16][A][NL]Your name's Selena, ain't it?[X][A][NL]Tell me, Selena. What makes that pasty-[X][NL]faced old fool's word so important?[X][A][0C]Wretch[16]... [16]Do you dare insult[NL]His Imperial Majesty!?[A][09]Hey, hey, I'm joking.[X][NL]Don't get so worked up.[X][A][NL]I get it now. You're a true[X][NL]and loyal soldier.[A][NL]I'm leaving before Frelia[X][NL]sends reinforcements. Coming?[X][A][0C][16]......[16][A]
0x0C0D	[09][10]R[NL][09]How could this happen[X][16]...[X][16][A][NL]How could I have allowed our[NL]Sacred Stone to be destroyed?[X][A][02][NL]Dark energies from the empire's capital[X][16]...[X][16][NL]Evil monstrosities roaming our lands[16]...[X][16][A][NL]Vigarde's mad invasion[16]... [16]And now this,[X][NL]the destruction of our sacred talisman.[X][A][02][NL]And we have no idea of Grado's goals.[X][NL]We are in dark times once again.[A][NL]But even so, we cannot sit here,[NL]wringing our hands.[X][A][15][09]First, we must warn the nations that[NL]house the remaining Sacred Stones.[A][NL]If Vigarde seeks to destroy the Stones,[X][NL]they are all in grave danger.[X][A][NL]Jehanna and Rausten must be warned.[X][A][NL]The nations must join together to[X][NL]fight our common foe.[X][A][0C][10][02][NL][0C]Do you think they will believe us?[A][09]Hm[16]...[X][16][A][NL]It is a difficult tale to[X][NL]believe, I must agree.[A][0C][11][0C][10][0F][NL][0C]I will go, Father.[A][09]Innes?[A][0C]A direct visit from the Prince of Frelia[NL]is not something they can ignore.[X][A][NL]I will travel to Jehanna, where I will[NL]forge an alliance with her queen.[X][A][NL]If our Sacred Stone has been destroyed,[X][NL]then Frelia could be in greater danger.[X][A][NL]Father, I cannot let you leave the nation[X][NL]in such a time of crisis.[X][A][NL]It is imperative that I be the one to go.[X][A][09]Hmmm[16]...[X][16][A][0C][11][0C][10][02][NL][0C]And I will head for Rausten.[A][09][11][09][10][14][NL][09]Eirika?[X][A][NL]You know I can't let you put[NL]yourself in such danger.[A][0C]Rest easy, dear brother.[A][NL]I will journey to Rausten by ship across[NL]the North Sea. There will be no danger.[X][A][15][0C]And I have made a vow.[A][NL]I will fight as you have until[NL]the day Renais is liberated.[A][09][16]...[X][16]I understand.[X][A]
0x0C0E	[09][10]R[NL][0C][10][14][NL][0C]King Hayden, I will take troops and march[X][NL]on the imperial capital from the west.[A][09]The west?! Are you saying you will[NL]begin an assault on Grado from here?[A][0C]If we can take Grado Keep, the war will[X][NL]be over. The Sacred Stones will be safe.[A][NL]If we start here and press forward with[X][NL]all our might[X][16]...[X][16][A][09]And once you reach the capital? Vigarde's[X][NL]generals will be there waiting for you.[X][A][0C]If they oppose us, we will fight.[X][A][09][16]...[X][16]You've got your father's[NL]foolhardy courage, don't you?[X][A][15][09][16]...[X][16]Very well.[NL]I entrust all our hope to you three.[A][02][NL]Innes, you will go to Jehanna,[A][NL]Eirika to Rausten,[A][NL]and Ephraim the imperial capital.[X][A][NL]Funding you will have, but of[X][NL]soldiers, we have few to spare.[X][A][NL]For each of you, a difficult[NL]road awaits.[A][0C]If any of us meets with defeat, the[X][NL]battle will turn to Grado's favor.[A][NL]There must be no errors. We must not fail.[A][0C][11][0C][10][0F][NL][0C]Where I command, there are[NL]no mistakes.[A][0C][11][0C][10][02][NL][0C]I have no doubts. I'll[NL]succeed, I swear it.[A][NL]Come, it is time to go![X][A]
0x0C0F	[09][10][02][NL][0C][10][14][NL][09]Farewell, Brother.[NL]I will return.[A][0C]Mm[16]...[X][16][A][15][0C]To be honest, I still do[NL]not want you to go.[X][A][NL]I would rather you wait[X][NL]here for my return.[X][A][09]Please, Ephraim[X][16]...[X][16][A][NL]I will be fine. There's no[NL]need for you to worry.[A][NL]Mine is the easiest task, [NL]and I'll be in no danger.[X][A][15][09]I'm far more worried about[NL]your mission.[X][A][NL]Challenging the might of an[X][NL]empire with a handful of men?[X][A][0C]What's this now? Have you[X][NL]lost your faith in me?[A][09]No, of course not.[A][NL]I know your true strength, Ephraim.[X][NL]No one can defeat you.[A][17][0C]Ha ha! Hearing you say that[X][NL]fills me with confidence.[X][A][15][0C]I think I know my own limitations.[A][NL]I won't overextend my reach. I can't[NL]die and leave you on your own, can I?[X][A][09]Ephraim[X][16]...[X][16][A][0C]Let us both survive to be reunited.[X][A][NL]Give me your word, Eirika.[A][09]You have it, Brother.[X][A]
0x0C10	[0D][10][18][NL][0D]Princess Eirika![A][0B][10][16][NL][0B]Is your departure time near?[A][0E][10][02][NL][0E][800A][08]Yes.[A][NL]Kyle, Forde, I'm traveling[NL]to Rausten.[X][A][NL]I ask that you two serve[NL]my brother well.[A][0B]Actually, there's been a[NL]slight change of plans.[X][A][0D]We're going with you, Your Highness.[A][1C][08]What?[X][NL]But[X][16]...[X][16][A][0D]Prince Ephraim rides with[X][NL]Frelia's finest at his back.[A][0B]And this was a personal order[X][NL]from the prince himself.[A][NL]He said, [93]I don't need you loafing[NL]around here. Go keep Eirika safe.[94][A][NL]Since when is battling all of Grado[X][NL]loafing about? Honestly![A][08]You're right! My brother's mission[NL]is far more dangerous than mine.[A][NL]I will go and speak with him[16]...[X][16][A][0D]Princess Eirika.[A][NL]Prince Ephraim said he's not[NL]concerned for his own safety.[X][A][NL]These are the words our prince gave[X][NL]us, and we believe he means them.[X][A][0B]That's the truth of it.[X][A][NL]There's no cause for worry, Princess Eirika.[NL]We can all attest to the prince's tenacity.[X][A][NL]No matter how close death comes, the Pale[X][NL]Horse will not catch him.[X][A][08][16]...[X][16]Kyle, Forde[X][16]...[X][16][A][02][NL]I understand. Thank you for your[NL]service and your bravery.[X][A][NL]You are my brother's most trusted[X][NL]and most valiant companions.[A][NL]I would be honored to have you[NL]ride at my side.[A][0D]The honor is ours.[A][NL]We ride for Renais and[NL]for Princess Eirika![A][17][0B]Let's not work ourselves into[X][NL]a frenzy right now.[X][A][NL]When the time comes, I will[X][NL]be there to handle things.[A][08]Of course. I'm depending[NL]on both of you.[X][A]
0x0C11	[0C][10][18][NL][0C]Princess Eirika![A][NL]Are you ready to depart?[A][09][10][02][NL][09]I am, Kyle.[X][A][NL]I'm on my way to Rausten.[X][A][NL]I ask that you serve[NL]my brother well.[A][0C]Actually, milady, there's been a change[X][NL]of plans. I will be riding with you.[A][09]What?[X][NL]But[X][16]...[X][16][A][0C]Prince Ephraim rides with[X][NL]Frelia's finest at his back.[A][NL]I've been ordered to stay with[NL]you and keep you safe.[A][09]No, my brother is the one riding into[X][NL]combat. His road is far more perilous.[A][NL]I will go and speak to him[16]...[X][16][A][0C]Lady Eirika.[A][NL]Prince Ephraim said he is not[X][NL]concerned for his own safety.[X][A][NL]I am not merely following orders.[X][NL]I believe his words. I believe him.[X][A][09][16]...[X][16]Kyle.[X][A][02][NL]I understand. Then I will[X][NL]believe as well.[A][NL]Kyle, you are my brother's most[X][NL]brave and trusted companion.[A][NL]I would be honored to have you[NL]ride at my side.[A][0C]The honor is mine.[A][NL]We ride for Renais and[NL]for Princess Eirika![A]
0x0C12	[17][0C][10][16][NL][0C]Oh, Lady Eirika.[NL]Are you ready to depart?[A][09][10][02][NL][09]I am, Forde.[A][NL]I'm on my way to Rausten.[X][A][NL]I ask that you serve[NL]my brother well.[A][0C]Actually, there's been a[NL]slight change of plans.[X][A][NL]I believe I will ride with[NL]you, milady.[A][17][09]What?[X][NL]But[X][16]...[X][16][A][0C]My apologies, but this was a personal[X][NL]order from the prince himself.[A][NL]He said, [93]I don't need you loafing[NL]around here. Go keep Eirika safe.[94][A][NL]Since when is battling all of Grado[X][NL]loafing about? Honestly![A][09]You're right! My brother's mission[NL]is far more dangerous than mine.[A][NL]I will go and speak with him[16]...[X][16][A][0C]There's no cause for worry, Lady Eirika.[A][NL]We know firsthand of the prince's[X][NL]tenacity.[X][A][NL]No matter how close death comes, the Pale[X][NL]Horse will not catch him.[X][A][NL]And while it's not the same as having me[NL]with him, he does ride with Frelia's army.[A][09][16]...[X][16]Forde.[A][02][NL]I understand[16]...[X][16]and I will believe[NL]in him as you do.[X][A][NL]Forde, you are my brother's brave[X][NL]and trusted companion.[A][NL]I would be honored to have you[NL]ride at my side.[A][17][0C]Let's just take things[NL]nice and slow.[A][NL]When the time comes, I will[X][NL]be there to handle things.[A][09]Of course. I'm depending[NL]on you, Forde.[A]
0x0C13	[0C][10][04][NL][0C]Prince Ephraim.[X][A][09][10][14][NL][09]Is that you, Seth?[NL]I'm almost ready to depart.[X][A][NL]I'm leaving Eirika in your care.[A][0C]Actually, milord[16]...[X][16][A][NL]We have the honor of[NL]riding with you.[A][09]What?[X][A][NL]What about Eirika?[A][0C]The princess informs me that she will[X][NL]be accompanied by a Frelian escort.[X][A][NL]She tells me she does not need a[NL]large retinue on such a small ship.[X][A][09]I understand, but we must be[NL]prepared for anything.[A][NL]I will be fine, Seth. Please[NL]go and attend Eirika.[X][A][0C]Lord Ephraim, this is Lady Eirika's wish.[X][A][NL]She implored us to lend our blades to you[X][NL]on the front lines[16]...[X][16][A][NL]She spoke to each of us individually. She[X][NL]knelt before us and beseeched us to go.[X][A][NL]Her sincerity, her concern[16]... [16]We could[NL]not help but be moved by her plea.[A][09]Oh, Eirika[16]...[X][16][A][NL]Very well. You will all[X][NL]come with me.[X][A][NL]But steel yourselves. This will[X][NL]not be an easy journey.[X][A][NL]I want only volunteers who are[NL]unafraid of meeting death.[A][0C]I'll let the others know.[X][A][NL]I must tell you, milord[X][16]--[16]they are[NL]already preparing to depart.[A][NL]They know the risks they are taking,[NL]and not a one will be deterred.[X][A]
0x0C14	Eirika and Ephraim will now part ways.[NL]Which of them will you accompany?[X][A]
0x0C15	Go with Eirika to Rausten.
0x0C16	Go with Ephraim to Grado.[X]
0x0C17	Will you go with Eirika?[NL][18]
0x0C18	Will you go with Ephraim?[X][NL][18]
0x0C19	[17][09][10]"[NL][09]It is time for me to be on my[X][NL]way, my friends.[A][NL]As the princess of Rausten, I still[X][NL]have many duties to perform.[A][15][09]Oh, Princess Eirika[X][16]...[X][16][A][NL]If it please you, I would be ever so[NL]delighted if you joined my tea club.[A][NL]I insist that you come. Oh, say you[X][NL]will, won't you?[A]
0x0C1A	[09][10]*[NL][09]I've much to do here in Jehanna.[A][NL]I'll start with what can be done[NL]and keep going from there.[A][NL]First, I must talk to Mother.[X][A][NL]She should know that we've won,[X][NL]so that she can rest easily.[A]
0x0C1B	[17][09][10]&[NL][09]Lady Eirika[X][16]...[X][16][A][NL]I must return to Caer Pelyn[X][NL]and meet with the grand elder.[A][NL]I'm sure she is most worried[NL]as well.[A][NL]But I was wondering[X][16]...[X][16][A][NL]May I come to visit you from[NL]time to time?[X][A]
0x0C1C	[09][10][0F][NL][09]We of Frelia will do what we can to[X][NL]aid in the restoration of Renais.[X][A][NL]If you have need of our assistance,[X][NL]you have but to ask.[A][NL]I seldom trust people who act from[NL]purely altruistic motives[X][16]...[X][16][A][NL][17]But I'll grant you that friendships[X][NL]are a worthy exception to my distrust.[A][17]
0x0C1D	[08][10][02][NL][0D][10][14][NL][08]We've finally made it home, haven't we?[X][A][0D]Aaah.[X][A][NL]You must be exhausted after the[X][NL]journey. Shall we rest, Eirika?[X][A][08]That would be nice[16]...[X][16][A][NL]But first we must seal[NL]this away[X][16]...[X][16][A][15][08]This stone banished the Demon King.[X][A][NL]With such power[X][16]...[X][16][A][NL]Do you suppose we could bring[X][NL]back Father and Lyon[16]...[X][16][A][NL]That everyone who died in this[NL]dreadful war could be[X][16]--[16][A][0D][800E][0C]Eirika.[X][A][08][800B][09]I know, I know. Such things would be[16]--[16][NL]I cannot wish for such things.[A][NL]No matter how it hurts, or rather because[X][NL]it hurts, we must learn to accept sorrow.[X][A][NL]We must take it into our hearts[X][NL]and tame our grief[16]...[X][16][A][0C]Eirika[16]...[X][16][A][15][0C]Tell me, Sister[X][16]...[X][16][A][NL]If Lyon were here with us, what[X][NL]do you think he would want?[X][A][17][09]What he would want?[X][A][0C]Yes. You see, I think I know.[X][NL]It was the reason for his studies.[A][NL]It's why he wanted to know about the[NL]Sacred Stones[X][16]--[16]or rather the Fire Emblem.[A][NL]Let's take Lyon's dreams and fulfill[NL]them in his stead.[A][NL]We can do that, can't we? Without[X][NL]relying on any mystic power?[A][09]You're right, Brother, we can.[A][NL]Let us fulfill his dreams.[A][NL]As Lyon wanted, as we all want[16]...[X][16][A][02][NL]So we may live in peace and joy.[A]
0x0C1E	[17][09][10]"[NL][09]Ephraim[X][16]...[X][16][A][NL]It is time I must be going.[X][A][NL]I am still princess of Rausten, after all.[NL]There is much to which I must attend.[X][A][NL]Renais and Rausten are far apart, but[X][NL]that distance can be managed somehow.[X][A][NL]If you and I were to be betrothed,[NL]that is[X][16]...[X][16][A][NL]I wonder if I appear too forward[16]...[X][16][NL]No, how silly of me![A]
0x0C1F	[17][09][10]&[NL][09]Ephraim[X][16]...[X][16][A][NL]I must return to Darkling Woods.[A][NL]With my father gone, much responsibility[NL]falls on my shoulders.[A][NL]Yet I would ask[X][16]...[X][16][A][NL]May I come and visit you from time[NL]to time?[A]
0x0C20	[09][10][0F][NL][09]We of Frelia will do what we can to[X][NL]aid in the restoration of Renais.[X][A][NL]If you have need of our assistance,[X][NL]you can come to me at any time.[X][A][NL]And another thing[X][16]...[X][16][A][NL]It[16]...[X][16]wasn't such a bad thing, fighting[X][NL]on the same side as you.[A][NL]That's all. The day will come, though.[NL]One day, we will see who is the better.[X][A]
0x0C21	[09][10][14][NL][0D][10][02][NL][0D][800E][0C]Where are you going, Brother?[X][A][NL]We've endured so much to get[NL]home, and now[X][16]...[X][16][A][09]I'm sorry, Eirika.[A][NL]I must journey to Grado.[A][NL]I just received word from Seth.[X][A][NL]In the south, within the empire,[NL]there has been an enormous landslide.[X][A][0C]A landslide?[A][09]Yes. Word is it was so great that[X][NL]whole cities were destroyed.[A][NL]They say the damage is so severe,[X][NL]the empire itself is in danger[16]...[X][16][A][0C]That's[16]...[X][16][A][09]That's why I must go to Grado.[A][NL]The people are saying this is Grado's[X][NL]divine punishment[X][16]...[X][16][A][NL]But these are the same citizens Lyon[NL]wanted nothing more than to protect.[A][NL]I cannot ignore their plight.[X][A][0C]Yes, of course not.[X][NL]I will ride with you.[X][A][09]No, you must remain in Renais.[A][NL]Our country is recovering, but we[X][NL]cannot rest easy.[X][A][NL]Someone must stay to protect the realm.[X][A][0C]Ephraim[X][16]...[X][16][A][NL]I understand.[X][A][NL]I will take your place until you return.[A][NL]I will wait for you in Renais, Brother.[X][A][09]I can always depend on you, Eirika.[X][A][15][09]Lyon[16]...[X][16][A][NL]I will be king.[X][A][NL]The type of king we often spoke of[16]...[X][16][NL]Strong and kind in measure: an ideal king.[A][NL]The people of Renais and Grado are under[NL]my protection, and I won't fail them.[X][A][NL]Watch and see[X][16]...[X][16][A]
0x0C22	[8023]Lyon[NL]Oh, are you...[A][NL]I'm... My name is Lyon.[X][A][NL]Uh-huh. That's me...[NL]The son of the emperor.[X][A][NL]You're Prince Ephraim and Princess[NL]Eirika from Renais, aren't you?[X][A][NL]I heard you were coming, and I've[X][NL]been waiting here all day.[A][NL]I've always wanted... I don't have[NL]any friends my own age...[X][A][NL]So, Prince Ephraim... Princess[NL]Eirika... What do you say?[A][02][NL]From now on, let's be friends...[A]
0x0C2C	[0C][10][0C][NL][0C]I suppose I couldn't[NL]ask fer much more than this...[A][0C][801D]
0x0C32	[0C][10][18][NL][0C]Glory to... Belaro![A][NL]Aaaahhhh....[A][0C][801D]
0x0C34	[0C][10],[NL][0C]Duke Cajon... [A][NL]You'll need to watch[NL]your own back now...[A]
0x0C3D	[0C][10][13][NL][0C]Blast! Lord Titus...[A][NL]I've failed you...[NL]Allow me to retreat.[A][0C][801D]
0x0C3F	[0C][10]$[NL][0C]Great. This is just[X][NL]what I needed[X][16]...[X][16][A][0C][801D]
0x0C40	[0C][10]%[NL][0C]Chief![NL]I'm falling back![A][NL]Cover me![A][0C][801D]
0x0C41	[0C][10]&[NL][0C]Wally... I'm hurt.[A][NL]I must withdraw for now...[A]
0x0C44	[17]Wow... Would you look at[NL]these muscles![A][17]
0x0C45	[17]I had no idea how much[NL]stronger I'd gotten...[A][17]
0x0C46	[17]Why, I bet I could take on my[X][NL]dad or just about anyone![X][A][17]
0x0C47	[17]I knew if I worked at it, I'd[X][NL]become a great warrior![X][A][17]
0x0C48	[17]I'm ready to fight now![X][A][17]
0x0C49	[17]This armor used to be too[X][NL]heavy for me to wear...[X][A][17]
0x0C4A	[17]But now, it's no problem![X][NL]I've come a long way.[X][A][17]
0x0C4B	[17]That's right. I'm a real[NL]soldier now![A][17]
0x0C4C	[17]But I'm not about to stop.[NL]I'm just getting started![X][A][17]
0x0C4D	[17]Oh, my... Look at this![X][A][17]
0x0C4E	[17]Magic used to seem so hard,[X][NL]but I...I think I've got it.[A][17]
0x0C4F	[17]I've turned a corner in my[NL]education. I'm a real mage![X][A][17]
0x0C50	[17]But I'm not going to stop[X][NL]studying...[X][A][17]
0x0C51	[17]Not until I've become a[X][NL]great sage, like my teacher.[A][17]
0x0C52	This unit cannot take part[NL]in this chapter.
0x0C6A	[09][10][14][NL][0C][10][18][NL][0C]My lord prince[16]...[X][16][NL]I must apologize.[X][A][09]Why is that, Kyle? What do[NL]you need to apologize for?[A][0C]The other day, I was injured on[X][NL]the battlefield.[A][NL]You raced to my side without a[NL]moment's hesitation.[A][NL]As I lost consciousness, I heard[NL]you say something I won't forget.[X][A][NL][93]Treat this man as you would my own[X][NL]brother. Help him, regardless of cost.[94][X][A][09]And why must you apologize for that?[A][0C]I ought to have been the one riding[X][NL]to your aid, my lord.[X][A][NL]And that you would consider a lowborn[X][NL]knight like myself a brother[16]...[X][16][A][NL]All these years, I've thought of myself[X][NL]as nothing but a loyal retainer.[A][NL]I failed to understand that our[X][NL]bond runs deeper.[X][A][09][17][16]...[X][16]Since I was a child, you've[X][NL]taught me how to be a warrior.[A][NL]A prince is raised to be detached.[NL]Distant. To rule the people from above.[X][A][NL]I could not afford to feel any real[X][NL]affection for anyone. Just Seth, Forde[16]...[X][16][A][NL]And you, Kyle.[NL]You were the only ones.[X][A][NL]I realize that much separates us,[X][NL]but I still consider you family.[A][NL]Although[16]...[X][16]you do worry about me too much.[X][NL]And you have to stop snapping at me.[A][17][0C]Prince Ephraim, when I was injured the[NL]other day, I came to a realization.[X][A][NL]I was wrong. The decision I made you[NL]agree to the other day was wrong.[X][A][NL]You belong on the front lines, like[X][NL]any of the noble warriors of Renais.[A][NL]It will do the men's morale good to[X][NL]see you fighting at their side.[X][A][NL][17]From now on, fight as you must![X][A][NL]I will be beside you, and I will[NL]protect you as you fight at our side.[X][A][17][17][09]Thank you, Kyle. I was so caught in[X][NL]my worry that I couldn't fight well.[A][NL]And I will make a concession to[X][NL]you as well.[A][NL]I will not be so reckless anymore.[NL]I know I have an important position.[A][NL]Are we in agreement, Kyle?[A][0C]We are, my lord.[NL]Let's ride on together![X][A][09]Sounds good. Kyle[X][16]...[X][16][NL]Don't fall behind![A][0C]Yes, sire![A]
0x0C6D	[09][10][14][NL][0C][10][16][NL][09]How are you doing, Forde?[X][A][17][0C]Me? Oh, I'm fine as long as I've[NL]got a sword in my hand.[X][A][09][17][16]...[X][16]Oh, by the way, Forde.[A][NL]When you have some time, would you[NL][17]show me your painting again?[A][0C]You'd like to see it? Why[X][NL]the sudden interest, Prince?[A][09][17]The scene you painted, it's the[X][NL]Renais we once knew[X][16]...[X][16][A][NL]Those magnificent fields and tranquil[X][NL]farming villages[16]...[X][16][A][NL][17]When I look at it, I can forget, for[NL]a second, that we're on a battlefield.[A][NL][17]I want to restore the Renais you painted.[X][A][NL]I want to restore these landscapes that[X][NL]fill me with joy looking at them.[X][A][NL]I wanted to see the painting again so[X][NL]that I could carry it with me in my heart.[A][17][0C]If you like it, Prince Ephraim, I'd[X][NL]be honored if you would take it.[A][09][17][16]...[X][16]Really? Are you sure, Forde?[A][17][0C]Yes, of course. Please take it.[X][A][09]Thank you, Forde! It is truly beautiful.[NL][16]...[X][16]Did you study painting?[X][A][0C]No. I just[16]... [16]When we were young,[X][NL]I would paint for Franz.[A][NL][16]...[X][16]Our father spent much time away, and[NL]Franz wept every night, missing him.[A][NL]But I was just a child, too. I didn't[X][NL]know how to make him stop crying.[X][A][NL]One day, I showed him a drawing that[NL]I'd made of our parents[X][16]...[X][16][A][NL]And Franz stopped crying. I've been[X][NL]painting ever since[X][16]...[X][16][A][09][17][16]...[X][16]I see[X][16]...[X][16][A][17][0C][16]...[X][16]I've a thought[16]... [16]In exchange for this[NL]painting, there's something you can do.[X][A][09][17][16]...[X][16]What is it, Forde?[A][17][0C]Once you've achieved your goal, once you've[X][NL]restored Renais to the way it was[X][16]...[X][16][A][NL]Can I have a vacation?[A][09]Is rest all you ever think about? If[NL]you want that vacation, earn it![A][0C]Right, right. [17]I'll just keep risking[NL]my life protecting you then, Ephraim.[X][A][17][09]You do that. I'm counting[X][NL]on you, Forde.[A]
0x0C6E	[09][10][14][NL][0C][10]&[NL][0C][16]...[X][16]Ephraim.[A][09][17]Myrrh! I'm happy to see you.[A][NL]You're still so young. Don't push[X][NL]yourself too hard today, all right?[X][A][17][0C]I won't[X][16]...[X][16][A][NL]I have a favor to ask.[NL]Do you have time for me?[A][09]What is it, Myrrh?[A][0C][16]...[X][16][A][09][17]Don't be nervous, Myrrh.[NL]You can ask me anything.[A][17][0C]Ephraim[X][16]...[X][16][A][NL]May I call you[16]...[X][16][NL][93]brother[94]?[A][09]Wha[X][16]... [16]What?[X][A][NL]Myrrh[X][16]...[X][16][NL]What's come over you?[X][A][0C][16]...[X][16]I was watching you and[NL]Eirika together.[A][NL]You looked so close.[A][09]Of course we're close. She is[X][NL]my sister, after all.[X][A][0C]I envy her.[X][A][NL]I[X][16]...[X][16]wish that I had[X][NL]a brother like you.[X][A][NL]That's why I ask[16]...[X][16][NL]Even if just for this journey[X][16]...[X][16][A][NL]Please be my brother.[X][A][09]I don't know what to say[16]...[X][16][A][NL]I wasn't expecting you to[X][NL]ask anything like that[16]...[X][16][A][0C]No[16]...?[16][A][NL]I'm sorry. I should[X][NL]not have asked[16]...[X][16][A][09]Oh[16]... [16]No, Myrrh[X][16]... [16]Wait.[X][A][NL][17]I'm not saying no.[A][17][0C]So, it's all right?[X][A][09]Uhhh[16]... [16]Sure.[X][A][NL][17]Of course.[06][NL]If it will make you happy.[A][17][0C][17]Yes[X][16]... [16]It does.[A][NL]I'll come speak with you[NL]again soon[16]...[X][16]Brother.[A][17][0C][11][06][09]Oh, my[16]...[X][16][A][NL]Eirika[16]... [16]Myrrh[X][16]...[X][16][A][NL]How can I say no to that look?[A][NL]I guess sisters are my weakness.[A]
0x0C6F	[09][10][14][NL][0C][10]&[NL][0C][17]Hello[X][16]...[X][16]Big Brother.[A][17][09][16]...[X][16][A][NL]Myrrh, don't you find that[NL]to be a little awkward?[X][A][0C][16]...[X][16]Is it?[A][09]I mean[16]...[X][16][NL][17]You're a dragon, correct?[X][A][NL]And if I'm right, you're also[X][NL]far older than I am[X][16]...[X][16][A][17][0C][17]That's correct[16]...[X][16][A][NL]So, should I be your big sister?[A][17][09][17]Well, that doesn't seem right, either.[A][NL]You look so much younger than[X][NL]I do. That would be odd[X][16]...[X][16][A][17][0C]I am[16]...[X][16]very old.[X][A][NL]Perhaps [93]mother[94]?[X][NL]I[X][16]...[X][16]don't like [93]grandmother.[94][X][A][09][801D][09][16]...[X][16]Let's not dwell on this.[NL][93]Sister[94] will be fine.[A][NL][09][801C][09]Well. Did you have something[NL]you wanted to ask me?[X][A][17][0C]I did[X][16]...[X][16][A][NL]You see, Brother, I have[NL]a favor to ask of you.[A][09]Yes?[A][0C]In the forest[X][16]...[X][16]I was always[NL]with my father.[X][A][NL]Even when I slept, he was there,[NL]watching over me.[X][A][09]Yes?[A][0C]So[16]...[X][16]Brother.[A][NL]Would you[X][16]...[X][16]stay with me at[X][NL]night and watch over me?[A][09][17]No![X][A][NL][17]Myrrh, I understand your insecurity,[NL]but this simply is not acceptable.[A][NL]Especially when we are on the march.[A][17][0C][16]...[X][16][A][09]Oh, don't look so sad.[A][02][NL][17]When you see Eirika next,[X][NL]why don't you ask her?[A][NL]I'm sure she will agree.[A][NL]If you and I are brother and sister, then[X][NL]surely you and she are sisters, too.[A][NL]How does that sound?[A][17][17][0C]Yes[X][16]... [16]I'll do that.[X][A][NL]Thank you, Brother.[X][A]
0x0C70	[09][10][14][NL][0C][10]&[NL][09]Hey, Myrrh[16]...[X][16][A][NL]When this war is over[X][16]...[X][16][NL]What will you do?[X][A][NL]Have you thought about[NL]where you will go?[A][0C][16]...[X][16][A][NL]I've lived in Darkling Woods[NL]ever since I was a child.[X][A][NL]I think that I shall spend[NL]the rest of my life there.[A][09]On your own?[A][NL]Do you have anyone waiting[NL]for you in the forest?[A][0C]I[X][16]...[X][16][NL]I am on my own now.[X][A][NL]But you need not worry.[X][NL]I am a dragon, after all.[X][A][09][16]...[X][16][A][NL]I've been thinking, Myrrh.[A][NL]If you would like, you can[NL]live with us in Renais.[X][A][0C]What?[X][A][09]When this war is over[X][16]... [16]When[NL]we restore peace to Magvel[16]...[X][16][A][NL]Eirika and I will be going back[X][NL]to Renais to lead our people.[X][A][NL]Would you like to live in the[X][NL]castle? With us?[A][0C]Oh, but[X][16]...[X][16][A][NL]I would not want to[X][NL]inconvenience you.[A][09][17]It's nothing you need worry about.[NL]Castle Renais is a vast place.[A][NL]I'm sure we could spare a room for[NL]a small girl like you.[A][NL]And besides, you are my sister, right?[A][NL]Family should stay together,[NL]don't you think?[A][17][0C][16]...[X][16][A][NL]But[X][16]...[X][16]you must not forget[X][NL]that I am a dragon.[X][A][NL]I must think about it.[A][NL]I would love to, but[16]...[X][16][NL]perhaps I shouldn't, and so[X][16]...[X][16][A][NL]I must think about it.[A][09]As you wish.[A][0C][17]But[X][16]...[X][16][A][NL]Thank you for the offer.[NL]It makes me very happy.[X][A][NL]Thank you, Brother.[X][A][17]
0x0C73	[09][10][14][NL][0D][10]"[NL][0D][16]...[X][16][A][09]L'Arachel[X][16]...[X][16][A][NL]You don't have to be so defensive.[NL]Why don't you come talk to me?[A][0D][16]...[X][16]That depends. You're not going[NL]to try to attack me again, are you?[X][A][NL]You won't go ripping the armor from[X][NL]your[16]...[X][16]well-toned body, will you?[A][09]L'Arachel[X][16]... [16]That was all just[X][NL]a simple misunderstanding.[A][NL]But I apologize if I offended your[NL]sensibilities in removing my armor.[X][A][0D][800E][0C][17]Well, I suppose I can forgive you[X][NL]for this one indiscretion.[A][NL]I wasn't prepared. I've never seen[NL]a man's naked body before[X][16]...[X][16][A][17][09]Naked[X][16]... [16]I was only showing you the[NL]scar on my shoulder, like you asked![A][0C]A naked shoulder is a big deal![X][A][NL]I was so shocked. Why, I could[NL]hardly sleep at all that night![X][A][0C][801E][0C][16]...[X][16][A][09][16]...?[16][A][NL]What's wrong, L'Arachel?[NL]You seem different somehow.[X][A][0C][801C][0C]N-no. Everything is fine[16]...[X][16][A][NL]Please don't look at me in such[X][NL]a vulgar, leering way.[A][NL]I find it very inappropriate.[X][A][09]Oh, I'm sorry. I had no idea.[X][NL]I certainly would never[X][16]--[16][A][0C][800E][0C]What!?[A][NL]Are you saying that you do[NL]not find me attractive?[X][A][09]No! I[X][16]... [16]What do you want me to say?[X][A][0C]How can you be so calm at a time like[X][NL]this? Don't you see what you've done!?[A][NL]Ahhhh! I'm so frustrated![X][A][NL]Don't you ever forget this, Ephraim![A][NL]I hope that, someday, some girl comes[X][NL]along and gets YOU all rattled, too![A][0C][11][07][09][16]...[X][16]I just do NOT get her.[A][NL][17]She is rather cute, though.[X][A][17]
0x0C76	[09][10][14][NL][0C][10]%[NL][09]Phew[16]...[X][16][A][0C]Nicely done, Ephraim.[X][A][NL]There's nothing left for[NL]me to teach you, it seems.[A][17][09]That's utter nonsense. I still have[X][NL]much to learn from you, Duessel.[A][NL]I intend to be the greatest[X][NL]spearman Magvel has ever known.[X][A][NL]I gave up on swords after seeing[NL]how they fare against spears.[X][A][NL]Sword, axe, spear, bow[16]...[X][16]and[X][NL]even magic. I've seen them all.[X][A][NL]The spear always comes out on top. And[NL]I want mine to be the best spear around.[A][0C]Hm[16]... [16]That's a bold statement.[A][NL]But you may yet be the one who[NL]can prove it true, lad.[X][A][09][16]...[X][16]I thank you, Duessel.[X][A][NL]It's only because of the skills you[X][NL]gave me that I'm alive and here now.[A][NL]Our countries were friends, but you[X][NL]taught me like family[X][16]...[X][16][A][0C]I am a warrior. All I can do is improve[X][NL]my skills and pass them on to a student.[A][NL]And if you best me using the skills[X][NL]that I taught you, well[X][16]...[X][16][A][NL]That's just the nature of war.[NL]The young surpass the old.[A][NL][17]And I am glad to be fighting at the[X][NL]side of such a worthy student.[A][17][17][09]Duessel[X][16]...[X][16][A][0C]I know that I've been branded a[X][NL]traitor. I'm prepared for that.[X][A][NL]But I do have one regret[16]...[X][16][A][NL]I regret that I betrayed my[X][NL]emperor[X][16]...[X][16][A][09]You never betrayed him.[X][A][NL]You remain as loyal to him now[NL]as when you swore your oaths.[X][A][NL]No, it is Grado who has betrayed[NL]the ideals it once held dear.[X][A][02][NL]And now, as then, you are my[NL]teacher. Nothing has changed.[X][A][NL]No, you are no traitor. If anything,[NL]you are the last true man of Grado.[X][A][0C]Ephraim[X][16]...[X][16][A][NL][17]Hm[16]... [16]Yes. A student should not[X][NL]inspire his teacher.[A][NL]Ephraim. Be strong. Remain true.[A][NL]Believe in yourself, and act in[X][NL]accordance with your beliefs.[X][A][NL][16]...[X][16]No matter what happens,[X][NL]be a strong king.[X][A][17][17][09]Yes, you needn't worry about that.[A][NL]Such has been my intention since[NL]the day I first held this spear.[A][NL]No matter what the future holds[X][16]...[X][16][NL]I'm never going to change.[A][NL]I will let my faith and my beliefs[NL]drive my every action as king.[A]
0x0C79	[17][09][10][14][NL][0C][10],[NL][0C]Hello, Ephraim. Shall[X][NL]we take a break together?[X][A][09]Well, you're in a better mood today![A][0C]Huh? What do you mean?[A][09]Oh, nothing. Never mind.[A][NL]So, uh, what can I do for you?[A][0C]Eirika helped me prepare lunch. I haven't[X][NL]tried it yet, but I'm sure it's delicious.[A][NL]Would you like to eat with me?[A][09][17][16]...[X][16]Tana. This is a battlefield.[A][NL]It's all right to take a break, but[X][NL]let's not let our guards down.[A][17][17][0C][16]...[X][16][A][NL]You're always like that.[A][NL]You're so stiff and formal[NL]and detached all the time.[A][09]Tana[16]...[X][16][NL]What's the matter with you?[X][A][NL]You've been acting so odd[X][NL]lately.[X][A][0C]Yes, I am acting funny. And it's[NL]all your fault, Ephraim![A][NL]Whenever I try to talk to you,[NL]you always keep your distance![A][NL]No matter how hard I try,[X][NL]you never open up to me.[A][09]That's not true[X][16]...[X][16][A][0C]Is there someone else?[A][09]What[16]...?[16][A][0C]It's just[X][16]...[X][16][A][NL]You never pay any attention[X][NL]to me. You never have[X][16]...[X][16][A][NL]It makes me so sad.[X][A][NL]All I want to do is be near[X][NL]you more and more.[A][09][16]...[X][16][A][NL][17]Tana, you're still just a[X][NL]child at heart, aren't you?[X][A][17][0C]Ephraim! Don't talk about[X][NL]me like that[16]...[X][16][A][09][17]No, I meant it as a compliment.[X][A][NL]Because you're so young, your words[X][NL]have such a simple, honest purity[X][16]...[X][16][A][NL]I do appreciate your affection.[X][A][17][17][0C][17]Ephraim[X][16]...[X][16][A][NL][17]Do you think you could make more[NL]time for me, so we can chat?[A][09]Yes[X][16]...[X][16]of course.[A][NL]But we don't have the luxury to[X][NL]stop and chat on the battlefield.[X][A][NL]We have an obligation to end this[X][NL]war first. Let's go.[A][0C]Yes, all right.[X][A][NL]I'll see you later. I'm[X][NL]looking forward to it.[A]
0x0CCB	[09][10][0C][NL][0C][10][1E][NL][09][17]Hey, you![X][NL]Have you seen a scary-looking woman?[A][17][0C][16]...[X][16]Scary-looking woman?[NL]Is she your sister?[X][A][09][17]NO. [NL]I don't have any sisters.[X][A][NL]The woman I'm talking about was [NL]beautiful, but also very scary.[X][A][NL]Have you seen someone who fits that[X][NL]description?[A][17][0C]I don't think so.[X][A][NL]Beautiful but very scary[16]...[X][16][NL]What do you mean by that?[X][A][09][17]Well, I'm not exactly sure, either.[X][A][NL]I just heard from one of Gerik's mercenaries[NL]that there is a woman sword fighter here.[X][A][NL]Apparently, she's very talented and was [NL]hired for an unbelievable sum.[A][17][0C]A woman sword fighter??[X][A][09][17]Rumor is that if you speak to her[X][NL]without thinking,[X][A][NL]she's likely to attack you out of nowhere![A][17][0C]Is that so.[X][A][09][17]Maybe her face is scarred from[NL]fighting. Yeah, that's probably it![X][A][NL]She's beautiful, but has a very sad[X][NL]past behind that scar.[A][NL]And that's why she's so scary![A][17][0C]A scarred face?[X][NL]A sad past?[X][A][09][17]Or maybe it's because her lover was[X][NL]killed, and she's trying to avenge him.[X][A][NL]That seems equally plausible, doesn't it?[X][A][NL]Anyway, if you see her around, would you [X][NL]tell her that I was looking for her?[A][NL]See ya.[X][A][17][09][11][06][0C]Well, I'm the only female sword fighter[X][NL]here. I guess he was looking for me.[A][NL]He is so clueless[X][16]...[X][16][A]
0x0D4D	Heavily armored knights.[NL]Equip: Axes.
0x0D4E	Heavily armored knights.[NL]Equip: Swords.
0x0D71	Axe Wyvern
0x0D73	Supply
0x0D8D	Lady Blade
0x0D8F	Wing Clipper
0x0D92	Imbued with thunder magic.
0x0D9B	Wo Dao
0x0DE2	Wind
0x0DE3	Dire Thunder
0x0DE4	Moon Light
0x0E01	Talk[NL]
0x0E02	Skills[NL]
0x0E06	Press Select to toggle[NL]between stats and growths.[NL]
0x0E09	 Rally[NL]
0x0E0B	 Lunge[NL]
0x0E0D	 Mercy[NL]
0x0E11	 Dragon Vein[NL]
0x0E13	 Shove[NL]
0x0E15	 Smite[NL]
0x0E17	 Pivot[NL]
0x0E1F	Freeze all enemies[NL]for one turn[NL]
0x0E20	Savior: Can rescue[NL]without penalties.[NL]
0x0E23	Pass: Can move through[NL]enemy units.[NL]
0x0E2F	Sol: Restore damage dealt as HP.[NL](Skill % activation)[NL]
0x0E31	Astra: 5 attacks at half damage.[NL](Skill % activation)[NL]
0x0E38	Aegis: Nullify a magic attack.[NL](Skill % activation)[NL]
0x0E39	Pavise: Nullify a physical attack.[NL](Skill % activation)[NL]
0x0E80	Expertise: Reduce bonus damage[NL]from critical hits by 50%.[NL]
0x0E81	Celerity: Movement +2.[NL]
0x0E8B	Gamble: A reckless attack with[NL]halved hit but doubled crit.[NL]
0x0E8F	Wind Disciple: +10 Hit and[NL]Avoid when HP is not at max.[NL]
0x0E98	Armsthrift: Luck % chance to not[NL]consume weapon durability.[NL]
0x0E9A	Shove: Allows unit to push[NL]other units one tile away.[NL]
0x0E9F	Rightful King: +10% to[NL]Skill activation rate.[NL]
0x0EAC	Dazzle: Opponents cannot[NL]counterattack this unit.[NL]
0x0EAF	Quantum Visage: Face changes[NL]every time it's looked at.[NL]
0x0EB4	Sirius[NL]
0x0EB5	Zeke[NL]
0x0EC8	Steal: Unit can steal items.[NL]
0x0ED0	Armor March: At start of turn, if unit[NL]is adjacent to an armor ally, unit and[NL]adjacent armor allies gain +2 Mov.[NL]
0x0EDA	 Capture[NL]
0x0EDB	Strike a fatal blow with reduced[NL]stats to capture an enemy.[NL]
0x0EE1	The staircase is blocked[NL]from the other side.
0x0EE5	Barricade: Damage taken is[NL]halved after first being struck.
0x0EE9	Puissance: +3 Damage when the user's[NL]Strength is higher than the enemy's.
0x0EF3	Charge: Gain +1 damage for[NL]every two squares moved.
0x0EFC	Powerstaff: Get another action[NL]after using a staff.[NL]
0x0F04	Sagittae
0x0F05	Seraphim
0x0F15	Total number of leadership stars[NL]for enemy units.
0x0F18	Orland's
0x0F1E	Imperial soldiers fighting[NL]for the Empire of Nevan.
0x0F20	Javora
0x0F24	Blaine
0x0F26	Sigrid
0x0F27	Heiress to the Lomsk throne.[NL]Playful, yet poised.
0x0F2A	Belaro
0x0F2D	Mahala
0x0F3F	Power Ring
0x0F44	Boosts ally's [NL]crit for 1 turn.
0x0F45	Dodge Ring
0x0F47	Light Rune
0x0F53	A few hours later...[A]
0x0F84	Darien
0x0F85	Lord of Nabokov.[NL]Something of a coward.
0x0F9A	Play
0x0F9E	Cleave Bow
0x0FA7	[0A][10][14][NL]Quick! There's an opening.[A][NL]Push through, everyone![NL]We will live to fight another day![A]
0x1010	Duck
0x1030	Meanwhile, in Castle Belaro...[A]
0x1035	Otilie
0x104A	Oosterhout
0x106B	[0C][10][0D][NL][0C]Commander...[NL]I wasn't... ready...[A][0C][11]
0x1076	High-flying knights vulnerable only to[NL]bows and magic. Equip: Axes.
0x1095	Pirate
0x109A	Timmonen, The Strategist[X]
0x109B	Cassius, Mystery Druid[X]
0x109D	Zakawat, Hermit Sage[X]
0x10A3	Otilie, Loving Thief[X]
0x10A5	Lori, Lord of Ofenloch
0x10A6	Onderdonk, Curry Lover[X]
0x10AA	Round 2 Mario Tennis
0x10AC	Boss (Super Bomberman)
0x10B3	[0C][10][14][NL][0C]No! We can't keep fighting[NL]like this... The reinforcements...[A][NL]They're going to get us.[NL]Everyone! We must retreat![A][NL]Blast... the town is lost![A][0C][11]
0x10B8	[0C][10]V[NL][0C]Keep coming![NL]I can take you all![A][NL]I'm not giving up...[NL]Even if I'm...[A][NL]slowly... losing... ugh...[A][0C][11]
0x10C5	Prisoner
0x10D0	[09][10]D[NL][09]Our ambitions...[NL]Will they be... unfulfilled?[A]
0x10D3	Noble of Belaro.[NL]Bookish, yet charming.
0x10D7	[09][10]4[NL][09]You... You're![A][NL]How did you [NL]get here?![A][09][11][0C][10]R[NL][0C]It doesn't matter.[NL]This will end.[A][0C][11][09][10]4[NL][09]You won't get away[NL]this time![A][09][11]
0x10E2	Valdez
0x10F8	[0C][10]T[NL][0C]Don't try me, lad.[A][NL]I'll protect this boat[NL]with my life![A][0C][11]
0x1100	Fredericks
0x1103	[09][10]L[NL][09]You're like a wound I've[NL]let fester for too long...[A][NL]I will end this here![NL]For Belaro![A][09][11]
0x1116	Batari
0x1124	Augustyn
0x112F	A dark mage from[NL]a mysterious cult.
0x114B	Wife
0x1160	Reichard
0x1170	Spirit
0x1177	[09][10]^[NL][09]My home...[NL]Sniff...[A][NL]Thanks for helping[NL]me get outta here.[A][09][11]
0x1184	Trek
0x118F	[09][10][02][NL][09]Alright, we did what[NL]we could. Let's go![A]
0x1195	Sixteen years later...[A]
0x1199	Play
0x119C	Dragonbane
0x119D	Ma Dao
0x11A1	Lori
0x11A4	Second-in-command to Chief[NL]Waluyo of Kuching.
0x11A5	Grants charisma skill. Brave effect.
0x11C3	Rodman
0x11F3	A hefty chicken with a[NL]preference for corn.
0x11F6	Garath
0x11F7	A large, reckless chicken.[NL]Doesn't listen well.
0x11F8	Gerald
0x11FA	Olyn
0x11FB	A quiet hen.[NL]Prefers to be alone.
0x121F	Sea Lion's
0x122B	Cygnus
0x122C	Proud father and skilled[NL]woodcutter. Dedicated.
0x122D	Maelle
0x1230	Scholar from Orebro.[NL]Knowledgable in history.
0x1232	A hunter from Kuching.[NL]A self-sufficient loner.
0x1234	A raider from Nevan.[NL]Has a disdain for authority.
0x1237	Tompkins
0x126A	[09][10][14][NL][09]Quickly! We must keep moving![A][09][11]
0x126C	Teal Gem
0x126F	Heckin' Honeydew
0x1274	Cygnus, Forest Dweller
0x1278	Maelle, The Healer
0x128B	Miasma
0x12A1	Cashew
0x12CF	Ending (Ripple Island)
0x13F7	A merchant from Balti.[NL]Thinks he is famous.
0x13FB	A merchant specializing in[NL]books and tomes.
0x1407	Merchant
0x141B	Six years ago...[A]
0x143F	Dark Blade
0x144C	[0C][10][FF][FF][0C]Hm? What's this?[NL]Could be useful.[A]
0x14A4	Part 1
0x14A5	Part 2
0x14A6	Part 3
0x14A7	Part 4
0x14BC	Ch. 10
0x14BD	Ch. 11
